patient_id,doc_id,note_text,entities_json,dates_json,relative_dates_json
1,0,"Ultrasound (30nd Jun 2024): no significant findings.imp: asthma

She denies any nausea, vomiting, or diarrhea.
C Patient reports compliance with current medication regimen. Basic metabolic panel within normal limits with sodium 140, potassium 4.2, creatinine 0.9.
Patient is afebrile with normal vital signs. T (02nd Aug 2024): reveals asthma.imp: asthma

X-ray (12nd Sep 2024): shows 3.1cm mass in brain.imp: pituitary_adenoma

CLINIC VISIT (16 Sep'24): nausea/vomiting worsening confirmed rheumatoid_arthritis switch to aspirin

Past medical history is non-contributory.
URGENT REVIEW (23rd Oct 2024): headache x1 day.r Will order additional laboratory studies at next visit if symptoms persist. Heart: Regular rate and rhythm, no murmurs. Patient has a history of meningitis. GI: Bowel sounds present in all four quadrants.
 Liver function tests show mild elevation in ALT and AST, likely due to medication effect.Chest X-ray reveals clear lung fields without infiltrates or effusions. No hepatosplenomegaly.
She denies any nausea, vomiting, or diarrhea. Patient advised to maintain a symptom diary for review at next appointment. esolving pneumonia

Medications were reconciled during the visit.
F/U (16st Nov 2024): improved.rule out pituitary_adenoma observe and reassess

X-ray (17.12.24): reveals GERD.imp: GERD","[{""id"": ""ent_1"", ""value"": ""asthma"", ""preferred_name"": ""Asthma"", ""cui"": ""195967001"", ""category"": ""disorder"", ""negated"": false, ""subject"": ""Patient"", ""start"": 57, ""end"": 63}, {""id"": ""ent_2"", ""value"": ""nausea, vomiting"", ""preferred_name"": ""Nausea and vomiting"", ""cui"": ""16932000"", ""category"": ""disorder"", ""negated"": false, ""subject"": ""Patient"", ""start"": 80, ""end"": 96}, {""id"": ""ent_3"", ""value"": ""diarrhea"", ""preferred_name"": ""Diarrhea"", ""cui"": ""62315008"", ""category"": ""finding"", ""negated"": false, ""subject"": ""Patient"", ""start"": 101, ""end"": 109}, {""id"": ""ent_4"", ""value"": ""normal vital signs"", ""preferred_name"": ""Normal vital signs"", ""cui"": ""72970002"", ""category"": ""finding"", ""negated"": false, ""subject"": ""Patient"", ""start"": 289, ""end"": 307}, {""id"": ""ent_5"", ""value"": ""asthma"", ""preferred_name"": ""Asthma"", ""cui"": ""195967001"", ""category"": ""disorder"", ""negated"": false, ""subject"": ""Other"", ""start"": 336, ""end"": 342}, {""id"": ""ent_6"", ""value"": ""asthma"", ""preferred_name"": ""Asthma"", ""cui"": ""195967001"", ""category"": ""disorder"", ""negated"": false, ""subject"": ""Patient"", ""start"": 348, ""end"": 354}, {""id"": ""ent_7"", ""value"": ""pituitary_adenoma"", ""preferred_name"": ""Pituitary adenoma"", ""cui"": ""254956000"", ""category"": ""disorder"", ""negated"": false, ""subject"": ""Patient"", ""start"": 410, ""end"": 427}, {""id"": ""ent_8"", ""value"": ""nausea/vomiting"", ""preferred_name"": ""Nausea and vomiting"", ""cui"": ""16932000"", ""category"": ""disorder"", ""negated"": false, ""subject"": ""Patient"", ""start"": 455, ""end"": 470}, {""id"": ""ent_9"", ""value"": ""rheumatoid_arthritis"", ""preferred_name"": ""Rheumatoid arthritis"", ""cui"": ""69896004"", ""category"": ""disorder"", ""negated"": false, ""subject"": ""Patient"", ""start"": 491, ""end"": 511}, {""id"": ""ent_10"", ""value"": ""aspirin"", ""preferred_name"": ""Aspirin"", ""cui"": ""387458008"", ""category"": ""substance"", ""negated"": false, ""subject"": ""Patient"", ""start"": 522, ""end"": 529}, {""id"": ""ent_11"", ""value"": ""headache"", ""preferred_name"": ""Headache"", ""cui"": ""25064002"", ""category"": ""finding"", ""negated"": false, ""subject"": ""Patient"", ""start"": 604, ""end"": 612}, {""id"": ""ent_12"", ""value"": ""murmurs"", ""preferred_name"": ""Murmur"", ""cui"": ""414786004"", ""category"": ""finding"", ""negated"": false, ""subject"": ""Patient"", ""start"": 733, ""end"": 740}, {""id"": ""ent_13"", ""value"": ""infiltrates"", ""preferred_name"": ""Radiologic infiltrate of lung"", ""cui"": ""409609008"", ""category"": ""disorder"", ""negated"": false, ""subject"": ""Other"", ""start"": 963, ""end"": 974}, {""id"": ""ent_14"", ""value"": ""effusions"", ""preferred_name"": ""Effusion"", ""cui"": ""430869004"", ""category"": ""substance"", ""negated"": false, ""subject"": ""Other"", ""start"": 978, ""end"": 987}, {""id"": ""ent_15"", ""value"": ""hepatosplenomegaly"", ""preferred_name"": ""Hepatosplenomegaly"", ""cui"": ""36760000"", ""category"": ""disorder"", ""negated"": false, ""subject"": ""Patient"", ""start"": 992, ""end"": 1010}, {""id"": ""ent_16"", ""value"": ""nausea, vomiting"", ""preferred_name"": ""Nausea and vomiting"", ""cui"": ""16932000"", ""category"": ""disorder"", ""negated"": false, ""subject"": ""Patient"", ""start"": 1027, ""end"": 1043}, {""id"": ""ent_17"", ""value"": ""diarrhea"", ""preferred_name"": ""Diarrhea"", ""cui"": ""62315008"", ""category"": ""finding"", ""negated"": false, ""subject"": ""Patient"", ""start"": 1048, ""end"": 1056}, {""id"": ""ent_18"", ""value"": ""next appointment"", ""preferred_name"": ""Next appointment"", ""cui"": ""390840006"", ""category"": ""finding"", ""negated"": false, ""subject"": ""Patient"", ""start"": 1116, ""end"": 1132}, {""id"": ""ent_19"", ""value"": ""pituitary_adenoma"", ""preferred_name"": ""Pituitary adenoma"", ""cui"": ""254956000"", ""category"": ""disorder"", ""negated"": false, ""subject"": ""Patient"", ""start"": 1239, ""end"": 1256}, {""id"": ""ent_20"", ""value"": ""GERD"", ""preferred_name"": ""Gastroesophageal reflux disease"", ""cui"": ""235595009"", ""category"": ""disorder"", ""negated"": false, ""subject"": ""Other"", ""start"": 1305, ""end"": 1309}, {""id"": ""ent_21"", ""value"": ""GERD"", ""preferred_name"": ""Gastroesophageal reflux disease"", ""cui"": ""235595009"", ""category"": ""disorder"", ""negated"": false, ""subject"": ""Patient"", ""start"": 1315, ""end"": 1319}]","[{""id"": ""abs_1"", ""value"": ""Jun 2024"", ""start"": 17, ""end"": 25}, {""id"": ""abs_2"", ""value"": ""Aug 2024"", ""start"": 317, ""end"": 325}, {""id"": ""abs_3"", ""value"": ""Sep 2024"", ""start"": 368, ""end"": 376}, {""id"": ""abs_4"", ""value"": ""Oct 2024"", ""start"": 593, ""end"": 601}, {""id"": ""abs_5"", ""value"": ""Nov 2024"", ""start"": 1210, ""end"": 1218}]",[]
2,1,"Labs (27th Sep 2024): anemia. resolving  Skin: No rashes, lesions, or abnormal pigmentation. Good turgor and hydration. Lymphatic: No cervical, axillary, or inguinal lymphadenopathy. Respiratory: Clear to auscultation bilaterally. No wheezes, rales, or rhonchi. Assessment includes congenital malformation. multiple_sclerosis

Phone note((22/11/24)): relapse.
EKG shows normal sinus rhythm without ST changes or conduction abnormalities. taper medication

URGENT REVIEW (26/12/24): weight loss. Will order additional laboratory studies at next visit if symptoms persist. likely bronchitis

URGENT REVIEW (26 Jan 2025): chest pain. resolving multiple_sclerosis

F/U (29th Jan 2025): sta Patient is afebrile with normal vital signs. Skin: No rashes, lesions, or abnormal pigmentation. Good turgor and hydration. Patient was instructed on proper medication administration techniques. ble. suspect tension_headache taper medication

Labs (16/02/25): elevated CRP. consistent w/ GERD

Recommended lifestyle modifications including diet changes and regular exercise.
Follow-up appointment scheduled in 3 months.
MRI of the brain demonstrates age-appropriate atrophy without evidence of mass or stroke.
Musculoskeletal: Full range of motion in all extremities. No edema or deformity noted.
Labs (29-03-2025): elevated CRP. confirmed rheumatoid_arthritis","[{""id"": ""ent_1"", ""value"": ""anemia"", ""preferred_name"": ""Anemia"", ""cui"": ""271737000"", ""category"": ""disorder"", ""negated"": false, ""subject"": ""Patient"", ""start"": 22, ""end"": 28}, {""id"": ""ent_2"", ""value"": ""rashes"", ""preferred_name"": ""Eruption of skin"", ""cui"": ""271807003"", ""category"": ""disorder"", ""negated"": false, ""subject"": ""Patient"", ""start"": 50, ""end"": 56}, {""id"": ""ent_3"", ""value"": ""inguinal lymphadenopathy"", ""preferred_name"": ""Inguinal lymphadenopathy"", ""cui"": ""127199000"", ""category"": ""disorder"", ""negated"": false, ""subject"": ""Patient"", ""start"": 157, ""end"": 181}, {""id"": ""ent_4"", ""value"": ""wheezes"", ""preferred_name"": ""Wheezing"", ""cui"": ""56018004"", ""category"": ""finding"", ""negated"": false, ""subject"": ""Patient"", ""start"": 234, ""end"": 241}, {""id"": ""ent_5"", ""value"": ""rales"", ""preferred_name"": ""Respiratory crackles"", ""cui"": ""48409008"", ""category"": ""finding"", ""negated"": false, ""subject"": ""Patient"", ""start"": 243, ""end"": 248}, {""id"": ""ent_6"", ""value"": ""rhonchi"", ""preferred_name"": ""Wheeze - rhonchi"", ""cui"": ""24612001"", ""category"": ""finding"", ""negated"": false, ""subject"": ""Patient"", ""start"": 253, ""end"": 260}, {""id"": ""ent_7"", ""value"": ""congenital malformation"", ""preferred_name"": ""Congenital malformation"", ""cui"": ""276654001"", ""category"": ""disorder"", ""negated"": false, ""subject"": ""Patient"", ""start"": 282, ""end"": 305}, {""id"": ""ent_8"", ""value"": ""multiple_sclerosis"", ""preferred_name"": ""Multiple sclerosis"", ""cui"": ""24700007"", ""category"": ""disorder"", ""negated"": false, ""subject"": ""Patient"", ""start"": 307, ""end"": 325}, {""id"": ""ent_9"", ""value"": ""normal sinus rhythm"", ""preferred_name"": ""Normal sinus rhythm"", ""cui"": ""64730000"", ""category"": ""finding"", ""negated"": false, ""subject"": ""Patient"", ""start"": 370, ""end"": 389}, {""id"": ""ent_10"", ""value"": ""conduction abnormalities"", ""preferred_name"": ""Abnormal cardiac conduction"", ""cui"": ""36358004"", ""category"": ""finding"", ""negated"": false, ""subject"": ""Patient"", ""start"": 412, ""end"": 436}, {""id"": ""ent_11"", ""value"": ""weight loss"", ""preferred_name"": ""Weight loss"", ""cui"": ""89362005"", ""category"": ""finding"", ""negated"": false, ""subject"": ""Patient"", ""start"": 482, ""end"": 493}, {""id"": ""ent_12"", ""value"": ""bronchitis"", ""preferred_name"": ""Bronchitis"", ""cui"": ""32398004"", ""category"": ""disorder"", ""negated"": false, ""subject"": ""Patient"", ""start"": 578, ""end"": 588}, {""id"": ""ent_13"", ""value"": ""chest pain"", ""preferred_name"": ""Chest pain"", ""cui"": ""29857009"", ""category"": ""finding"", ""negated"": false, ""subject"": ""Patient"", ""start"": 619, ""end"": 629}, {""id"": ""ent_14"", ""value"": ""multiple_sclerosis"", ""preferred_name"": ""Multiple sclerosis"", ""cui"": ""24700007"", ""category"": ""disorder"", ""negated"": false, ""subject"": ""Patient"", ""start"": 641, ""end"": 659}, {""id"": ""ent_15"", ""value"": ""normal vital signs"", ""preferred_name"": ""Normal vital signs"", ""cui"": ""72970002"", ""category"": ""finding"", ""negated"": false, ""subject"": ""Patient"", ""start"": 711, ""end"": 729}, {""id"": ""ent_16"", ""value"": ""rashes"", ""preferred_name"": ""Eruption of skin"", ""cui"": ""271807003"", ""category"": ""disorder"", ""negated"": false, ""subject"": ""Patient"", ""start"": 740, ""end"": 746}, {""id"": ""ent_17"", ""value"": ""tension_headache"", ""preferred_name"": ""Tension-type headache"", ""cui"": ""398057008"", ""category"": ""disorder"", ""negated"": false, ""subject"": ""Patient"", ""start"": 894, ""end"": 910}, {""id"": ""ent_18"", ""value"": ""elevated CRP"", ""preferred_name"": ""Elevated C-reactive protein"", ""cui"": ""119971000119104"", ""category"": ""finding"", ""negated"": false, ""subject"": ""Patient"", ""start"": 946, ""end"": 958}, {""id"": ""ent_19"", ""value"": ""GERD"", ""preferred_name"": ""Gastroesophageal reflux disease"", ""cui"": ""235595009"", ""category"": ""disorder"", ""negated"": false, ""subject"": ""Patient"", ""start"": 974, ""end"": 978}, {""id"": ""ent_20"", ""value"": ""lifestyle"", ""preferred_name"": ""Lifestyle"", ""cui"": ""134436002"", ""category"": ""finding"", ""negated"": false, ""subject"": ""Patient"", ""start"": 992, ""end"": 1001}, {""id"": ""ent_21"", ""value"": ""diet"", ""preferred_name"": ""Dietary finding"", ""cui"": ""41829006"", ""category"": ""finding"", ""negated"": false, ""subject"": ""Patient"", ""start"": 1026, ""end"": 1030}, {""id"": ""ent_22"", ""value"": ""stroke"", ""preferred_name"": ""Cerebrovascular accident"", ""cui"": ""230690007"", ""category"": ""disorder"", ""negated"": false, ""subject"": ""Patient"", ""start"": 1188, ""end"": 1194}, {""id"": ""ent_23"", ""value"": ""Musculoskeletal"", ""preferred_name"": ""Musculoskeletal finding"", ""cui"": ""106028002"", ""category"": ""finding"", ""negated"": false, ""subject"": ""Patient"", ""start"": 1196, ""end"": 1211}, {""id"": ""ent_24"", ""value"": ""deformity"", ""preferred_name"": ""Deformity"", ""cui"": ""417893002"", ""category"": ""finding"", ""negated"": false, ""subject"": ""Patient"", ""start"": 1266, ""end"": 1275}, {""id"": ""ent_25"", ""value"": ""elevated CRP"", ""preferred_name"": ""Elevated C-reactive protein"", ""cui"": ""119971000119104"", ""category"": ""finding"", ""negated"": false, ""subject"": ""Patient"", ""start"": 1302, ""end"": 1314}, {""id"": ""ent_26"", ""value"": ""rheumatoid_arthritis"", ""preferred_name"": ""Rheumatoid arthritis"", ""cui"": ""69896004"", ""category"": ""disorder"", ""negated"": false, ""subject"": ""Patient"", ""start"": 1326, ""end"": 1346}]","[{""id"": ""abs_1"", ""value"": ""Sep 2024"", ""start"": 11, ""end"": 19}, {""id"": ""abs_2"", ""value"": ""22/11/24"", ""start"": 339, ""end"": 347}, {""id"": ""abs_3"", ""value"": ""26/12/24"", ""start"": 471, ""end"": 479}, {""id"": ""abs_4"", ""value"": ""Jan 2025"", ""start"": 608, ""end"": 616}, {""id"": ""abs_5"", ""value"": ""Jan 2025"", ""start"": 671, ""end"": 679}, {""id"": ""abs_6"", ""value"": ""16/02/25"", ""start"": 935, ""end"": 943}, {""id"": ""abs_7"", ""value"": ""29-03-2025"", ""start"": 1289, ""end"": 1299}]","[{""id"": ""rel_1"", ""value"": ""3 months"", ""start"": 1096, ""end"": 1104, ""pattern_type"": ""numeric_simple""}]"
3,2,"URGENT REVIEW (2024-10-04): cough. suspect osteoarthritis


Patient tolerated the procedure well.New patient((10nd Nov 2024)): pt presents w/ cough. rule out bronchitis

 Patient tolerated the procedure well.PET scan (21-11-2024): evidence of hemorrhage. imp: GERD

Visit((12nd Jan 2025)): pt presents w/ weight gain. new dx of diabetes_mellitus

 Referral placed for physical therapy twice weekly for 6 weeks.CLINIC VISIT (23rd Feb 2025): frequent urination fluctuating consistent w/ anemia schedule MRI

 Will order additional laboratory studies at next visit if symptoms persist.Labs (04.04.25): normal chemistry panel. rule out depression

Patient given educational materials regarding disease management.
F/U (07.05.25): slightly improved. unclear etiology,could be She denies any nausea, vomiting, or diarrhea. MRI of the brain demonstrates age-appropriate atrophy without evidence of ma Urinalysis negative for blood, protein, and leukocyte esterase. Abdomen: Soft, non-tender, non-distended. ss or stroke. HEENT: Normocephalic, atraumatic. Pupils equal, round, and reactive to light.
Recommended lifestyle modifications including diet changes and regular exercise.  COPD vs hyperlipidemia switch to topiramate

CLINIC VISIT (19/05/25): fever fluctuating unclear etiology,could be IBS vs anemia schedule CT","[{""id"": ""ent_1"", ""value"": ""cough"", ""preferred_name"": ""Cough"", ""cui"": ""49727002"", ""category"": ""finding"", ""negated"": false, ""subject"": ""Patient"", ""start"": 28, ""end"": 33}, {""id"": ""ent_2"", ""value"": ""osteoarthritis"", ""preferred_name"": ""Osteoarthritis"", ""cui"": ""396275006"", ""category"": ""disorder"", ""negated"": false, ""subject"": ""Other"", ""start"": 43, ""end"": 57}, {""id"": ""ent_3"", ""value"": ""cough"", ""preferred_name"": ""Cough"", ""cui"": ""49727002"", ""category"": ""finding"", ""negated"": false, ""subject"": ""Other"", ""start"": 142, ""end"": 147}, {""id"": ""ent_4"", ""value"": ""bronchitis"", ""preferred_name"": ""Bronchitis"", ""cui"": ""32398004"", ""category"": ""disorder"", ""negated"": false, ""subject"": ""Other"", ""start"": 158, ""end"": 168}, {""id"": ""ent_5"", ""value"": ""GERD"", ""preferred_name"": ""Gastroesophageal reflux disease"", ""cui"": ""235595009"", ""category"": ""disorder"", ""negated"": false, ""subject"": ""Other"", ""start"": 260, ""end"": 264}, {""id"": ""ent_6"", ""value"": ""weight gain"", ""preferred_name"": ""Weight gain"", ""cui"": ""8943002"", ""category"": ""finding"", ""negated"": false, ""subject"": ""Patient"", ""start"": 305, ""end"": 316}, {""id"": ""ent_7"", ""value"": ""diabetes_mellitus"", ""preferred_name"": ""Diabetes mellitus"", ""cui"": ""73211009"", ""category"": ""disorder"", ""negated"": false, ""subject"": ""Other"", ""start"": 328, ""end"": 345}, {""id"": ""ent_8"", ""value"": ""frequent urination"", ""preferred_name"": ""Increased frequency of urination"", ""cui"": ""162116003"", ""category"": ""finding"", ""negated"": false, ""subject"": ""Patient"", ""start"": 440, ""end"": 458}, {""id"": ""ent_9"", ""value"": ""anemia"", ""preferred_name"": ""Anemia"", ""cui"": ""271737000"", ""category"": ""disorder"", ""negated"": false, ""subject"": ""Patient"", ""start"": 485, ""end"": 491}, {""id"": ""ent_10"", ""value"": ""depression"", ""preferred_name"": ""Depressive disorder"", ""cui"": ""35489007"", ""category"": ""disorder"", ""negated"": false, ""subject"": ""Other"", ""start"": 632, ""end"": 642}, {""id"": ""ent_11"", ""value"": ""materials"", ""preferred_name"": ""Material"", ""cui"": ""260769002"", ""category"": ""substance"", ""negated"": false, ""subject"": ""Other"", ""start"": 670, ""end"": 679}, {""id"": ""ent_12"", ""value"": ""nausea, vomiting"", ""preferred_name"": ""Nausea and vomiting"", ""cui"": ""16932000"", ""category"": ""disorder"", ""negated"": false, ""subject"": ""Patient"", ""start"": 786, ""end"": 802}, {""id"": ""ent_13"", ""value"": ""diarrhea"", ""preferred_name"": ""Diarrhea"", ""cui"": ""62315008"", ""category"": ""finding"", ""negated"": false, ""subject"": ""Patient"", ""start"": 807, ""end"": 815}, {""id"": ""ent_14"", ""value"": ""lifestyle"", ""preferred_name"": ""Lifestyle"", ""cui"": ""134436002"", ""category"": ""finding"", ""negated"": false, ""subject"": ""Other"", ""start"": 1104, ""end"": 1113}, {""id"": ""ent_15"", ""value"": ""diet"", ""preferred_name"": ""Dietary finding"", ""cui"": ""41829006"", ""category"": ""finding"", ""negated"": false, ""subject"": ""Other"", ""start"": 1138, ""end"": 1142}, {""id"": ""ent_16"", ""value"": ""COPD"", ""preferred_name"": ""Chronic obstructive lung disease"", ""cui"": ""13645005"", ""category"": ""disorder"", ""negated"": false, ""subject"": ""Patient"", ""start"": 1174, ""end"": 1178}, {""id"": ""ent_17"", ""value"": ""hyperlipidemia"", ""preferred_name"": ""Hyperlipidemia"", ""cui"": ""55822004"", ""category"": ""disorder"", ""negated"": false, ""subject"": ""Other"", ""start"": 1182, ""end"": 1196}, {""id"": ""ent_18"", ""value"": ""topiramate"", ""preferred_name"": ""Topiramate"", ""cui"": ""386844006"", ""category"": ""substance"", ""negated"": false, ""subject"": ""Patient"", ""start"": 1207, ""end"": 1217}, {""id"": ""ent_19"", ""value"": ""fever"", ""preferred_name"": ""Fever"", ""cui"": ""386661006"", ""category"": ""finding"", ""negated"": false, ""subject"": ""Patient"", ""start"": 1244, ""end"": 1249}, {""id"": ""ent_20"", ""value"": ""IBS"", ""preferred_name"": ""Irritable bowel syndrome"", ""cui"": ""10743008"", ""category"": ""disorder"", ""negated"": false, ""subject"": ""Other"", ""start"": 1288, ""end"": 1291}, {""id"": ""ent_21"", ""value"": ""anemia"", ""preferred_name"": ""Anemia"", ""cui"": ""271737000"", ""category"": ""disorder"", ""negated"": false, ""subject"": ""Other"", ""start"": 1295, ""end"": 1301}]","[{""id"": ""abs_1"", ""value"": ""2024-10"", ""start"": 15, ""end"": 22}, {""id"": ""abs_2"", ""value"": ""Nov 2024"", ""start"": 115, ""end"": 123}, {""id"": ""abs_3"", ""value"": ""21-11-2024"", ""start"": 218, ""end"": 228}, {""id"": ""abs_4"", ""value"": ""Jan 2025"", ""start"": 278, ""end"": 286}, {""id"": ""abs_5"", ""value"": ""Feb 2025"", ""start"": 429, ""end"": 437}, {""id"": ""abs_6"", ""value"": ""19/05/25"", ""start"": 1233, ""end"": 1241}]","[{""id"": ""rel_1"", ""value"": ""6 weeks"", ""start"": 402, ""end"": 409, ""pattern_type"": ""numeric_simple""}]"
4,3,"URGENT REVIEW (13rd Feb 2025) MRI of the brain demonstrates age-appropriate atrophy without evidence of mass or stroke. HEENT: Normocephalic, atraumatic. Pupils equal, round, and reactive to light. GI: Bowel sounds present in all four quadrants.
Lymphatic: No cervical, axillary, or inguinal lymphadenopathy. No hepatosplenomegaly. The patient's vital signs are stable. Labs from this morning were unremarkable. : visual changes. likely schizophrenia

Labs (05-03-2025): WBC elevated. like Medication dosages were adjusted based on recent laboratory findings. Medications were reconciled during the visit. ly COPD

 Patient reports compliance with current medication regimen.Cardiology CONSULT (09 Apr 2025): unclear etiology, could be stroke vs microadenoma follow up in 6 months

 Will order additional laboratory studies at next visit if symptoms persist.CT scan of the head shows no acute intracranial abnormalities.
Current medications include: lisinopril 10mg daily, metformin 500mg twice daily, and atorvastatin 20mg at bedtime.
 A review of systems was otherwise negative.X-ray (28st May 2025): no significant findings. imp: multiple_sclerosis

Psychiatric: Alert and oriented x3. Mood and affect appropriate.
URGENT REVIEW (27rd Jun 2025): fatigue. Medications were reconciled during the visit. consistent with IBS","[{""id"": ""ent_1"", ""value"": ""stroke"", ""preferred_name"": ""Cerebrovascular accident"", ""cui"": ""230690007"", ""category"": ""disorder"", ""negated"": false, ""subject"": ""Other"", ""start"": 112, ""end"": 118}, {""id"": ""ent_2"", ""value"": ""inguinal lymphadenopathy"", ""preferred_name"": ""Inguinal lymphadenopathy"", ""cui"": ""127199000"", ""category"": ""disorder"", ""negated"": false, ""subject"": ""Patient"", ""start"": 283, ""end"": 307}, {""id"": ""ent_3"", ""value"": ""hepatosplenomegaly"", ""preferred_name"": ""Hepatosplenomegaly"", ""cui"": ""36760000"", ""category"": ""disorder"", ""negated"": false, ""subject"": ""Other"", ""start"": 312, ""end"": 330}, {""id"": ""ent_4"", ""value"": ""vital signs"", ""preferred_name"": ""Vital signs finding"", ""cui"": ""118227000"", ""category"": ""finding"", ""negated"": false, ""subject"": ""Other"", ""start"": 346, ""end"": 357}, {""id"": ""ent_5"", ""value"": ""schizophrenia"", ""preferred_name"": ""Schizophrenia"", ""cui"": ""58214004"", ""category"": ""disorder"", ""negated"": false, ""subject"": ""Other"", ""start"": 437, ""end"": 450}, {""id"": ""ent_6"", ""value"": ""WBC elevated"", ""preferred_name"": ""Increased blood leukocyte number"", ""cui"": ""414478003"", ""category"": ""finding"", ""negated"": false, ""subject"": ""Patient"", ""start"": 471, ""end"": 483}, {""id"": ""ent_7"", ""value"": ""COPD"", ""preferred_name"": ""Chronic obstructive lung disease"", ""cui"": ""13645005"", ""category"": ""disorder"", ""negated"": false, ""subject"": ""Other"", ""start"": 609, ""end"": 613}, {""id"": ""ent_8"", ""value"": ""lisinopril"", ""preferred_name"": ""Lisinopril"", ""cui"": ""386873009"", ""category"": ""substance"", ""negated"": false, ""subject"": ""Other"", ""start"": 950, ""end"": 960}, {""id"": ""ent_9"", ""value"": ""metformin"", ""preferred_name"": ""Metformin"", ""cui"": ""372567009"", ""category"": ""substance"", ""negated"": false, ""subject"": ""Other"", ""start"": 973, ""end"": 982}, {""id"": ""ent_10"", ""value"": ""atorvastatin"", ""preferred_name"": ""Atorvastatin"", ""cui"": ""373444002"", ""category"": ""substance"", ""negated"": false, ""subject"": ""Other"", ""start"": 1006, ""end"": 1018}, {""id"": ""ent_11"", ""value"": ""multiple_sclerosis"", ""preferred_name"": ""Multiple sclerosis"", ""cui"": ""24700007"", ""category"": ""disorder"", ""negated"": false, ""subject"": ""Patient"", ""start"": 1133, ""end"": 1151}, {""id"": ""ent_12"", ""value"": ""fatigue"", ""preferred_name"": ""Fatigue"", ""cui"": ""84229001"", ""category"": ""finding"", ""negated"": false, ""subject"": ""Patient"", ""start"": 1249, ""end"": 1256}, {""id"": ""ent_13"", ""value"": ""IBS"", ""preferred_name"": ""Irritable bowel syndrome"", ""cui"": ""10743008"", ""category"": ""disorder"", ""negated"": false, ""subject"": ""Other"", ""start"": 1320, ""end"": 1323}]","[{""id"": ""abs_1"", ""value"": ""Feb 2025"", ""start"": 20, ""end"": 28}, {""id"": ""abs_2"", ""value"": ""05-03-2025"", ""start"": 458, ""end"": 468}, {""id"": ""abs_3"", ""value"": ""Apr 2025"", ""start"": 698, ""end"": 706}, {""id"": ""abs_4"", ""value"": ""May 2025"", ""start"": 1092, ""end"": 1100}, {""id"": ""abs_5"", ""value"": ""Jun 2025"", ""start"": 1238, ""end"": 1246}]","[{""id"": ""rel_1"", ""value"": ""this morning"", ""start"": 377, ""end"": 389, ""pattern_type"": ""part_of_day""}, {""id"": ""rel_2"", ""value"": ""6 months"", ""start"": 769, ""end"": 777, ""pattern_type"": ""numeric_simple""}]"
5,4,"New pt((18/11/24)): pt presents with nausea/vomiting.new di Recommended lifestyle modifications including diet changes and regular exercise. Patient was instructed on proper medication administration techniques. Patient has a history of neoplasm of pituitary gland.
The patient was counseled on lifestyle modifications.
GI: Bowel sounds present in all four quadrants. pituitary macroadenoma was discussed. No hepatosplenomegaly. agnosis of diabetes_mellitus
 MRI of the brain demonstrates age-appropriate atrophy without evidence of mass or stroke.

Patient is afebrile with normal vital signs.Patient reports compliance with current medication regimen.

Lungs clear to auscultation bilaterally.Phone note((2024-12-14)): improved.increase dose
 She denies any nausea, vomiting, or diarrhea.


Complete blood count shows WBC 7.2, Hgb 13.5, Plt 250.Liver function tests show mild elevation in ALT and AST, likely due to medication effect.
 Patient was instructed on proper medication administration techniques.
Labs from this morning were unremarkable.Past medical history is non-contributory. Noted congenital malformation in medical history.

Current medications include: lisinopril 10mg daily, metformin 500mg twice daily, and atorvastatin 20mg at bedtime. Patient has a history of cerebral hemorrhage. Patient has a history of disorder of optic nerve.
Urinalysis negative for blood, protein, and leukocyte esterase.Urinalysis negative for blood, protein, and leukocyte esterase.F/U (12/02/25): unchanged.consistent with diabetes_mellitus continue current medications","[{""id"": ""ent_1"", ""value"": ""nausea/vomiting"", ""preferred_name"": ""Nausea and vomiting"", ""cui"": ""16932000"", ""category"": ""disorder"", ""negated"": false, ""subject"": ""Patient"", ""start"": 37, ""end"": 52}, {""id"": ""ent_2"", ""value"": ""lifestyle"", ""preferred_name"": ""Lifestyle"", ""cui"": ""134436002"", ""category"": ""finding"", ""negated"": false, ""subject"": ""Other"", ""start"": 72, ""end"": 81}, {""id"": ""ent_3"", ""value"": ""diet"", ""preferred_name"": ""Dietary finding"", ""cui"": ""41829006"", ""category"": ""finding"", ""negated"": false, ""subject"": ""Other"", ""start"": 106, ""end"": 110}, {""id"": ""ent_4"", ""value"": ""lifestyle"", ""preferred_name"": ""Lifestyle"", ""cui"": ""134436002"", ""category"": ""finding"", ""negated"": false, ""subject"": ""Other"", ""start"": 295, ""end"": 304}, {""id"": ""ent_5"", ""value"": ""pituitary macroadenoma"", ""preferred_name"": ""Pituitary macroadenoma"", ""cui"": ""254965007"", ""category"": ""disorder"", ""negated"": false, ""subject"": ""Other"", ""start"": 368, ""end"": 390}, {""id"": ""ent_6"", ""value"": ""hepatosplenomegaly"", ""preferred_name"": ""Hepatosplenomegaly"", ""cui"": ""36760000"", ""category"": ""disorder"", ""negated"": false, ""subject"": ""Patient"", ""start"": 409, ""end"": 427}, {""id"": ""ent_7"", ""value"": ""agnosis"", ""preferred_name"": ""Agnosia"", ""cui"": ""42341009"", ""category"": ""finding"", ""negated"": false, ""subject"": ""Other"", ""start"": 429, ""end"": 436}, {""id"": ""ent_8"", ""value"": ""diabetes_mellitus"", ""preferred_name"": ""Diabetes mellitus"", ""cui"": ""73211009"", ""category"": ""disorder"", ""negated"": false, ""subject"": ""Patient"", ""start"": 440, ""end"": 457}, {""id"": ""ent_9"", ""value"": ""stroke"", ""preferred_name"": ""Cerebrovascular accident"", ""cui"": ""230690007"", ""category"": ""disorder"", ""negated"": false, ""subject"": ""Other"", ""start"": 541, ""end"": 547}, {""id"": ""ent_10"", ""value"": ""normal vital signs"", ""preferred_name"": ""Normal vital signs"", ""cui"": ""72970002"", ""category"": ""finding"", ""negated"": false, ""subject"": ""Patient"", ""start"": 575, ""end"": 593}, {""id"": ""ent_11"", ""value"": ""nausea, vomiting"", ""preferred_name"": ""Nausea and vomiting"", ""cui"": ""16932000"", ""category"": ""disorder"", ""negated"": false, ""subject"": ""Patient"", ""start"": 760, ""end"": 776}, {""id"": ""ent_12"", ""value"": ""diarrhea"", ""preferred_name"": ""Diarrhea"", ""cui"": ""62315008"", ""category"": ""finding"", ""negated"": false, ""subject"": ""Other"", ""start"": 781, ""end"": 789}, {""id"": ""ent_13"", ""value"": ""congenital malformation"", ""preferred_name"": ""Congenital malformation"", ""cui"": ""276654001"", ""category"": ""disorder"", ""negated"": false, ""subject"": ""Patient"", ""start"": 1098, ""end"": 1121}, {""id"": ""ent_14"", ""value"": ""lisinopril"", ""preferred_name"": ""Lisinopril"", ""cui"": ""386873009"", ""category"": ""substance"", ""negated"": false, ""subject"": ""Other"", ""start"": 1172, ""end"": 1182}, {""id"": ""ent_15"", ""value"": ""metformin"", ""preferred_name"": ""Metformin"", ""cui"": ""372567009"", ""category"": ""substance"", ""negated"": false, ""subject"": ""Other"", ""start"": 1195, ""end"": 1204}, {""id"": ""ent_16"", ""value"": ""atorvastatin"", ""preferred_name"": ""Atorvastatin"", ""cui"": ""373444002"", ""category"": ""substance"", ""negated"": false, ""subject"": ""Other"", ""start"": 1228, ""end"": 1240}, {""id"": ""ent_17"", ""value"": ""disorder of optic nerve"", ""preferred_name"": ""Disorder of optic nerve"", ""cui"": ""77157004"", ""category"": ""disorder"", ""negated"": false, ""subject"": ""Patient"", ""start"": 1329, ""end"": 1352}, {""id"": ""ent_18"", ""value"": ""diabetes_mellitus"", ""preferred_name"": ""Diabetes mellitus"", ""cui"": ""73211009"", ""category"": ""disorder"", ""negated"": false, ""subject"": ""Other"", ""start"": 1522, ""end"": 1539}]","[{""id"": ""abs_1"", ""value"": ""18/11/24"", ""start"": 8, ""end"": 16}, {""id"": ""abs_2"", ""value"": ""2024-12"", ""start"": 707, ""end"": 714}, {""id"": ""abs_3"", ""value"": ""12/02/25"", ""start"": 1485, ""end"": 1493}]","[{""id"": ""rel_1"", ""value"": ""this morning"", ""start"": 1016, ""end"": 1028, ""pattern_type"": ""part_of_day""}]"
6,5,"CLINIC VISIT (2024-08-06): dizziness progressive new .dx of bipolar_disorder schedule X-ray


Neurological exam within normal limits.PET scan (29/09/24): evidence of stenosis. imp: hypothyroidism

 Patient reports occasional use of over-the-counter analgesics for pain management.She denies any nausea, vomiting, or diarrhea.


HEENT: Normocephalic, atraumatic. Pupils equal, round, and reactive to light. Urinalysis negative for blood, protein, and leukocyte esterase.Patient instructed to follow up with specialist for further evaluation.MRI of the brain demonstrates age-appropriate atrophy without evidence of mass or stroke.
Psychiatric: Alert and oriented x3. Mood and affect appropriate.
Phone note((06/11/2024)): stable.
Patient advised to maintain a symptom diary for review at next appointment. taper medication

X-ray (09st Dec 2024): reveals diabetes_mellitus. imp: diabetes_mellitus


GI: Bowel sounds present in all four quadrants. No hepatosplenomegaly.Visit((28rd Dec 2024)): pt presents with abdominal pain. confirmed anxiety

Labs (2025-02-07): low vitamin D.
The patient was advised to return if symptoms worsen. resolving pituitary_adenoma

EKG shows normal sinus rhythm without ST changes or conduction abnormalities.
Phone note((15 Feb 2025)): fluctuating. pituitary adenoma was discussed. taper medication","[{""id"": ""ent_1"", ""value"": ""dizziness"", ""preferred_name"": ""Dizziness"", ""cui"": ""404640003"", ""category"": ""finding"", ""negated"": false, ""subject"": ""Patient"", ""start"": 27, ""end"": 36}, {""id"": ""ent_2"", ""value"": ""bipolar_disorder"", ""preferred_name"": ""Bipolar disorder"", ""cui"": ""13746004"", ""category"": ""disorder"", ""negated"": false, ""subject"": ""Patient"", ""start"": 60, ""end"": 76}, {""id"": ""ent_3"", ""value"": ""hypothyroidism"", ""preferred_name"": ""Hypothyroidism"", ""cui"": ""40930008"", ""category"": ""disorder"", ""negated"": false, ""subject"": ""Patient"", ""start"": 181, ""end"": 195}, {""id"": ""ent_4"", ""value"": ""analgesics"", ""preferred_name"": ""Analgesic"", ""cui"": ""373265006"", ""category"": ""substance"", ""negated"": false, ""subject"": ""Patient"", ""start"": 249, ""end"": 259}, {""id"": ""ent_5"", ""value"": ""nausea, vomiting"", ""preferred_name"": ""Nausea and vomiting"", ""cui"": ""16932000"", ""category"": ""disorder"", ""negated"": false, ""subject"": ""Patient"", ""start"": 295, ""end"": 311}, {""id"": ""ent_6"", ""value"": ""diarrhea"", ""preferred_name"": ""Diarrhea"", ""cui"": ""62315008"", ""category"": ""finding"", ""negated"": false, ""subject"": ""Other"", ""start"": 316, ""end"": 324}, {""id"": ""ent_7"", ""value"": ""next appointment"", ""preferred_name"": ""Next appointment"", ""cui"": ""390840006"", ""category"": ""finding"", ""negated"": false, ""subject"": ""Other"", ""start"": 787, ""end"": 803}, {""id"": ""ent_8"", ""value"": ""diabetes_mellitus"", ""preferred_name"": ""Diabetes mellitus"", ""cui"": ""73211009"", ""category"": ""disorder"", ""negated"": false, ""subject"": ""Patient"", ""start"": 854, ""end"": 871}, {""id"": ""ent_9"", ""value"": ""diabetes_mellitus"", ""preferred_name"": ""Diabetes mellitus"", ""cui"": ""73211009"", ""category"": ""disorder"", ""negated"": false, ""subject"": ""Patient"", ""start"": 878, ""end"": 895}, {""id"": ""ent_10"", ""value"": ""hepatosplenomegaly"", ""preferred_name"": ""Hepatosplenomegaly"", ""cui"": ""36760000"", ""category"": ""disorder"", ""negated"": false, ""subject"": ""Other"", ""start"": 949, ""end"": 967}, {""id"": ""ent_11"", ""value"": ""abdominal pain"", ""preferred_name"": ""Abdominal pain"", ""cui"": ""21522001"", ""category"": ""finding"", ""negated"": false, ""subject"": ""Other"", ""start"": 1009, ""end"": 1023}, {""id"": ""ent_12"", ""value"": ""anxiety"", ""preferred_name"": ""Anxiety"", ""cui"": ""48694002"", ""category"": ""finding"", ""negated"": false, ""subject"": ""Patient"", ""start"": 1035, ""end"": 1042}, {""id"": ""ent_13"", ""value"": ""vitamin D"", ""preferred_name"": ""Vitamin D"", ""cui"": ""30178006"", ""category"": ""substance"", ""negated"": false, ""subject"": ""Other"", ""start"": 1067, ""end"": 1076}, {""id"": ""ent_14"", ""value"": ""pituitary_adenoma"", ""preferred_name"": ""Pituitary adenoma"", ""cui"": ""254956000"", ""category"": ""disorder"", ""negated"": false, ""subject"": ""Patient"", ""start"": 1142, ""end"": 1159}, {""id"": ""ent_15"", ""value"": ""normal sinus rhythm"", ""preferred_name"": ""Normal sinus rhythm"", ""cui"": ""64730000"", ""category"": ""finding"", ""negated"": false, ""subject"": ""Patient"", ""start"": 1171, ""end"": 1190}, {""id"": ""ent_16"", ""value"": ""conduction abnormalities"", ""preferred_name"": ""Abnormal cardiac conduction"", ""cui"": ""36358004"", ""category"": ""finding"", ""negated"": false, ""subject"": ""Patient"", ""start"": 1213, ""end"": 1237}, {""id"": ""ent_17"", ""value"": ""pituitary adenoma"", ""preferred_name"": ""Pituitary adenoma"", ""cui"": ""254956000"", ""category"": ""disorder"", ""negated"": false, ""subject"": ""Other"", ""start"": 1279, ""end"": 1296}]","[{""id"": ""abs_1"", ""value"": ""2024-08"", ""start"": 14, ""end"": 21}, {""id"": ""abs_2"", ""value"": ""29/09/24"", ""start"": 143, ""end"": 151}, {""id"": ""abs_3"", ""value"": ""06/11/2024"", ""start"": 707, ""end"": 717}, {""id"": ""abs_4"", ""value"": ""Dec 2024"", ""start"": 835, ""end"": 843}, {""id"": ""abs_5"", ""value"": ""Dec 2024"", ""start"": 980, ""end"": 988}, {""id"": ""abs_6"", ""value"": ""2025-02"", ""start"": 1050, ""end"": 1057}, {""id"": ""abs_7"", ""value"": ""Feb 2025"", ""start"": 1254, ""end"": 1262}]",[]
7,6,"New pt((08-06-2024)): pt presents w/ back pai Patient tolerated the procedure well. Patient reports occasional use of over-the-counter analgesics for pain management. Imaging studies were reviewed with the patient. cerebral hemorrhage was discussed. Will continue current medication regimen and reassess in 3 months. congenital malformation was discussed. n.consistent w/ bipolar_disorder
 Medication dosages were adjusted based on recent laboratory findings. Patient has a history of disorder of pituitary gland. Patient given educational materials regarding disease management.

Labs from this morning were unremarkable.URGENT REVIEW (03rd Jul 2024): weight gain.rule out Patient advised to maintain a symptom diary for review at next appointment. Patient tolerated the procedure well. Liver function tests show mild elevation in ALT and AST, likely due to medication effect. Patient advised to maintain a symptom diary for review at next appointment. No acute distress noted on examination. Patient given educational materials regarding disease management. Patient given educational materials regarding disease management.  asthma

The patient was advised to return if symptoms worsen.

Urinalysis negative for blood, protein, and leukocyte esterase.
Chest X-ray reveals clear lung fields without infiltrates or effusions.Rheumatology CONSULT (26nd Aug 2024): likely schizophrenia observe and reassess","[{""id"": ""ent_1"", ""value"": ""analgesics"", ""preferred_name"": ""Analgesic"", ""cui"": ""373265006"", ""category"": ""substance"", ""negated"": false, ""subject"": ""Patient"", ""start"": 135, ""end"": 145}, {""id"": ""ent_2"", ""value"": ""congenital malformation"", ""preferred_name"": ""Congenital malformation"", ""cui"": ""276654001"", ""category"": ""disorder"", ""negated"": false, ""subject"": ""Patient"", ""start"": 317, ""end"": 340}, {""id"": ""ent_3"", ""value"": ""bipolar_disorder"", ""preferred_name"": ""Bipolar disorder"", ""cui"": ""13746004"", ""category"": ""disorder"", ""negated"": false, ""subject"": ""Patient"", ""start"": 372, ""end"": 388}, {""id"": ""ent_4"", ""value"": ""disorder of pituitary gland"", ""preferred_name"": ""Disorder of pituitary gland"", ""cui"": ""399244003"", ""category"": ""disorder"", ""negated"": false, ""subject"": ""Patient"", ""start"": 485, ""end"": 512}, {""id"": ""ent_5"", ""value"": ""materials"", ""preferred_name"": ""Material"", ""cui"": ""260769002"", ""category"": ""substance"", ""negated"": false, ""subject"": ""Patient"", ""start"": 540, ""end"": 549}, {""id"": ""ent_6"", ""value"": ""weight gain"", ""preferred_name"": ""Weight gain"", ""cui"": ""8943002"", ""category"": ""finding"", ""negated"": false, ""subject"": ""Patient"", ""start"": 653, ""end"": 664}, {""id"": ""ent_7"", ""value"": ""next appointment"", ""preferred_name"": ""Next appointment"", ""cui"": ""390840006"", ""category"": ""finding"", ""negated"": false, ""subject"": ""Patient"", ""start"": 732, ""end"": 748}, {""id"": ""ent_8"", ""value"": ""next appointment"", ""preferred_name"": ""Next appointment"", ""cui"": ""390840006"", ""category"": ""finding"", ""negated"": false, ""subject"": ""Patient"", ""start"": 936, ""end"": 952}, {""id"": ""ent_9"", ""value"": ""materials"", ""preferred_name"": ""Material"", ""cui"": ""260769002"", ""category"": ""substance"", ""negated"": false, ""subject"": ""Patient"", ""start"": 1020, ""end"": 1029}, {""id"": ""ent_10"", ""value"": ""materials"", ""preferred_name"": ""Material"", ""cui"": ""260769002"", ""category"": ""substance"", ""negated"": false, ""subject"": ""Patient"", ""start"": 1086, ""end"": 1095}, {""id"": ""ent_11"", ""value"": ""asthma"", ""preferred_name"": ""Asthma"", ""cui"": ""195967001"", ""category"": ""disorder"", ""negated"": false, ""subject"": ""Other"", ""start"": 1127, ""end"": 1133}, {""id"": ""ent_12"", ""value"": ""infiltrates"", ""preferred_name"": ""Radiologic infiltrate of lung"", ""cui"": ""409609008"", ""category"": ""disorder"", ""negated"": false, ""subject"": ""Patient"", ""start"": 1300, ""end"": 1311}, {""id"": ""ent_13"", ""value"": ""effusions"", ""preferred_name"": ""Effusion"", ""cui"": ""430869004"", ""category"": ""substance"", ""negated"": false, ""subject"": ""Patient"", ""start"": 1315, ""end"": 1324}, {""id"": ""ent_14"", ""value"": ""schizophrenia"", ""preferred_name"": ""Schizophrenia"", ""cui"": ""58214004"", ""category"": ""disorder"", ""negated"": false, ""subject"": ""Patient"", ""start"": 1370, ""end"": 1383}]","[{""id"": ""abs_1"", ""value"": ""08-06-2024"", ""start"": 8, ""end"": 18}, {""id"": ""abs_2"", ""value"": ""Jul 2024"", ""start"": 642, ""end"": 650}, {""id"": ""abs_3"", ""value"": ""Aug 2024"", ""start"": 1352, ""end"": 1360}]","[{""id"": ""rel_1"", ""value"": ""this morning"", ""start"": 591, ""end"": 603, ""pattern_type"": ""part_of_day""}, {""id"": ""rel_2"", ""value"": ""3 months"", ""start"": 307, ""end"": 315, ""pattern_type"": ""numeric_simple""}]"
8,7,"CLINIC VISIT (17rd Dec 2024): insomnia resolved new diagnosis of COPD taper medication

He denies any fever, chills, or night sweats.
 No acute distress noted on examination. Abdomen: Soft, non-tender, non-distended.CLINIC VISIT (15 Feb'25): fatigue progressive confirmed IBS admit to hospital


Complete blood count shows WBC 7.2, Hgb 13.5, Plt 250. Patient tolerated the procedure well.Ultrasound (02 Mar 2025): reveals Liver function tests show mild elevation in ALT and AST, likely due to medication effect. No known drug allergies or adverse reactions reported. Patient has a history of soft tissue lesion. Patient is afebrile with normal vital signs.  tension_headache. imp: tension_headache

Patient advised to maintain a symptom diary for review at next appointment.

Will order additional laboratory studies at next visit if symptoms persist.Labs (07.03.25): abnormal LFTs.
Basic metabolic panel within normal limits with sodium 140, potassium 4.2, creatinine 0.9. rule  Basic metabolic panel within normal limits with sodium 140, potassium 4.2, creatinine 0.9. Patient given educational materials regarding disease management. The plan was discussed with the patient, who understands and agrees. out ulcerative_colitis

Ultrasound (24.03.25): evidence of lesion. Lymphatic: No cervical, axillary, or inguinal lymphadenopathy. imp: leukemia","[{""id"": ""ent_1"", ""value"": ""COPD"", ""preferred_name"": ""Chronic obstructive lung disease"", ""cui"": ""13645005"", ""category"": ""disorder"", ""negated"": false, ""subject"": ""Other"", ""start"": 65, ""end"": 69}, {""id"": ""ent_2"", ""value"": ""fever, chills"", ""preferred_name"": ""Fever with chills"", ""cui"": ""274640006"", ""category"": ""finding"", ""negated"": false, ""subject"": ""Patient"", ""start"": 102, ""end"": 115}, {""id"": ""ent_3"", ""value"": ""night sweats"", ""preferred_name"": ""Night sweats"", ""cui"": ""42984000"", ""category"": ""finding"", ""negated"": false, ""subject"": ""Other"", ""start"": 120, ""end"": 132}, {""id"": ""ent_4"", ""value"": ""fatigue"", ""preferred_name"": ""Fatigue"", ""cui"": ""84229001"", ""category"": ""finding"", ""negated"": false, ""subject"": ""Patient"", ""start"": 242, ""end"": 249}, {""id"": ""ent_5"", ""value"": ""IBS"", ""preferred_name"": ""Irritable bowel syndrome"", ""cui"": ""10743008"", ""category"": ""disorder"", ""negated"": false, ""subject"": ""Patient"", ""start"": 272, ""end"": 275}, {""id"": ""ent_6"", ""value"": ""adverse reactions"", ""preferred_name"": ""Adverse reaction"", ""cui"": ""281647001"", ""category"": ""disorder"", ""negated"": false, ""subject"": ""Other"", ""start"": 539, ""end"": 556}, {""id"": ""ent_7"", ""value"": ""soft tissue lesion"", ""preferred_name"": ""Soft tissue lesion"", ""cui"": ""239953001"", ""category"": ""disorder"", ""negated"": false, ""subject"": ""Patient"", ""start"": 592, ""end"": 610}, {""id"": ""ent_8"", ""value"": ""normal vital signs"", ""preferred_name"": ""Normal vital signs"", ""cui"": ""72970002"", ""category"": ""finding"", ""negated"": false, ""subject"": ""Other"", ""start"": 637, ""end"": 655}, {""id"": ""ent_9"", ""value"": ""tension_headache"", ""preferred_name"": ""Tension-type headache"", ""cui"": ""398057008"", ""category"": ""disorder"", ""negated"": false, ""subject"": ""Other"", ""start"": 658, ""end"": 674}, {""id"": ""ent_10"", ""value"": ""tension_headache"", ""preferred_name"": ""Tension-type headache"", ""cui"": ""398057008"", ""category"": ""disorder"", ""negated"": false, ""subject"": ""Patient"", ""start"": 681, ""end"": 697}, {""id"": ""ent_11"", ""value"": ""next appointment"", ""preferred_name"": ""Next appointment"", ""cui"": ""390840006"", ""category"": ""finding"", ""negated"": false, ""subject"": ""Other"", ""start"": 757, ""end"": 773}, {""id"": ""ent_12"", ""value"": ""abnormal LFTs"", ""preferred_name"": ""Liver function tests abnormal"", ""cui"": ""166603001"", ""category"": ""finding"", ""negated"": false, ""subject"": ""Patient"", ""start"": 868, ""end"": 881}, {""id"": ""ent_13"", ""value"": ""materials"", ""preferred_name"": ""Material"", ""cui"": ""260769002"", ""category"": ""substance"", ""negated"": false, ""subject"": ""Other"", ""start"": 1097, ""end"": 1106}, {""id"": ""ent_14"", ""value"": ""ulcerative_colitis"", ""preferred_name"": ""Ulcerative colitis"", ""cui"": ""64766004"", ""category"": ""disorder"", ""negated"": false, ""subject"": ""Patient"", ""start"": 1210, ""end"": 1228}, {""id"": ""ent_15"", ""value"": ""inguinal lymphadenopathy"", ""preferred_name"": ""Inguinal lymphadenopathy"", ""cui"": ""127199000"", ""category"": ""disorder"", ""negated"": false, ""subject"": ""Other"", ""start"": 1310, ""end"": 1334}, {""id"": ""ent_16"", ""value"": ""leukemia"", ""preferred_name"": ""Leukemia, disease"", ""cui"": ""93143009"", ""category"": ""disorder"", ""negated"": false, ""subject"": ""Other"", ""start"": 1341, ""end"": 1349}]","[{""id"": ""abs_1"", ""value"": ""Dec 2024"", ""start"": 19, ""end"": 27}, {""id"": ""abs_2"", ""value"": ""Mar 2025"", ""start"": 403, ""end"": 411}]",[]
9,8,"CLINIC VISIT (21st Jan 2025): insomnia  Abdomen: Soft, non-tender, non-distended. Cardiovascular: Regular rate and rhythm. No murmurs, rubs, or gallops. Normal S1 and S2. progressive confirmed schizophrenia cont current medications

Patient was instructed on proper medication administration techniques.
 Complete blood count shows WBC 7.2, Hgb 13.5, Plt 250.CT (09 Feb 2025): shows 2.7cm mass in thyroid. Will order additional laboratory studies at next visit if symptoms persist. imp: hypothyroidism


Patient is afebrile with normal vital signs.URGENT REVIEW (24/03/2025): cough.
Will order additional laboratory studies at next visit if symptoms persist. unclear etiology,could be ulcerative_colitis vs microadenoma

Labs (28th Apr 2025): abnormal LFTs. su Lungs clear to auscultation bilaterally. Imaging studies were reviewed with the patient. Medication dosages were adjusted based on recent laboratory findings. spect COPD

EKG shows normal sinus rhythm without ST changes or conduction abnormalities.

 Heart: Regular rate and rhythm, no murmurs.Medication dosages were adjusted based on recent laboratory findings.CLINIC VISIT (26.06.25): visual changes worsening unclear etiology,could be osteoarthritis vs diabetes_mellitus increase dos,e

PET scan (06nd Aug 2025): reveals ulcerative_colitis. imp: ulcerative_colitis","[{""id"": ""ent_1"", ""value"": ""murmurs"", ""preferred_name"": ""Murmur"", ""cui"": ""414786004"", ""category"": ""finding"", ""negated"": false, ""subject"": ""Patient"", ""start"": 126, ""end"": 133}, {""id"": ""ent_2"", ""value"": ""rubs"", ""preferred_name"": ""Pericardial friction rub"", ""cui"": ""7036007"", ""category"": ""finding"", ""negated"": false, ""subject"": ""Other"", ""start"": 135, ""end"": 139}, {""id"": ""ent_3"", ""value"": ""schizophrenia"", ""preferred_name"": ""Schizophrenia"", ""cui"": ""58214004"", ""category"": ""disorder"", ""negated"": false, ""subject"": ""Other"", ""start"": 193, ""end"": 206}, {""id"": ""ent_4"", ""value"": ""hypothyroidism"", ""preferred_name"": ""Hypothyroidism"", ""cui"": ""40930008"", ""category"": ""disorder"", ""negated"": false, ""subject"": ""Patient"", ""start"": 487, ""end"": 501}, {""id"": ""ent_5"", ""value"": ""normal vital signs"", ""preferred_name"": ""Normal vital signs"", ""cui"": ""72970002"", ""category"": ""finding"", ""negated"": false, ""subject"": ""Other"", ""start"": 529, ""end"": 547}, {""id"": ""ent_6"", ""value"": ""cough"", ""preferred_name"": ""Cough"", ""cui"": ""49727002"", ""category"": ""finding"", ""negated"": false, ""subject"": ""Patient"", ""start"": 576, ""end"": 581}, {""id"": ""ent_7"", ""value"": ""ulcerative_colitis"", ""preferred_name"": ""Ulcerative colitis"", ""cui"": ""64766004"", ""category"": ""disorder"", ""negated"": false, ""subject"": ""Patient"", ""start"": 685, ""end"": 703}, {""id"": ""ent_8"", ""value"": ""abnormal LFTs"", ""preferred_name"": ""Liver function tests abnormal"", ""cui"": ""166603001"", ""category"": ""finding"", ""negated"": false, ""subject"": ""Patient"", ""start"": 743, ""end"": 756}, {""id"": ""ent_9"", ""value"": ""COPD"", ""preferred_name"": ""Chronic obstructive lung disease"", ""cui"": ""13645005"", ""category"": ""disorder"", ""negated"": false, ""subject"": ""Other"", ""start"": 926, ""end"": 930}, {""id"": ""ent_10"", ""value"": ""normal sinus rhythm"", ""preferred_name"": ""Normal sinus rhythm"", ""cui"": ""64730000"", ""category"": ""finding"", ""negated"": false, ""subject"": ""Other"", ""start"": 942, ""end"": 961}, {""id"": ""ent_11"", ""value"": ""conduction abnormalities"", ""preferred_name"": ""Abnormal cardiac conduction"", ""cui"": ""36358004"", ""category"": ""finding"", ""negated"": false, ""subject"": ""Patient"", ""start"": 984, ""end"": 1008}, {""id"": ""ent_12"", ""value"": ""murmurs"", ""preferred_name"": ""Murmur"", ""cui"": ""414786004"", ""category"": ""finding"", ""negated"": false, ""subject"": ""Patient"", ""start"": 1047, ""end"": 1054}, {""id"": ""ent_13"", ""value"": ""osteoarthritis"", ""preferred_name"": ""Osteoarthritis"", ""cui"": ""396275006"", ""category"": ""disorder"", ""negated"": false, ""subject"": ""Other"", ""start"": 1200, ""end"": 1214}, {""id"": ""ent_14"", ""value"": ""diabetes_mellitus"", ""preferred_name"": ""Diabetes mellitus"", ""cui"": ""73211009"", ""category"": ""disorder"", ""negated"": false, ""subject"": ""Other"", ""start"": 1218, ""end"": 1235}, {""id"": ""ent_15"", ""value"": ""ulcerative_colitis"", ""preferred_name"": ""Ulcerative colitis"", ""cui"": ""64766004"", ""category"": ""disorder"", ""negated"": false, ""subject"": ""Other"", ""start"": 1286, ""end"": 1304}, {""id"": ""ent_16"", ""value"": ""ulcerative_colitis"", ""preferred_name"": ""Ulcerative colitis"", ""cui"": ""64766004"", ""category"": ""disorder"", ""negated"": false, ""subject"": ""Patient"", ""start"": 1311, ""end"": 1329}]","[{""id"": ""abs_1"", ""value"": ""Jan 2025"", ""start"": 19, ""end"": 27}, {""id"": ""abs_2"", ""value"": ""Feb 2025"", ""start"": 366, ""end"": 374}, {""id"": ""abs_3"", ""value"": ""24/03/2025"", ""start"": 563, ""end"": 573}, {""id"": ""abs_4"", ""value"": ""Apr 2025"", ""start"": 732, ""end"": 740}, {""id"": ""abs_5"", ""value"": ""Aug 2025"", ""start"": 1267, ""end"": 1275}]",[]
10,9,"Ultrasound (06 Oct 2024): evidence of mass effect.imp: pituitary_adenoma

Labs (19.10.24): normal CBC.consistent  Patient given educational materials regarding disease management. Current medications include: lisinopril 10mg daily, metformin 500mg twice daily, and atorvastatin 20mg at bedtime. with macroadenoma

Labs from this morning were unremarkable.
 Past medical history is non-contributory. Patient tolerated the procedure well. She denies any nausea, vomiting, or diarrhea.Labs (24st Nov 2024): anemia.rule out epilepsy

Basic metabolic panel within normal limits with sodium 140, potassium 4.2, creatinine 0.9.
Neurological exam within normal limits.
Internal Medicine CONSULT (02nd Jan 2025): unclear No acute distress noted on examination.
Basic metabolic panel within normal limits with sodium 140, potassium 4.2, creatinine 0.9. Complete blood count shows WBC 7.2, Hgb 13.5, Plt 250. Patient has a history of pituitary macroadenoma. Lymphatic: No cervical, axillary, or inguinal lymphadenopathy. Recommended lifestyle modifications including diet changes and regular exercise. Heart: Regular rate and rhythm, no murmurs. HEENT: Normocephalic, atraumatic.
Cardiovascular: Regular rate and rhythm. No murmurs, rubs, or gallops. Normal S1 and S2. Pupils equal, round, and reactive to light.  etiology,could be GERD vs multiple_sclerosis schedule CT","[{""id"": ""ent_1"", ""value"": ""pituitary_adenoma"", ""preferred_name"": ""Pituitary adenoma"", ""cui"": ""254956000"", ""category"": ""disorder"", ""negated"": false, ""subject"": ""Patient"", ""start"": 55, ""end"": 72}, {""id"": ""ent_2"", ""value"": ""materials"", ""preferred_name"": ""Material"", ""cui"": ""260769002"", ""category"": ""substance"", ""negated"": false, ""subject"": ""Patient"", ""start"": 140, ""end"": 149}, {""id"": ""ent_3"", ""value"": ""lisinopril"", ""preferred_name"": ""Lisinopril"", ""cui"": ""386873009"", ""category"": ""substance"", ""negated"": false, ""subject"": ""Patient"", ""start"": 209, ""end"": 219}, {""id"": ""ent_4"", ""value"": ""metformin"", ""preferred_name"": ""Metformin"", ""cui"": ""372567009"", ""category"": ""substance"", ""negated"": false, ""subject"": ""Patient"", ""start"": 232, ""end"": 241}, {""id"": ""ent_5"", ""value"": ""atorvastatin"", ""preferred_name"": ""Atorvastatin"", ""cui"": ""373444002"", ""category"": ""substance"", ""negated"": false, ""subject"": ""Patient"", ""start"": 265, ""end"": 277}, {""id"": ""ent_6"", ""value"": ""nausea, vomiting"", ""preferred_name"": ""Nausea and vomiting"", ""cui"": ""16932000"", ""category"": ""disorder"", ""negated"": false, ""subject"": ""Patient"", ""start"": 452, ""end"": 468}, {""id"": ""ent_7"", ""value"": ""diarrhea"", ""preferred_name"": ""Diarrhea"", ""cui"": ""62315008"", ""category"": ""finding"", ""negated"": false, ""subject"": ""Patient"", ""start"": 473, ""end"": 481}, {""id"": ""ent_8"", ""value"": ""anemia"", ""preferred_name"": ""Anemia"", ""cui"": ""271737000"", ""category"": ""disorder"", ""negated"": false, ""subject"": ""Patient"", ""start"": 504, ""end"": 510}, {""id"": ""ent_9"", ""value"": ""epilepsy"", ""preferred_name"": ""Epilepsy"", ""cui"": ""84757009"", ""category"": ""disorder"", ""negated"": false, ""subject"": ""Patient"", ""start"": 520, ""end"": 528}, {""id"": ""ent_10"", ""value"": ""pituitary macroadenoma"", ""preferred_name"": ""Pituitary macroadenoma"", ""cui"": ""254965007"", ""category"": ""disorder"", ""negated"": false, ""subject"": ""Patient"", ""start"": 923, ""end"": 945}, {""id"": ""ent_11"", ""value"": ""inguinal lymphadenopathy"", ""preferred_name"": ""Inguinal lymphadenopathy"", ""cui"": ""127199000"", ""category"": ""disorder"", ""negated"": false, ""subject"": ""Patient"", ""start"": 984, ""end"": 1008}, {""id"": ""ent_12"", ""value"": ""lifestyle"", ""preferred_name"": ""Lifestyle"", ""cui"": ""134436002"", ""category"": ""finding"", ""negated"": false, ""subject"": ""Patient"", ""start"": 1022, ""end"": 1031}, {""id"": ""ent_13"", ""value"": ""diet"", ""preferred_name"": ""Dietary finding"", ""cui"": ""41829006"", ""category"": ""finding"", ""negated"": false, ""subject"": ""Patient"", ""start"": 1056, ""end"": 1060}, {""id"": ""ent_14"", ""value"": ""murmurs"", ""preferred_name"": ""Murmur"", ""cui"": ""414786004"", ""category"": ""finding"", ""negated"": false, ""subject"": ""Patient"", ""start"": 1126, ""end"": 1133}, {""id"": ""ent_15"", ""value"": ""murmurs"", ""preferred_name"": ""Murmur"", ""cui"": ""414786004"", ""category"": ""finding"", ""negated"": false, ""subject"": ""Patient"", ""start"": 1213, ""end"": 1220}, {""id"": ""ent_16"", ""value"": ""rubs"", ""preferred_name"": ""Pericardial friction rub"", ""cui"": ""7036007"", ""category"": ""finding"", ""negated"": false, ""subject"": ""Patient"", ""start"": 1222, ""end"": 1226}, {""id"": ""ent_17"", ""value"": ""GERD"", ""preferred_name"": ""Gastroesophageal reflux disease"", ""cui"": ""235595009"", ""category"": ""disorder"", ""negated"": false, ""subject"": ""Patient"", ""start"": 1321, ""end"": 1325}, {""id"": ""ent_18"", ""value"": ""multiple_sclerosis"", ""preferred_name"": ""Multiple sclerosis"", ""cui"": ""24700007"", ""category"": ""disorder"", ""negated"": false, ""subject"": ""Patient"", ""start"": 1329, ""end"": 1347}]","[{""id"": ""abs_1"", ""value"": ""Oct 2024"", ""start"": 15, ""end"": 23}, {""id"": ""abs_2"", ""value"": ""Nov 2024"", ""start"": 493, ""end"": 501}, {""id"": ""abs_3"", ""value"": ""Jan 2025"", ""start"": 693, ""end"": 701}]","[{""id"": ""rel_1"", ""value"": ""this morning"", ""start"": 324, ""end"": 336, ""pattern_type"": ""part_of_day""}]"
1,10,"Cardiology CONSULT (08-06-2024): suspect Cushing's_syndrome schedule MRI

Patient reports occasional use of over-the-counter analgesics for pain management.
Phone note((28.06.24)): worsening. Patient tolerated the procedure well. cont current medications

URGENT REVIEW (05st Jul 2024): insomn A review of systems was otherwise negative. A review of systems was otherwise negative. Patient is afebrile with normal vital signs. Medications were reconciled during the visit. Current medications include: lisinopril 10mg daily, metformin 500mg twice daily, and atorvastatin 20mg at bedtime. Noted depression in medical history. GI: Bowel sounds present in all four quadrants. No hepatosplenomegaly. Noted pituitary macroadenoma in medical history. ia. suspect multiple_sclerosis

No acute distress noted on examination. Patient instructed to follow up with specialist for further evaluation.
F/U (31 Aug 2024): stable. rule out Parkinson's_disease f/u in 1 month
 Medications were reconciled during the visit.
 Patient reports occasional use of over-the-counter analgesics for pain management.CLINIC VISIT (11 Oct 2024): insomnia unchanged unclear etiology,could be prolactinoma vs bronchitis observe and reassess

Cardiology CONSULT (13/10/24): resolving Cushing's_syndrome schedule MRI

Phone note((04/11/2024)): stable. switch to ibuprofen

F/U (28 Nov'24): fluctuating. rule out anemia switch to ibuprofen","[{""id"": ""ent_1"", ""value"": ""Cushing's_syndrome"", ""preferred_name"": ""Hypercortisolism"", ""cui"": ""47270006"", ""category"": ""disorder"", ""negated"": false, ""subject"": ""Other"", ""start"": 41, ""end"": 59}, {""id"": ""ent_2"", ""value"": ""analgesics"", ""preferred_name"": ""Analgesic"", ""cui"": ""373265006"", ""category"": ""substance"", ""negated"": false, ""subject"": ""Other"", ""start"": 125, ""end"": 135}, {""id"": ""ent_3"", ""value"": ""normal vital signs"", ""preferred_name"": ""Normal vital signs"", ""cui"": ""72970002"", ""category"": ""finding"", ""negated"": false, ""subject"": ""Other"", ""start"": 407, ""end"": 425}, {""id"": ""ent_4"", ""value"": ""lisinopril"", ""preferred_name"": ""Lisinopril"", ""cui"": ""386873009"", ""category"": ""substance"", ""negated"": false, ""subject"": ""Other"", ""start"": 502, ""end"": 512}, {""id"": ""ent_5"", ""value"": ""metformin"", ""preferred_name"": ""Metformin"", ""cui"": ""372567009"", ""category"": ""substance"", ""negated"": false, ""subject"": ""Other"", ""start"": 525, ""end"": 534}, {""id"": ""ent_6"", ""value"": ""atorvastatin"", ""preferred_name"": ""Atorvastatin"", ""cui"": ""373444002"", ""category"": ""substance"", ""negated"": false, ""subject"": ""Other"", ""start"": 558, ""end"": 570}, {""id"": ""ent_7"", ""value"": ""depression"", ""preferred_name"": ""Depressive disorder"", ""cui"": ""35489007"", ""category"": ""disorder"", ""negated"": false, ""subject"": ""Other"", ""start"": 594, ""end"": 604}, {""id"": ""ent_8"", ""value"": ""hepatosplenomegaly"", ""preferred_name"": ""Hepatosplenomegaly"", ""cui"": ""36760000"", ""category"": ""disorder"", ""negated"": false, ""subject"": ""Other"", ""start"": 676, ""end"": 694}, {""id"": ""ent_9"", ""value"": ""pituitary macroadenoma"", ""preferred_name"": ""Pituitary macroadenoma"", ""cui"": ""254965007"", ""category"": ""disorder"", ""negated"": false, ""subject"": ""Other"", ""start"": 702, ""end"": 724}, {""id"": ""ent_10"", ""value"": ""multiple_sclerosis"", ""preferred_name"": ""Multiple sclerosis"", ""cui"": ""24700007"", ""category"": ""disorder"", ""negated"": false, ""subject"": ""Other"", ""start"": 757, ""end"": 775}, {""id"": ""ent_11"", ""value"": ""Parkinson's_disease"", ""preferred_name"": ""Parkinson's disease"", ""cui"": ""49049000"", ""category"": ""disorder"", ""negated"": false, ""subject"": ""Other"", ""start"": 925, ""end"": 944}, {""id"": ""ent_12"", ""value"": ""analgesics"", ""preferred_name"": ""Analgesic"", ""cui"": ""373265006"", ""category"": ""substance"", ""negated"": false, ""subject"": ""Other"", ""start"": 1059, ""end"": 1069}, {""id"": ""ent_13"", ""value"": ""bronchitis"", ""preferred_name"": ""Bronchitis"", ""cui"": ""32398004"", ""category"": ""disorder"", ""negated"": false, ""subject"": ""Other"", ""start"": 1179, ""end"": 1189}, {""id"": ""ent_14"", ""value"": ""Cushing's_syndrome"", ""preferred_name"": ""Hypercortisolism"", ""cui"": ""47270006"", ""category"": ""disorder"", ""negated"": false, ""subject"": ""Other"", ""start"": 1253, ""end"": 1271}, {""id"": ""ent_15"", ""value"": ""ibuprofen"", ""preferred_name"": ""Ibuprofen"", ""cui"": ""387207008"", ""category"": ""substance"", ""negated"": false, ""subject"": ""Other"", ""start"": 1330, ""end"": 1339}, {""id"": ""ent_16"", ""value"": ""anemia"", ""preferred_name"": ""Anemia"", ""cui"": ""271737000"", ""category"": ""disorder"", ""negated"": false, ""subject"": ""Other"", ""start"": 1380, ""end"": 1386}, {""id"": ""ent_17"", ""value"": ""ibuprofen"", ""preferred_name"": ""Ibuprofen"", ""cui"": ""387207008"", ""category"": ""substance"", ""negated"": false, ""subject"": ""Other"", ""start"": 1397, ""end"": 1406}]","[{""id"": ""abs_1"", ""value"": ""08-06-2024"", ""start"": 20, ""end"": 30}, {""id"": ""abs_2"", ""value"": ""Jul 2024"", ""start"": 276, ""end"": 284}, {""id"": ""abs_3"", ""value"": ""Aug 2024"", ""start"": 897, ""end"": 905}, {""id"": ""abs_4"", ""value"": ""Oct 2024"", ""start"": 1107, ""end"": 1115}, {""id"": ""abs_5"", ""value"": ""13/10/24"", ""start"": 1232, ""end"": 1240}, {""id"": ""abs_6"", ""value"": ""04/11/2024"", ""start"": 1298, ""end"": 1308}]","[{""id"": ""rel_1"", ""value"": ""1 month"", ""start"": 949, ""end"": 956, ""pattern_type"": ""numeric_simple""}]"
2,11,"URGENT REVIEW (25rd May 2024): weig The patient's vital signs are stable. Will continue current medication regimen and reassess in 3 months.
Basic metabolic panel within normal limits with sodium 140, potassium 4.2, creatinine 0.9. Patient given educational materials regarding disease management. Liver function tests show mild elevation in ALT and AST, likely due to medication effect.
 Psychiatric: Alert and oriented x3. Assessment includes disorder of pituitary gland. Mood and affect appropriate.A review of systems was otherwise negative. Noted atrial fibrillation in medical history.
Chest X-ray reveals clear lung fields without infiltrates or effusions. Assessment includes congenital malformation.
He denies any fever, chills, or night sweats.
Follow-up appointment scheduled in 3 months. Follow-up appointment scheduled in 3 months. ht loss.consistent with rheumatoid_arthritis
 The plan was discussed with the patient, who understands and agrees. Heart: Regular rate and rhythm, no murmurs.
 Labs from this morning were unremarkable.Patient instructed to follow up with specialist for further evaluation. HEENT: Normocephalic, atraumatic. Pupils equal, round, and reactive to light.
CLINIC VISIT (29st Jun 2024): shortness of breath remission rule out IBS increase dose


Heart: Regular rate and rhythm, no murmurs.F/U (2024-08-02): relapse.consistent with cluster_headache observe and reassess","[{""id"": ""ent_1"", ""value"": ""vital signs"", ""preferred_name"": ""Vital signs finding"", ""cui"": ""118227000"", ""category"": ""finding"", ""negated"": false, ""subject"": ""Other"", ""start"": 50, ""end"": 61}, {""id"": ""ent_2"", ""value"": ""materials"", ""preferred_name"": ""Material"", ""cui"": ""260769002"", ""category"": ""substance"", ""negated"": false, ""subject"": ""Other"", ""start"": 258, ""end"": 267}, {""id"": ""ent_3"", ""value"": ""disorder of pituitary gland"", ""preferred_name"": ""Disorder of pituitary gland"", ""cui"": ""399244003"", ""category"": ""disorder"", ""negated"": false, ""subject"": ""Patient"", ""start"": 445, ""end"": 472}, {""id"": ""ent_4"", ""value"": ""atrial fibrillation"", ""preferred_name"": ""Atrial fibrillation"", ""cui"": ""49436004"", ""category"": ""disorder"", ""negated"": false, ""subject"": ""Other"", ""start"": 552, ""end"": 571}, {""id"": ""ent_5"", ""value"": ""infiltrates"", ""preferred_name"": ""Radiologic infiltrate of lung"", ""cui"": ""409609008"", ""category"": ""disorder"", ""negated"": false, ""subject"": ""Other"", ""start"": 638, ""end"": 649}, {""id"": ""ent_6"", ""value"": ""effusions"", ""preferred_name"": ""Effusion"", ""cui"": ""430869004"", ""category"": ""substance"", ""negated"": false, ""subject"": ""Other"", ""start"": 653, ""end"": 662}, {""id"": ""ent_7"", ""value"": ""congenital malformation"", ""preferred_name"": ""Congenital malformation"", ""cui"": ""276654001"", ""category"": ""disorder"", ""negated"": false, ""subject"": ""Other"", ""start"": 684, ""end"": 707}, {""id"": ""ent_8"", ""value"": ""fever, chills"", ""preferred_name"": ""Fever with chills"", ""cui"": ""274640006"", ""category"": ""finding"", ""negated"": false, ""subject"": ""Patient"", ""start"": 723, ""end"": 736}, {""id"": ""ent_9"", ""value"": ""night sweats"", ""preferred_name"": ""Night sweats"", ""cui"": ""42984000"", ""category"": ""finding"", ""negated"": false, ""subject"": ""Other"", ""start"": 741, ""end"": 753}, {""id"": ""ent_10"", ""value"": ""rheumatoid_arthritis"", ""preferred_name"": ""Rheumatoid arthritis"", ""cui"": ""69896004"", ""category"": ""disorder"", ""negated"": false, ""subject"": ""Other"", ""start"": 869, ""end"": 889}, {""id"": ""ent_11"", ""value"": ""murmurs"", ""preferred_name"": ""Murmur"", ""cui"": ""414786004"", ""category"": ""finding"", ""negated"": false, ""subject"": ""Patient"", ""start"": 995, ""end"": 1002}, {""id"": ""ent_12"", ""value"": ""shortness of breath"", ""preferred_name"": ""Dyspnea"", ""cui"": ""267036007"", ""category"": ""finding"", ""negated"": false, ""subject"": ""Other"", ""start"": 1226, ""end"": 1245}, {""id"": ""ent_13"", ""value"": ""IBS"", ""preferred_name"": ""Irritable bowel syndrome"", ""cui"": ""10743008"", ""category"": ""disorder"", ""negated"": false, ""subject"": ""Other"", ""start"": 1265, ""end"": 1268}, {""id"": ""ent_14"", ""value"": ""murmurs"", ""preferred_name"": ""Murmur"", ""cui"": ""414786004"", ""category"": ""finding"", ""negated"": false, ""subject"": ""Patient"", ""start"": 1320, ""end"": 1327}, {""id"": ""ent_15"", ""value"": ""cluster_headache"", ""preferred_name"": ""Cluster headache syndrome"", ""cui"": ""193031009"", ""category"": ""disorder"", ""negated"": false, ""subject"": ""Other"", ""start"": 1370, ""end"": 1386}]","[{""id"": ""abs_1"", ""value"": ""May 2024"", ""start"": 20, ""end"": 28}, {""id"": ""abs_2"", ""value"": ""Jun 2024"", ""start"": 1215, ""end"": 1223}, {""id"": ""abs_3"", ""value"": ""2024-08"", ""start"": 1333, ""end"": 1340}]","[{""id"": ""rel_1"", ""value"": ""this morning"", ""start"": 1015, ""end"": 1027, ""pattern_type"": ""part_of_day""}, {""id"": ""rel_2"", ""value"": ""3 months"", ""start"": 131, ""end"": 139, ""pattern_type"": ""numeric_simple""}]"
3,12,"Labs (25 Jun'24): anemia.confirmed Crohn's_disease
 No acute distress noted on examination.
F/U (03 Jul'24): fluctuati The patient's vital signs are stable.

Past medical history is non-contributory.Patient is afebrile with normal vital signs. Assessment includes congenital malformation. cerebral hemorrhage was discussed.
Follow-up appointment scheduled in 3 months. Will continue current medication regimen and reassess in 3 months.
Patient advised to maintain a symptom diary for review at next appointment. Patient tolerated the procedure well. ng.suspect gout admit to hospital
 Patient advised to maintain a symptom diary for review at next appointment. Chest X-ray reveals clear lung fields without infiltrates or effusions.
 EKG shows normal sinus rhythm without ST changes or conduction abnormalities.Phone note((15st Jul 2024)): relapse.admit to hospital

Urinalysis negative for blood, protein, and leukocyte esterase.
Heart: Regular rate and rhythm, no murmurs.
Psychiatry CONSULT (02nd Aug 2024): resolving asthma taper medication
 CT scan of the head shows no acute intracranial abnormalities. type 2 diabetes was discussed.
F/U (20/09/2024): fluctuating.confirmed hyperlipidemia schedule PET scan
 CT scan of the head shows no acute intracranial abnormalities.
Neurological exam within normal limits.
Phone note((07.10.24)): fluctuating.continue current medications","[{""id"": ""ent_1"", ""value"": ""anemia"", ""preferred_name"": ""Anemia"", ""cui"": ""271737000"", ""category"": ""disorder"", ""negated"": false, ""subject"": ""Patient"", ""start"": 18, ""end"": 24}, {""id"": ""ent_2"", ""value"": ""Crohn's_disease"", ""preferred_name"": ""Crohn's disease"", ""cui"": ""34000006"", ""category"": ""disorder"", ""negated"": false, ""subject"": ""Patient"", ""start"": 35, ""end"": 50}, {""id"": ""ent_3"", ""value"": ""vital signs"", ""preferred_name"": ""Vital signs finding"", ""cui"": ""118227000"", ""category"": ""finding"", ""negated"": false, ""subject"": ""Patient"", ""start"": 133, ""end"": 144}, {""id"": ""ent_4"", ""value"": ""normal vital signs"", ""preferred_name"": ""Normal vital signs"", ""cui"": ""72970002"", ""category"": ""finding"", ""negated"": false, ""subject"": ""Patient"", ""start"": 224, ""end"": 242}, {""id"": ""ent_5"", ""value"": ""congenital malformation"", ""preferred_name"": ""Congenital malformation"", ""cui"": ""276654001"", ""category"": ""disorder"", ""negated"": false, ""subject"": ""Patient"", ""start"": 264, ""end"": 287}, {""id"": ""ent_6"", ""value"": ""next appointment"", ""preferred_name"": ""Next appointment"", ""cui"": ""390840006"", ""category"": ""finding"", ""negated"": false, ""subject"": ""Patient"", ""start"": 494, ""end"": 510}, {""id"": ""ent_7"", ""value"": ""next appointment"", ""preferred_name"": ""Next appointment"", ""cui"": ""390840006"", ""category"": ""finding"", ""negated"": false, ""subject"": ""Patient"", ""start"": 643, ""end"": 659}, {""id"": ""ent_8"", ""value"": ""infiltrates"", ""preferred_name"": ""Radiologic infiltrate of lung"", ""cui"": ""409609008"", ""category"": ""disorder"", ""negated"": false, ""subject"": ""Patient"", ""start"": 707, ""end"": 718}, {""id"": ""ent_9"", ""value"": ""effusions"", ""preferred_name"": ""Effusion"", ""cui"": ""430869004"", ""category"": ""substance"", ""negated"": false, ""subject"": ""Patient"", ""start"": 722, ""end"": 731}, {""id"": ""ent_10"", ""value"": ""normal sinus rhythm"", ""preferred_name"": ""Normal sinus rhythm"", ""cui"": ""64730000"", ""category"": ""finding"", ""negated"": false, ""subject"": ""Patient"", ""start"": 744, ""end"": 763}, {""id"": ""ent_11"", ""value"": ""conduction abnormalities"", ""preferred_name"": ""Abnormal cardiac conduction"", ""cui"": ""36358004"", ""category"": ""finding"", ""negated"": false, ""subject"": ""Other"", ""start"": 786, ""end"": 810}, {""id"": ""ent_12"", ""value"": ""murmurs"", ""preferred_name"": ""Murmur"", ""cui"": ""414786004"", ""category"": ""finding"", ""negated"": false, ""subject"": ""Other"", ""start"": 966, ""end"": 973}, {""id"": ""ent_13"", ""value"": ""asthma"", ""preferred_name"": ""Asthma"", ""cui"": ""195967001"", ""category"": ""disorder"", ""negated"": false, ""subject"": ""Patient"", ""start"": 1021, ""end"": 1027}, {""id"": ""ent_14"", ""value"": ""type 2 diabetes"", ""preferred_name"": ""Diabetes mellitus type 2"", ""cui"": ""44054006"", ""category"": ""disorder"", ""negated"": false, ""subject"": ""Patient"", ""start"": 1109, ""end"": 1124}, {""id"": ""ent_15"", ""value"": ""hyperlipidemia"", ""preferred_name"": ""Hyperlipidemia"", ""cui"": ""55822004"", ""category"": ""disorder"", ""negated"": false, ""subject"": ""Patient"", ""start"": 1180, ""end"": 1194}]","[{""id"": ""abs_1"", ""value"": ""Jul 2024"", ""start"": 828, ""end"": 836}, {""id"": ""abs_2"", ""value"": ""Aug 2024"", ""start"": 1000, ""end"": 1008}, {""id"": ""abs_3"", ""value"": ""20/09/2024"", ""start"": 1145, ""end"": 1155}]","[{""id"": ""rel_1"", ""value"": ""3 months"", ""start"": 359, ""end"": 367, ""pattern_type"": ""numeric_simple""}]"
4,13,"Phone note((30rd Dec 2024)): progressive. cont current medications


The patient was counseled on lifestyle modifications.Phone note((17st Jan 2025)): relapse. switch to metformin


Chest X-ray reveals clear lung fields without infiltrates or effusions. Imaging studies were reviewed with the patient.Ultrasound (19rd Jan 2025): shows 0.5cm mass in thyroid.
Patient is afebrile with normal vital signs. imp: adrenal_insufficiency

URGENT REVIEW (26st Feb 2025): weight gain. new Patient given educational materials regarding disease management. Medications were reconciled during the visit. Patient reports occasional use of over-the-counter analgesics for pain management. CT scan of the head shows no acute intracranial abnormalities.  diagnosis of fibromyalgia


Musculoskeletal: Full range of motion in all extremities. No edema or deformity noted.Patient reports compliance with current medication regimen. No known drug allergies or adverse reactions reported.
Visit((06 Apr 2025)): pt presents with fever.
Neurological exam within normal limits.
Patient is afebrile with normal vital signs. unclear etiology, could be anxiety vs COPD

CLINIC VISIT (2025-04-12): back pain resolved likely hypothyroidism observe and reassess

X-ray (08 May'25): reveals migraine. imp: migraine","[{""id"": ""ent_1"", ""value"": ""metformin"", ""preferred_name"": ""Metformin"", ""cui"": ""372567009"", ""category"": ""substance"", ""negated"": false, ""subject"": ""Patient"", ""start"": 170, ""end"": 179}, {""id"": ""ent_2"", ""value"": ""infiltrates"", ""preferred_name"": ""Radiologic infiltrate of lung"", ""cui"": ""409609008"", ""category"": ""disorder"", ""negated"": false, ""subject"": ""Other"", ""start"": 228, ""end"": 239}, {""id"": ""ent_3"", ""value"": ""effusions"", ""preferred_name"": ""Effusion"", ""cui"": ""430869004"", ""category"": ""substance"", ""negated"": false, ""subject"": ""Other"", ""start"": 243, ""end"": 252}, {""id"": ""ent_4"", ""value"": ""normal vital signs"", ""preferred_name"": ""Normal vital signs"", ""cui"": ""72970002"", ""category"": ""finding"", ""negated"": false, ""subject"": ""Patient"", ""start"": 383, ""end"": 401}, {""id"": ""ent_5"", ""value"": ""adrenal_insufficiency"", ""preferred_name"": ""Adrenal cortical hypofunction"", ""cui"": ""386584007"", ""category"": ""disorder"", ""negated"": false, ""subject"": ""Patient"", ""start"": 408, ""end"": 429}, {""id"": ""ent_6"", ""value"": ""weight gain"", ""preferred_name"": ""Weight gain"", ""cui"": ""8943002"", ""category"": ""finding"", ""negated"": false, ""subject"": ""Patient"", ""start"": 462, ""end"": 473}, {""id"": ""ent_7"", ""value"": ""materials"", ""preferred_name"": ""Material"", ""cui"": ""260769002"", ""category"": ""substance"", ""negated"": false, ""subject"": ""Other"", ""start"": 505, ""end"": 514}, {""id"": ""ent_8"", ""value"": ""analgesics"", ""preferred_name"": ""Analgesic"", ""cui"": ""373265006"", ""category"": ""substance"", ""negated"": false, ""subject"": ""Patient"", ""start"": 642, ""end"": 652}, {""id"": ""ent_9"", ""value"": ""fibromyalgia"", ""preferred_name"": ""Fibromyalgia"", ""cui"": ""203082005"", ""category"": ""disorder"", ""negated"": false, ""subject"": ""Other"", ""start"": 751, ""end"": 763}, {""id"": ""ent_10"", ""value"": ""Musculoskeletal"", ""preferred_name"": ""Musculoskeletal finding"", ""cui"": ""106028002"", ""category"": ""finding"", ""negated"": false, ""subject"": ""Patient"", ""start"": 766, ""end"": 781}, {""id"": ""ent_11"", ""value"": ""deformity"", ""preferred_name"": ""Deformity"", ""cui"": ""417893002"", ""category"": ""finding"", ""negated"": false, ""subject"": ""Patient"", ""start"": 836, ""end"": 845}, {""id"": ""ent_12"", ""value"": ""adverse reactions"", ""preferred_name"": ""Adverse reaction"", ""cui"": ""281647001"", ""category"": ""disorder"", ""negated"": false, ""subject"": ""Patient"", ""start"": 939, ""end"": 956}, {""id"": ""ent_13"", ""value"": ""fever"", ""preferred_name"": ""Fever"", ""cui"": ""386661006"", ""category"": ""finding"", ""negated"": false, ""subject"": ""Other"", ""start"": 1006, ""end"": 1011}, {""id"": ""ent_14"", ""value"": ""normal vital signs"", ""preferred_name"": ""Normal vital signs"", ""cui"": ""72970002"", ""category"": ""finding"", ""negated"": false, ""subject"": ""Patient"", ""start"": 1078, ""end"": 1096}, {""id"": ""ent_15"", ""value"": ""anxiety"", ""preferred_name"": ""Anxiety"", ""cui"": ""48694002"", ""category"": ""finding"", ""negated"": false, ""subject"": ""Patient"", ""start"": 1125, ""end"": 1132}, {""id"": ""ent_16"", ""value"": ""COPD"", ""preferred_name"": ""Chronic obstructive lung disease"", ""cui"": ""13645005"", ""category"": ""disorder"", ""negated"": false, ""subject"": ""Other"", ""start"": 1136, ""end"": 1140}, {""id"": ""ent_17"", ""value"": ""back pain"", ""preferred_name"": ""Backache"", ""cui"": ""161891005"", ""category"": ""finding"", ""negated"": false, ""subject"": ""Patient"", ""start"": 1169, ""end"": 1178}, {""id"": ""ent_18"", ""value"": ""hypothyroidism"", ""preferred_name"": ""Hypothyroidism"", ""cui"": ""40930008"", ""category"": ""disorder"", ""negated"": false, ""subject"": ""Patient"", ""start"": 1195, ""end"": 1209}, {""id"": ""ent_19"", ""value"": ""migraine"", ""preferred_name"": ""Migraine"", ""cui"": ""37796009"", ""category"": ""disorder"", ""negated"": false, ""subject"": ""Patient"", ""start"": 1259, ""end"": 1267}, {""id"": ""ent_20"", ""value"": ""migraine"", ""preferred_name"": ""Migraine"", ""cui"": ""37796009"", ""category"": ""disorder"", ""negated"": false, ""subject"": ""Patient"", ""start"": 1274, ""end"": 1282}]","[{""id"": ""abs_1"", ""value"": ""Dec 2024"", ""start"": 17, ""end"": 25}, {""id"": ""abs_2"", ""value"": ""Jan 2025"", ""start"": 139, ""end"": 147}, {""id"": ""abs_3"", ""value"": ""Jan 2025"", ""start"": 318, ""end"": 326}, {""id"": ""abs_4"", ""value"": ""Feb 2025"", ""start"": 451, ""end"": 459}, {""id"": ""abs_5"", ""value"": ""Apr 2025"", ""start"": 977, ""end"": 985}, {""id"": ""abs_6"", ""value"": ""2025-04"", ""start"": 1156, ""end"": 1163}]",[]
5,14,"Rheumatology CONSULT (08.01.25): rule out adrenal_insufficiency taper medication
 Follow-up appointment scheduled in 3 months.
Psychiatric: Alert and oriented x3. Mood and affect appropriate.

Basic metabolic panel within normal limits with sodium 140, potassium 4.2, creatinine 0.9.
 HEENT: Normocephalic, atraumatic. Assessment includes congenital malformation. Pupils equal, round, and reactive to light.The patient was advised to return if symptoms worsen.
Heart: Regular rate and rhythm, no murmurs.CLINIC VISIT (29st Jan 2025): frequent urination unchanged Skin: No rashes, lesions, or abnormal pigmentation. Lymphatic: No cervical, axillary, or inguinal lymphadenopathy. Patient has a history of obesity. Musculoskeletal: Full range of motion in all extremities. No edema or deformity noted. Will continue current medication regimen and reassess in 3 months. Good turgor and hydration. The patient's vital signs are stable.
 Imaging studies were reviewed with the patient.Patient instructed to follow up with specialist for further evaluation.
A review of systems was otherwise negative. Urinalysis negative for blood, protein, and leukocyte esterase.  new dx of pituitary_adenoma f/u in 3 months

Neurology CONSULT (08/03/25): resolving pituitary_adenoma refer to Rheumatology

URGENT REVIEW (2025-04-11): nausea/vomiting.new dx of IBS

Labs (16 Apr'25): high cortisol.rule out gout","[{""id"": ""ent_1"", ""value"": ""adrenal_insufficiency"", ""preferred_name"": ""Adrenal cortical hypofunction"", ""cui"": ""386584007"", ""category"": ""disorder"", ""negated"": false, ""subject"": ""Other"", ""start"": 42, ""end"": 63}, {""id"": ""ent_2"", ""value"": ""congenital malformation"", ""preferred_name"": ""Congenital malformation"", ""cui"": ""276654001"", ""category"": ""disorder"", ""negated"": false, ""subject"": ""Other"", ""start"": 339, ""end"": 362}, {""id"": ""ent_3"", ""value"": ""murmurs"", ""preferred_name"": ""Murmur"", ""cui"": ""414786004"", ""category"": ""finding"", ""negated"": false, ""subject"": ""Other"", ""start"": 496, ""end"": 503}, {""id"": ""ent_4"", ""value"": ""frequent urination"", ""preferred_name"": ""Increased frequency of urination"", ""cui"": ""162116003"", ""category"": ""finding"", ""negated"": false, ""subject"": ""Patient"", ""start"": 534, ""end"": 552}, {""id"": ""ent_5"", ""value"": ""rashes"", ""preferred_name"": ""Eruption of skin"", ""cui"": ""271807003"", ""category"": ""disorder"", ""negated"": false, ""subject"": ""Other"", ""start"": 572, ""end"": 578}, {""id"": ""ent_6"", ""value"": ""inguinal lymphadenopathy"", ""preferred_name"": ""Inguinal lymphadenopathy"", ""cui"": ""127199000"", ""category"": ""disorder"", ""negated"": false, ""subject"": ""Other"", ""start"": 652, ""end"": 676}, {""id"": ""ent_7"", ""value"": ""Musculoskeletal"", ""preferred_name"": ""Musculoskeletal finding"", ""cui"": ""106028002"", ""category"": ""finding"", ""negated"": false, ""subject"": ""Other"", ""start"": 712, ""end"": 727}, {""id"": ""ent_8"", ""value"": ""deformity"", ""preferred_name"": ""Deformity"", ""cui"": ""417893002"", ""category"": ""finding"", ""negated"": false, ""subject"": ""Other"", ""start"": 782, ""end"": 791}, {""id"": ""ent_9"", ""value"": ""vital signs"", ""preferred_name"": ""Vital signs finding"", ""cui"": ""118227000"", ""category"": ""finding"", ""negated"": false, ""subject"": ""Other"", ""start"": 907, ""end"": 918}, {""id"": ""ent_10"", ""value"": ""pituitary_adenoma"", ""preferred_name"": ""Pituitary adenoma"", ""cui"": ""254956000"", ""category"": ""disorder"", ""negated"": false, ""subject"": ""Other"", ""start"": 1170, ""end"": 1187}, {""id"": ""ent_11"", ""value"": ""pituitary_adenoma"", ""preferred_name"": ""Pituitary adenoma"", ""cui"": ""254956000"", ""category"": ""disorder"", ""negated"": false, ""subject"": ""Other"", ""start"": 1245, ""end"": 1262}, {""id"": ""ent_12"", ""value"": ""nausea/vomiting"", ""preferred_name"": ""Nausea and vomiting"", ""cui"": ""16932000"", ""category"": ""disorder"", ""negated"": false, ""subject"": ""Patient"", ""start"": 1314, ""end"": 1329}, {""id"": ""ent_13"", ""value"": ""IBS"", ""preferred_name"": ""Irritable bowel syndrome"", ""cui"": ""10743008"", ""category"": ""disorder"", ""negated"": false, ""subject"": ""Other"", ""start"": 1340, ""end"": 1343}]","[{""id"": ""abs_1"", ""value"": ""Jan 2025"", ""start"": 523, ""end"": 531}, {""id"": ""abs_2"", ""value"": ""08/03/25"", ""start"": 1224, ""end"": 1232}, {""id"": ""abs_3"", ""value"": ""2025-04"", ""start"": 1301, ""end"": 1308}]","[{""id"": ""rel_1"", ""value"": ""3 months"", ""start"": 117, ""end"": 125, ""pattern_type"": ""numeric_simple""}]"
6,15,"Labs (07 May 2024): normal CBC. rule out pituitary_adenoma

No known drug allergies or adverse reactions reported.
X-ray (09 May'24): consistent w/ pneumonia. imp: pneumonia

 EKG shows normal sinus rhythm without ST changes or conduction abnormalities. Patient reports compliance with current medication regimen.Phone note((03/06/24)): resolved.
Skin: No rashes, lesions, or abnormal pigmentation. Good turgor and hydration. taper medication
 Chest X-ray reveals clear lung fields without infiltrates or effusions.
URGENT REVIEW (2024-06-25): chest pain. likely stroke

F/U (07st Jul 2024): relapse. new diagnosis of tension_headache schedule PET scan


EKG shows normal sinus rhythm without ST changes or conduction abnormalities.Cardiology CONSULT (10 Jul 2024) Imaging studies were reviewed with the patient. She denies any nausea, vomiting, or diarrhea. GI: Bowel sounds present in all four quadrants.

Patient advised to maintain a symptom diary for review at next appointment.Neurological exam within normal limits. Neurological exam within normal limits. Lymphatic: No cervical, axillary, or inguinal lymphadenopathy. No hepatosplenomegaly. : resolving COPD admit to hospital

Rheumatology CONSULT (10/08/24): new diagnosis of anxiety observe and reassess","[{""id"": ""ent_1"", ""value"": ""pituitary_adenoma"", ""preferred_name"": ""Pituitary adenoma"", ""cui"": ""254956000"", ""category"": ""disorder"", ""negated"": false, ""subject"": ""Other"", ""start"": 41, ""end"": 58}, {""id"": ""ent_2"", ""value"": ""adverse reactions"", ""preferred_name"": ""Adverse reaction"", ""cui"": ""281647001"", ""category"": ""disorder"", ""negated"": false, ""subject"": ""Other"", ""start"": 87, ""end"": 104}, {""id"": ""ent_3"", ""value"": ""pneumonia"", ""preferred_name"": ""Viral pneumonia"", ""cui"": ""75570004"", ""category"": ""disorder"", ""negated"": false, ""subject"": ""Other"", ""start"": 148, ""end"": 157}, {""id"": ""ent_4"", ""value"": ""pneumonia"", ""preferred_name"": ""Viral pneumonia"", ""cui"": ""75570004"", ""category"": ""disorder"", ""negated"": false, ""subject"": ""Patient"", ""start"": 164, ""end"": 173}, {""id"": ""ent_5"", ""value"": ""normal sinus rhythm"", ""preferred_name"": ""Normal sinus rhythm"", ""cui"": ""64730000"", ""category"": ""finding"", ""negated"": false, ""subject"": ""Other"", ""start"": 186, ""end"": 205}, {""id"": ""ent_6"", ""value"": ""conduction abnormalities"", ""preferred_name"": ""Abnormal cardiac conduction"", ""cui"": ""36358004"", ""category"": ""finding"", ""negated"": false, ""subject"": ""Other"", ""start"": 228, ""end"": 252}, {""id"": ""ent_7"", ""value"": ""rashes"", ""preferred_name"": ""Eruption of skin"", ""cui"": ""271807003"", ""category"": ""disorder"", ""negated"": false, ""subject"": ""Other"", ""start"": 356, ""end"": 362}, {""id"": ""ent_8"", ""value"": ""infiltrates"", ""preferred_name"": ""Radiologic infiltrate of lung"", ""cui"": ""409609008"", ""category"": ""disorder"", ""negated"": false, ""subject"": ""Other"", ""start"": 490, ""end"": 501}, {""id"": ""ent_9"", ""value"": ""effusions"", ""preferred_name"": ""Effusion"", ""cui"": ""430869004"", ""category"": ""substance"", ""negated"": false, ""subject"": ""Other"", ""start"": 505, ""end"": 514}, {""id"": ""ent_10"", ""value"": ""chest pain"", ""preferred_name"": ""Chest pain"", ""cui"": ""29857009"", ""category"": ""finding"", ""negated"": false, ""subject"": ""Patient"", ""start"": 544, ""end"": 554}, {""id"": ""ent_11"", ""value"": ""stroke"", ""preferred_name"": ""Cerebrovascular accident"", ""cui"": ""230690007"", ""category"": ""disorder"", ""negated"": false, ""subject"": ""Other"", ""start"": 563, ""end"": 569}, {""id"": ""ent_12"", ""value"": ""tension_headache"", ""preferred_name"": ""Tension-type headache"", ""cui"": ""398057008"", ""category"": ""disorder"", ""negated"": false, ""subject"": ""Other"", ""start"": 618, ""end"": 634}, {""id"": ""ent_13"", ""value"": ""normal sinus rhythm"", ""preferred_name"": ""Normal sinus rhythm"", ""cui"": ""64730000"", ""category"": ""finding"", ""negated"": false, ""subject"": ""Other"", ""start"": 665, ""end"": 684}, {""id"": ""ent_14"", ""value"": ""conduction abnormalities"", ""preferred_name"": ""Abnormal cardiac conduction"", ""cui"": ""36358004"", ""category"": ""finding"", ""negated"": false, ""subject"": ""Other"", ""start"": 707, ""end"": 731}, {""id"": ""ent_15"", ""value"": ""nausea, vomiting"", ""preferred_name"": ""Nausea and vomiting"", ""cui"": ""16932000"", ""category"": ""disorder"", ""negated"": false, ""subject"": ""Patient"", ""start"": 828, ""end"": 844}, {""id"": ""ent_16"", ""value"": ""diarrhea"", ""preferred_name"": ""Diarrhea"", ""cui"": ""62315008"", ""category"": ""finding"", ""negated"": false, ""subject"": ""Other"", ""start"": 849, ""end"": 857}, {""id"": ""ent_17"", ""value"": ""next appointment"", ""preferred_name"": ""Next appointment"", ""cui"": ""390840006"", ""category"": ""finding"", ""negated"": false, ""subject"": ""Other"", ""start"": 966, ""end"": 982}, {""id"": ""ent_18"", ""value"": ""inguinal lymphadenopathy"", ""preferred_name"": ""Inguinal lymphadenopathy"", ""cui"": ""127199000"", ""category"": ""disorder"", ""negated"": false, ""subject"": ""Other"", ""start"": 1100, ""end"": 1124}, {""id"": ""ent_19"", ""value"": ""hepatosplenomegaly"", ""preferred_name"": ""Hepatosplenomegaly"", ""cui"": ""36760000"", ""category"": ""disorder"", ""negated"": false, ""subject"": ""Other"", ""start"": 1129, ""end"": 1147}, {""id"": ""ent_20"", ""value"": ""COPD"", ""preferred_name"": ""Chronic obstructive lung disease"", ""cui"": ""13645005"", ""category"": ""disorder"", ""negated"": false, ""subject"": ""Other"", ""start"": 1161, ""end"": 1165}, {""id"": ""ent_21"", ""value"": ""anxiety"", ""preferred_name"": ""Anxiety"", ""cui"": ""48694002"", ""category"": ""finding"", ""negated"": false, ""subject"": ""Other"", ""start"": 1235, ""end"": 1242}]","[{""id"": ""abs_1"", ""value"": ""May 2024"", ""start"": 9, ""end"": 17}, {""id"": ""abs_2"", ""value"": ""03/06/24"", ""start"": 325, ""end"": 333}, {""id"": ""abs_3"", ""value"": ""2024-06"", ""start"": 531, ""end"": 538}, {""id"": ""abs_4"", ""value"": ""Jul 2024"", ""start"": 581, ""end"": 589}, {""id"": ""abs_5"", ""value"": ""Jul 2024"", ""start"": 755, ""end"": 763}, {""id"": ""abs_6"", ""value"": ""10/08/24"", ""start"": 1207, ""end"": 1215}]",[]
7,16,"PET scan (11/01/25): reveals hyp Skin: No rashes, lesions, or abnormal pigmentation.
Patient instructed to follow up with specialist for further evaluation. Good turgor and hydration.
He denies any fever, chills, or night sweats. Will continue current medication regimen and  Will continue current medication regimen and reassess in 3 months. Patient is afebrile with normal vital signs. The plan was discussed with the patient, who understands and agrees.
CT scan of the head shows no acute intracranial abnormalities. Lungs clear to auscultation bilaterally. CT scan of the head shows no acute intracranial abnormalities. disorder of liver was discussed.
Chest X-ray reveals clear lung fields without infiltrates or effusions. reassess in 3 months. neoplasm of pituitary gland was discussed. erlipidemia. Patient has a history of congenital malformation.
HEENT: Normocephalic, atraumatic. Pupils equal, round, and reactive to light. Current medications include: lisinopril 10mg daily, metformin 500mg twice daily, and atorvastatin 20mg at bedtime. imp: hyperlipidemia

 No acute distress noted on examination.Phone note((20/02/25)): improved. taper medication

Will order additional laboratory studies at next visit if symptoms persist.
Patient was instructed on proper medication administration techniques. He denies any fever, chills, or night sweats.
URGENT REVIEW (17 Apr'25): dizziness. new dx of myeloma","[{""id"": ""ent_1"", ""value"": ""rashes"", ""preferred_name"": ""Eruption of skin"", ""cui"": ""271807003"", ""category"": ""disorder"", ""negated"": false, ""subject"": ""Other"", ""start"": 42, ""end"": 48}, {""id"": ""ent_2"", ""value"": ""fever, chills"", ""preferred_name"": ""Fever with chills"", ""cui"": ""274640006"", ""category"": ""finding"", ""negated"": false, ""subject"": ""Other"", ""start"": 198, ""end"": 211}, {""id"": ""ent_3"", ""value"": ""night sweats"", ""preferred_name"": ""Night sweats"", ""cui"": ""42984000"", ""category"": ""finding"", ""negated"": false, ""subject"": ""Other"", ""start"": 216, ""end"": 228}, {""id"": ""ent_4"", ""value"": ""normal vital signs"", ""preferred_name"": ""Normal vital signs"", ""cui"": ""72970002"", ""category"": ""finding"", ""negated"": false, ""subject"": ""Other"", ""start"": 368, ""end"": 386}, {""id"": ""ent_5"", ""value"": ""disorder of liver"", ""preferred_name"": ""Disorder of liver"", ""cui"": ""235856003"", ""category"": ""disorder"", ""negated"": false, ""subject"": ""Other"", ""start"": 624, ""end"": 641}, {""id"": ""ent_6"", ""value"": ""infiltrates"", ""preferred_name"": ""Radiologic infiltrate of lung"", ""cui"": ""409609008"", ""category"": ""disorder"", ""negated"": false, ""subject"": ""Other"", ""start"": 703, ""end"": 714}, {""id"": ""ent_7"", ""value"": ""effusions"", ""preferred_name"": ""Effusion"", ""cui"": ""430869004"", ""category"": ""substance"", ""negated"": false, ""subject"": ""Other"", ""start"": 718, ""end"": 727}, {""id"": ""ent_8"", ""value"": ""neoplasm of pituitary gland"", ""preferred_name"": ""Neoplasm of pituitary gland"", ""cui"": ""127024001"", ""category"": ""disorder"", ""negated"": false, ""subject"": ""Other"", ""start"": 751, ""end"": 778}, {""id"": ""ent_9"", ""value"": ""congenital malformation"", ""preferred_name"": ""Congenital malformation"", ""cui"": ""276654001"", ""category"": ""disorder"", ""negated"": false, ""subject"": ""Patient"", ""start"": 832, ""end"": 855}, {""id"": ""ent_10"", ""value"": ""lisinopril"", ""preferred_name"": ""Lisinopril"", ""cui"": ""386873009"", ""category"": ""substance"", ""negated"": false, ""subject"": ""Other"", ""start"": 964, ""end"": 974}, {""id"": ""ent_11"", ""value"": ""metformin"", ""preferred_name"": ""Metformin"", ""cui"": ""372567009"", ""category"": ""substance"", ""negated"": false, ""subject"": ""Other"", ""start"": 987, ""end"": 996}, {""id"": ""ent_12"", ""value"": ""atorvastatin"", ""preferred_name"": ""Atorvastatin"", ""cui"": ""373444002"", ""category"": ""substance"", ""negated"": false, ""subject"": ""Other"", ""start"": 1020, ""end"": 1032}, {""id"": ""ent_13"", ""value"": ""hyperlipidemia"", ""preferred_name"": ""Hyperlipidemia"", ""cui"": ""55822004"", ""category"": ""disorder"", ""negated"": false, ""subject"": ""Other"", ""start"": 1055, ""end"": 1069}, {""id"": ""ent_14"", ""value"": ""fever, chills"", ""preferred_name"": ""Fever with chills"", ""cui"": ""274640006"", ""category"": ""finding"", ""negated"": false, ""subject"": ""Other"", ""start"": 1324, ""end"": 1337}, {""id"": ""ent_15"", ""value"": ""night sweats"", ""preferred_name"": ""Night sweats"", ""cui"": ""42984000"", ""category"": ""finding"", ""negated"": false, ""subject"": ""Other"", ""start"": 1342, ""end"": 1354}, {""id"": ""ent_16"", ""value"": ""dizziness"", ""preferred_name"": ""Dizziness"", ""cui"": ""404640003"", ""category"": ""finding"", ""negated"": false, ""subject"": ""Other"", ""start"": 1383, ""end"": 1392}, {""id"": ""ent_17"", ""value"": ""myeloma"", ""preferred_name"": ""Multiple myeloma"", ""cui"": ""109989006"", ""category"": ""disorder"", ""negated"": false, ""subject"": ""Other"", ""start"": 1404, ""end"": 1411}]","[{""id"": ""abs_1"", ""value"": ""11/01/25"", ""start"": 10, ""end"": 18}, {""id"": ""abs_2"", ""value"": ""20/02/25"", ""start"": 1123, ""end"": 1131}]","[{""id"": ""rel_1"", ""value"": ""3 months"", ""start"": 333, ""end"": 341, ""pattern_type"": ""numeric_simple""}]"
8,17,"Evaluation((19 Sep 2024)): pt presents w/ headache x3 months.
CT scan of the head shows no acute intracranial abnormalities. Will order additional laboratory studies at next visit if symptoms persist. rule out pituitary_adenoma

Patient is afebrile with normal vital signs.
X-ray (18th Nov 2024): no significant findings. imp: COPD
 EKG shows normal sinus rhythm without ST changes or conduction abnormalities. Patient tolerated the procedure well.
New pt((21 Nov 2024)): pt presents w/ back pain. rule out gout
 CT scan of the head shows no acute intracranial abnormalities.
Phone note((26nd Nov 2024)): remission.
Imaging studies were reviewed with the patient.
Basic metabolic panel within normal limits with sodium 140, potassium 4.2, creatinine 0.9. Psychiatric: Alert and oriented x3. Mood and affect appropriate. schedule PET scan

Evaluation((17/12/24)): pt pre sents w/ shortness of breath. resolving prolactinoma

Rheumatology CONSULT (20th Dec 2024): consistent w MRI of the brain demonstrates age-appropriate atrophy without evidence of mass or stroke. Cardiovascular: Regular rate and rhythm.
Patient tolerated the procedure well. No murmurs, rubs, or gallops. Normal S1 and S2. / pneumonia f/u in 6 months

CLINIC VISIT (03rd Feb 20;25): fever slightly improved rule out epilepsy observe and reassess","[{""id"": ""ent_1"", ""value"": ""headache"", ""preferred_name"": ""Headache"", ""cui"": ""25064002"", ""category"": ""finding"", ""negated"": false, ""subject"": ""Patient"", ""start"": 42, ""end"": 50}, {""id"": ""ent_2"", ""value"": ""pituitary_adenoma"", ""preferred_name"": ""Pituitary adenoma"", ""cui"": ""254956000"", ""category"": ""disorder"", ""negated"": false, ""subject"": ""Other"", ""start"": 210, ""end"": 227}, {""id"": ""ent_3"", ""value"": ""normal vital signs"", ""preferred_name"": ""Normal vital signs"", ""cui"": ""72970002"", ""category"": ""finding"", ""negated"": false, ""subject"": ""Other"", ""start"": 254, ""end"": 272}, {""id"": ""ent_4"", ""value"": ""COPD"", ""preferred_name"": ""Chronic obstructive lung disease"", ""cui"": ""13645005"", ""category"": ""disorder"", ""negated"": false, ""subject"": ""Other"", ""start"": 327, ""end"": 331}, {""id"": ""ent_5"", ""value"": ""normal sinus rhythm"", ""preferred_name"": ""Normal sinus rhythm"", ""cui"": ""64730000"", ""category"": ""finding"", ""negated"": false, ""subject"": ""Other"", ""start"": 343, ""end"": 362}, {""id"": ""ent_6"", ""value"": ""conduction abnormalities"", ""preferred_name"": ""Abnormal cardiac conduction"", ""cui"": ""36358004"", ""category"": ""finding"", ""negated"": false, ""subject"": ""Other"", ""start"": 385, ""end"": 409}, {""id"": ""ent_7"", ""value"": ""back pain"", ""preferred_name"": ""Backache"", ""cui"": ""161891005"", ""category"": ""finding"", ""negated"": false, ""subject"": ""Patient"", ""start"": 487, ""end"": 496}, {""id"": ""ent_8"", ""value"": ""shortness of breath"", ""preferred_name"": ""Dyspnea"", ""cui"": ""267036007"", ""category"": ""finding"", ""negated"": false, ""subject"": ""Patient"", ""start"": 879, ""end"": 898}, {""id"": ""ent_9"", ""value"": ""stroke"", ""preferred_name"": ""Cerebrovascular accident"", ""cui"": ""230690007"", ""category"": ""disorder"", ""negated"": false, ""subject"": ""Other"", ""start"": 1057, ""end"": 1063}, {""id"": ""ent_10"", ""value"": ""murmurs"", ""preferred_name"": ""Murmur"", ""cui"": ""414786004"", ""category"": ""finding"", ""negated"": false, ""subject"": ""Other"", ""start"": 1147, ""end"": 1154}, {""id"": ""ent_11"", ""value"": ""rubs"", ""preferred_name"": ""Pericardial friction rub"", ""cui"": ""7036007"", ""category"": ""finding"", ""negated"": false, ""subject"": ""Other"", ""start"": 1156, ""end"": 1160}, {""id"": ""ent_12"", ""value"": ""pneumonia"", ""preferred_name"": ""Viral pneumonia"", ""cui"": ""75570004"", ""category"": ""disorder"", ""negated"": false, ""subject"": ""Patient"", ""start"": 1194, ""end"": 1203}, {""id"": ""ent_13"", ""value"": ""epilepsy"", ""preferred_name"": ""Epilepsy"", ""cui"": ""84757009"", ""category"": ""disorder"", ""negated"": false, ""subject"": ""Other"", ""start"": 1285, ""end"": 1293}]","[{""id"": ""abs_1"", ""value"": ""Sep 2024"", ""start"": 15, ""end"": 23}, {""id"": ""abs_2"", ""value"": ""Nov 2024"", ""start"": 286, ""end"": 294}, {""id"": ""abs_3"", ""value"": ""Nov 2024"", ""start"": 460, ""end"": 468}, {""id"": ""abs_4"", ""value"": ""Nov 2024"", ""start"": 593, ""end"": 601}, {""id"": ""abs_5"", ""value"": ""17/12/24"", ""start"": 851, ""end"": 859}, {""id"": ""abs_6"", ""value"": ""Dec 2024"", ""start"": 951, ""end"": 959}, {""id"": ""abs_7"", ""value"": ""Feb 20"", ""start"": 1240, ""end"": 1246}]","[{""id"": ""rel_1"", ""value"": ""6 months"", ""start"": 1211, ""end"": 1219, ""pattern_type"": ""numeric_simple""}]"
9,18,"Internal Medicine CONSULT (30-10-2024): new dx of prolactinoma refer to Oncology

Will order additional laboratory studies at next visit if symptoms persist.
Initial assessment((16th Nov 2 024)): pt presents w/ chest pain.
The plan was discussed with the patient, who understands and agrees. rule out depression

URGENT REVIEW (09st Jan 2025): mood changes.
EKG shows normal sinus rhythm without ST changes or conduction abnormalities. confirmed bipolar_disorder[diagnos;is]

URGENT REVIEW (17th Jan 2025): headache x3 months. He denies any fever, chills, or night sweats. Urinalysis negative for blood, protein, and leukocyte esterase. Current medications include: lisinopril 10mg daily, metformin 500mg twice daily, and atorvastatin 20mg at bedtime. consistent w/ hypothyroidism

F/U (04 Feb 2025): remission.
Heart: Regular rate and rhythm, no murmurs. unclear etiology, could be Parkinson's_disea,se vs adrenal_insufficiency switch to atorvastatin

CLINIC VISIT (24/02/25): headac Cardiovascular: Regular rate and rhythm. No murmurs, rubs, or gallops. Normal S1 and S2. Psychiatric: Alert and oriented x3. Mood and affect appropriate. The plan was discussed with the patient, who understands and agrees. he x1 week remission suspect gout observe and reassess","[{""id"": ""ent_1"", ""value"": ""chest pain"", ""preferred_name"": ""Chest pain"", ""cui"": ""29857009"", ""category"": ""finding"", ""negated"": false, ""subject"": ""Other"", ""start"": 211, ""end"": 221}, {""id"": ""ent_2"", ""value"": ""depression"", ""preferred_name"": ""Depressive disorder"", ""cui"": ""35489007"", ""category"": ""disorder"", ""negated"": false, ""subject"": ""Other"", ""start"": 301, ""end"": 311}, {""id"": ""ent_3"", ""value"": ""mood changes"", ""preferred_name"": ""Mood swings"", ""cui"": ""18963009"", ""category"": ""finding"", ""negated"": false, ""subject"": ""Other"", ""start"": 344, ""end"": 356}, {""id"": ""ent_4"", ""value"": ""normal sinus rhythm"", ""preferred_name"": ""Normal sinus rhythm"", ""cui"": ""64730000"", ""category"": ""finding"", ""negated"": false, ""subject"": ""Other"", ""start"": 368, ""end"": 387}, {""id"": ""ent_5"", ""value"": ""conduction abnormalities"", ""preferred_name"": ""Abnormal cardiac conduction"", ""cui"": ""36358004"", ""category"": ""finding"", ""negated"": false, ""subject"": ""Other"", ""start"": 410, ""end"": 434}, {""id"": ""ent_6"", ""value"": ""bipolar_disorder"", ""preferred_name"": ""Bipolar disorder"", ""cui"": ""13746004"", ""category"": ""disorder"", ""negated"": false, ""subject"": ""Other"", ""start"": 446, ""end"": 462}, {""id"": ""ent_7"", ""value"": ""headache"", ""preferred_name"": ""Headache"", ""cui"": ""25064002"", ""category"": ""finding"", ""negated"": false, ""subject"": ""Other"", ""start"": 507, ""end"": 515}, {""id"": ""ent_8"", ""value"": ""fever, chills"", ""preferred_name"": ""Fever with chills"", ""cui"": ""274640006"", ""category"": ""finding"", ""negated"": false, ""subject"": ""Other"", ""start"": 541, ""end"": 554}, {""id"": ""ent_9"", ""value"": ""night sweats"", ""preferred_name"": ""Night sweats"", ""cui"": ""42984000"", ""category"": ""finding"", ""negated"": false, ""subject"": ""Other"", ""start"": 559, ""end"": 571}, {""id"": ""ent_10"", ""value"": ""lisinopril"", ""preferred_name"": ""Lisinopril"", ""cui"": ""386873009"", ""category"": ""substance"", ""negated"": false, ""subject"": ""Other"", ""start"": 666, ""end"": 676}, {""id"": ""ent_11"", ""value"": ""metformin"", ""preferred_name"": ""Metformin"", ""cui"": ""372567009"", ""category"": ""substance"", ""negated"": false, ""subject"": ""Other"", ""start"": 689, ""end"": 698}, {""id"": ""ent_12"", ""value"": ""atorvastatin"", ""preferred_name"": ""Atorvastatin"", ""cui"": ""373444002"", ""category"": ""substance"", ""negated"": false, ""subject"": ""Other"", ""start"": 722, ""end"": 734}, {""id"": ""ent_13"", ""value"": ""hypothyroidism"", ""preferred_name"": ""Hypothyroidism"", ""cui"": ""40930008"", ""category"": ""disorder"", ""negated"": false, ""subject"": ""Other"", ""start"": 766, ""end"": 780}, {""id"": ""ent_14"", ""value"": ""murmurs"", ""preferred_name"": ""Murmur"", ""cui"": ""414786004"", ""category"": ""finding"", ""negated"": false, ""subject"": ""Other"", ""start"": 847, ""end"": 854}, {""id"": ""ent_15"", ""value"": ""Parkinson's"", ""preferred_name"": ""Parkinson's disease"", ""cui"": ""49049000"", ""category"": ""disorder"", ""negated"": false, ""subject"": ""Other"", ""start"": 883, ""end"": 894}, {""id"": ""ent_16"", ""value"": ""adrenal_insufficiency"", ""preferred_name"": ""Adrenal cortical hypofunction"", ""cui"": ""386584007"", ""category"": ""disorder"", ""negated"": false, ""subject"": ""Other"", ""start"": 907, ""end"": 928}, {""id"": ""ent_17"", ""value"": ""atorvastatin"", ""preferred_name"": ""Atorvastatin"", ""cui"": ""373444002"", ""category"": ""substance"", ""negated"": false, ""subject"": ""Other"", ""start"": 939, ""end"": 951}, {""id"": ""ent_18"", ""value"": ""murmurs"", ""preferred_name"": ""Murmur"", ""cui"": ""414786004"", ""category"": ""finding"", ""negated"": false, ""subject"": ""Other"", ""start"": 1029, ""end"": 1036}, {""id"": ""ent_19"", ""value"": ""rubs"", ""preferred_name"": ""Pericardial friction rub"", ""cui"": ""7036007"", ""category"": ""finding"", ""negated"": false, ""subject"": ""Other"", ""start"": 1038, ""end"": 1042}]","[{""id"": ""abs_1"", ""value"": ""30-10-2024"", ""start"": 27, ""end"": 37}, {""id"": ""abs_2"", ""value"": ""Jan 2025"", ""start"": 333, ""end"": 341}, {""id"": ""abs_3"", ""value"": ""Jan 2025"", ""start"": 496, ""end"": 504}, {""id"": ""abs_4"", ""value"": ""Feb 2025"", ""start"": 790, ""end"": 798}, {""id"": ""abs_5"", ""value"": ""24/02/25"", ""start"": 967, ""end"": 975}]",[]
10,19,"New patient((28 Jan 2025)): pt presents w/ Medications were reconciled during the visit. Patient advised to maintain a symptom diary for review at next appointment. Noted ebola virus disease in medical history. Patient has a history of congenital malformation. Cardiovascular: Regular rate and rhythm. Lymphatic: No cervical, axillary, or inguinal lymphadenopathy. Patient tolerated the procedure well. No murmurs, rubs, or gallops. Normal S1 and S2. Patient reports occasional use of over-the-counter analgesics for pain management.
Lymphatic: No cervical, axillary, or inguinal lymphadenopathy.  excessive thirst. resolving microadenoma


Musculoskeletal: Full range of motion in all extremities. No edema or deformity noted.Evaluation((22nd Feb 2025)): pt presents w/ nausea/vomiting.
The patient was advised to return if symptoms worsen. new dx of Cushing's_syndrome

Phone note((21st Mar 2025)): resolved. increase dose

Heart: Regular rate and rhythm, no murmurs. Noted hyperlipidemia in medical history. disorder of pancreas was discussed.

 No known drug allergies or adverse reactions reported.The patient was advised to return if symptoms worsen.Labs (29rd Mar 2025): positive ANA. rule out cluster_headache

Recommended lifestyle modifications including diet changes and regular exercise. Labs from this morning were unremarkable.
 Basic metabolic panel within normal limits with sodium 140, potassium 4.2, creatinine 0.9.Phone note((30 Apr'25)): progressive. taper medication","[{""id"": ""ent_1"", ""value"": ""next appointment"", ""preferred_name"": ""Next appointment"", ""cui"": ""390840006"", ""category"": ""finding"", ""negated"": false, ""subject"": ""Other"", ""start"": 147, ""end"": 163}, {""id"": ""ent_2"", ""value"": ""ebola virus disease"", ""preferred_name"": ""Ebola virus disease"", ""cui"": ""37109004"", ""category"": ""disorder"", ""negated"": false, ""subject"": ""Other"", ""start"": 171, ""end"": 190}, {""id"": ""ent_3"", ""value"": ""congenital malformation"", ""preferred_name"": ""Congenital malformation"", ""cui"": ""276654001"", ""category"": ""disorder"", ""negated"": false, ""subject"": ""Other"", ""start"": 236, ""end"": 259}, {""id"": ""ent_4"", ""value"": ""inguinal lymphadenopathy"", ""preferred_name"": ""Inguinal lymphadenopathy"", ""cui"": ""127199000"", ""category"": ""disorder"", ""negated"": false, ""subject"": ""Other"", ""start"": 339, ""end"": 363}, {""id"": ""ent_5"", ""value"": ""murmurs"", ""preferred_name"": ""Murmur"", ""cui"": ""414786004"", ""category"": ""finding"", ""negated"": false, ""subject"": ""Other"", ""start"": 406, ""end"": 413}, {""id"": ""ent_6"", ""value"": ""rubs"", ""preferred_name"": ""Pericardial friction rub"", ""cui"": ""7036007"", ""category"": ""finding"", ""negated"": false, ""subject"": ""Other"", ""start"": 415, ""end"": 419}, {""id"": ""ent_7"", ""value"": ""analgesics"", ""preferred_name"": ""Analgesic"", ""cui"": ""373265006"", ""category"": ""substance"", ""negated"": false, ""subject"": ""Other"", ""start"": 502, ""end"": 512}, {""id"": ""ent_8"", ""value"": ""inguinal lymphadenopathy"", ""preferred_name"": ""Inguinal lymphadenopathy"", ""cui"": ""127199000"", ""category"": ""disorder"", ""negated"": false, ""subject"": ""Other"", ""start"": 571, ""end"": 595}, {""id"": ""ent_9"", ""value"": ""excessive thirst"", ""preferred_name"": ""Excessive thirst"", ""cui"": ""17173007"", ""category"": ""finding"", ""negated"": false, ""subject"": ""Other"", ""start"": 598, ""end"": 614}, {""id"": ""ent_10"", ""value"": ""Musculoskeletal"", ""preferred_name"": ""Musculoskeletal finding"", ""cui"": ""106028002"", ""category"": ""finding"", ""negated"": false, ""subject"": ""Other"", ""start"": 641, ""end"": 656}, {""id"": ""ent_11"", ""value"": ""deformity"", ""preferred_name"": ""Deformity"", ""cui"": ""417893002"", ""category"": ""finding"", ""negated"": false, ""subject"": ""Other"", ""start"": 711, ""end"": 720}, {""id"": ""ent_12"", ""value"": ""nausea/vomiting"", ""preferred_name"": ""Nausea and vomiting"", ""cui"": ""16932000"", ""category"": ""disorder"", ""negated"": false, ""subject"": ""Patient"", ""start"": 771, ""end"": 786}, {""id"": ""ent_13"", ""value"": ""Cushing's_syndrome"", ""preferred_name"": ""Hypercortisolism"", ""cui"": ""47270006"", ""category"": ""disorder"", ""negated"": false, ""subject"": ""Other"", ""start"": 852, ""end"": 870}, {""id"": ""ent_14"", ""value"": ""murmurs"", ""preferred_name"": ""Murmur"", ""cui"": ""414786004"", ""category"": ""finding"", ""negated"": false, ""subject"": ""Other"", ""start"": 961, ""end"": 968}, {""id"": ""ent_15"", ""value"": ""hyperlipidemia"", ""preferred_name"": ""Hyperlipidemia"", ""cui"": ""55822004"", ""category"": ""disorder"", ""negated"": false, ""subject"": ""Other"", ""start"": 976, ""end"": 990}, {""id"": ""ent_16"", ""value"": ""disorder of pancreas"", ""preferred_name"": ""Disorder of pancreas"", ""cui"": ""3855007"", ""category"": ""disorder"", ""negated"": false, ""subject"": ""Other"", ""start"": 1011, ""end"": 1031}, {""id"": ""ent_17"", ""value"": ""adverse reactions"", ""preferred_name"": ""Adverse reaction"", ""cui"": ""281647001"", ""category"": ""disorder"", ""negated"": false, ""subject"": ""Other"", ""start"": 1076, ""end"": 1093}, {""id"": ""ent_18"", ""value"": ""positive ANA"", ""preferred_name"": ""Anti-nuclear factor positive"", ""cui"": ""165850001"", ""category"": ""finding"", ""negated"": false, ""subject"": ""Other"", ""start"": 1178, ""end"": 1190}, {""id"": ""ent_19"", ""value"": ""cluster_headache"", ""preferred_name"": ""Cluster headache syndrome"", ""cui"": ""193031009"", ""category"": ""disorder"", ""negated"": false, ""subject"": ""Other"", ""start"": 1201, ""end"": 1217}, {""id"": ""ent_20"", ""value"": ""lifestyle"", ""preferred_name"": ""Lifestyle"", ""cui"": ""134436002"", ""category"": ""finding"", ""negated"": false, ""subject"": ""Other"", ""start"": 1231, ""end"": 1240}, {""id"": ""ent_21"", ""value"": ""diet"", ""preferred_name"": ""Dietary finding"", ""cui"": ""41829006"", ""category"": ""finding"", ""negated"": false, ""subject"": ""Other"", ""start"": 1265, ""end"": 1269}]","[{""id"": ""abs_1"", ""value"": ""Jan 2025"", ""start"": 16, ""end"": 24}, {""id"": ""abs_2"", ""value"": ""Feb 2025"", ""start"": 744, ""end"": 752}, {""id"": ""abs_3"", ""value"": ""Mar 2025"", ""start"": 889, ""end"": 897}, {""id"": ""abs_4"", ""value"": ""Mar 2025"", ""start"": 1167, ""end"": 1175}]","[{""id"": ""rel_1"", ""value"": ""this morning"", ""start"": 1310, ""end"": 1322, ""pattern_type"": ""part_of_day""}]"
1,20,"CLINIC VISIT (27th Jan 2025): weight los s remission rule out hyperlipidemia cont current medications

Heart: Regular rate and rhythm, no murmurs. neoplasm of pituitary gland was discussed.
The patient was counseled on lifestyle modifications. Patient has a history of meningitis. Noted hydrocephalus in medical history.
 The patient was advised to return if symptoms worsen.
Patient tolerated the procedure well.
GI: Bowel sounds present in all four quadrants. No hepatosplenomegaly.X-r;ay (22 Feb 2025): co Abdomen: Soft, non-tender, non-distended. Patient advised to maintain a symptom diary for review at next appointment. A review of systems was otherwise negative.
Referral placed for physical therapy twice weekly for 6 weeks. nsistent with gout.imp: gout
 GI: Bowel sounds present in all four quadrants. The patient was advised to return if symptoms worsen. MRI of the brain demonstrates age-appropriate atrophy without evidence of mass or stroke. Musculoskeletal: Full range of motion in all extremities. No edema or deformity noted. No hepatosplenomegaly.

Recommended lifestyle modifications including diet changes and regular exercise. No known drug allergies or adverse reactions reported.Phone note((26/02/2 025)): fluctuating.refer to Rheumatology

CT scan of the head shows no acute intracranial abnormalities.
 Abdomen: Soft, non-tender, non-distended.URGENT REVIEW (12 Ap.r 2025): joint pain.resolving hypothyroidi sm","[{""id"": ""ent_1"", ""value"": ""hyperlipidemia"", ""preferred_name"": ""Hyperlipidemia"", ""cui"": ""55822004"", ""category"": ""disorder"", ""negated"": false, ""subject"": ""Other"", ""start"": 62, ""end"": 76}, {""id"": ""ent_2"", ""value"": ""murmurs"", ""preferred_name"": ""Murmur"", ""cui"": ""414786004"", ""category"": ""finding"", ""negated"": false, ""subject"": ""Other"", ""start"": 138, ""end"": 145}, {""id"": ""ent_3"", ""value"": ""neoplasm of pituitary gland"", ""preferred_name"": ""Neoplasm of pituitary gland"", ""cui"": ""127024001"", ""category"": ""disorder"", ""negated"": false, ""subject"": ""Other"", ""start"": 147, ""end"": 174}, {""id"": ""ent_4"", ""value"": ""lifestyle"", ""preferred_name"": ""Lifestyle"", ""cui"": ""134436002"", ""category"": ""finding"", ""negated"": false, ""subject"": ""Other"", ""start"": 219, ""end"": 228}, {""id"": ""ent_5"", ""value"": ""hydrocephalus"", ""preferred_name"": ""Hydrocephalus"", ""cui"": ""230745008"", ""category"": ""disorder"", ""negated"": false, ""subject"": ""Other"", ""start"": 287, ""end"": 300}, {""id"": ""ent_6"", ""value"": ""hepatosplenomegaly"", ""preferred_name"": ""Hepatosplenomegaly"", ""cui"": ""36760000"", ""category"": ""disorder"", ""negated"": false, ""subject"": ""Other"", ""start"": 465, ""end"": 483}, {""id"": ""ent_7"", ""value"": ""next appointment"", ""preferred_name"": ""Next appointment"", ""cui"": ""390840006"", ""category"": ""finding"", ""negated"": false, ""subject"": ""Other"", ""start"": 609, ""end"": 625}, {""id"": ""ent_8"", ""value"": ""stroke"", ""preferred_name"": ""Cerebrovascular accident"", ""cui"": ""230690007"", ""category"": ""disorder"", ""negated"": false, ""subject"": ""Other"", ""start"": 948, ""end"": 954}, {""id"": ""ent_9"", ""value"": ""Musculoskeletal"", ""preferred_name"": ""Musculoskeletal finding"", ""cui"": ""106028002"", ""category"": ""finding"", ""negated"": false, ""subject"": ""Other"", ""start"": 956, ""end"": 971}, {""id"": ""ent_10"", ""value"": ""deformity"", ""preferred_name"": ""Deformity"", ""cui"": ""417893002"", ""category"": ""finding"", ""negated"": false, ""subject"": ""Other"", ""start"": 1026, ""end"": 1035}, {""id"": ""ent_11"", ""value"": ""hepatosplenomegaly"", ""preferred_name"": ""Hepatosplenomegaly"", ""cui"": ""36760000"", ""category"": ""disorder"", ""negated"": false, ""subject"": ""Other"", ""start"": 1046, ""end"": 1064}, {""id"": ""ent_12"", ""value"": ""lifestyle"", ""preferred_name"": ""Lifestyle"", ""cui"": ""134436002"", ""category"": ""finding"", ""negated"": false, ""subject"": ""Other"", ""start"": 1079, ""end"": 1088}, {""id"": ""ent_13"", ""value"": ""diet"", ""preferred_name"": ""Dietary finding"", ""cui"": ""41829006"", ""category"": ""finding"", ""negated"": false, ""subject"": ""Other"", ""start"": 1113, ""end"": 1117}, {""id"": ""ent_14"", ""value"": ""adverse reactions"", ""preferred_name"": ""Adverse reaction"", ""cui"": ""281647001"", ""category"": ""disorder"", ""negated"": false, ""subject"": ""Other"", ""start"": 1175, ""end"": 1192}, {""id"": ""ent_15"", ""value"": ""joint pain"", ""preferred_name"": ""Joint pain"", ""cui"": ""57676002"", ""category"": ""finding"", ""negated"": false, ""subject"": ""Other"", ""start"": 1399, ""end"": 1409}, {""id"": ""ent_16"", ""value"": ""hypothyroidi"", ""preferred_name"": ""Hypothyroidism"", ""cui"": ""40930008"", ""category"": ""disorder"", ""negated"": false, ""subject"": ""Other"", ""start"": 1420, ""end"": 1432}]","[{""id"": ""abs_1"", ""value"": ""Jan 2025"", ""start"": 19, ""end"": 27}, {""id"": ""abs_2"", ""value"": ""Feb 2025"", ""start"": 495, ""end"": 503}]","[{""id"": ""rel_1"", ""value"": ""6 weeks"", ""start"": 722, ""end"": 729, ""pattern_type"": ""numeric_simple""}]"
2,21,"Labs (03rd Mar 2025): elevated CRP.consistent w/ rheumatoid_arthritis
 Patient was instructed on proper medication administration techniques. He denies any fever, chills, or night sweats. The plan was discussed with the patient, who understands and agrees. Patient instructed to follow up with specialist for further evaluation.
CLINIC VISIT (07nd Apr 2025): cough improved confirmed migraine taper medication

Medications were reconciled during the visit.

CT scan of the head shows no acute intracranial abnormalities.Labs (12/04/2025): normal CBC.consistent w/ Crohn's_disease

CT (05rd May 2025): c Will order additional laboratory studies at next visit if symptoms persist. Current medications include: lisinopril 10mg daily, metformin 500mg twice daily, and atorvastatin 20mg at bedtime. A review of systems was otherwise negative. onsistent w/ GERD.imp: GERD


Referral placed for physical therapy twice weekly for 6 weeks.Referral placed for physical therapy twice weekly for 6 weeks. Assessment includes atrial fibrillation.
Initial assessment((2025-06-20)): pt presents w/ joint pain.rule out anxiety

GI: Bowel sounds present in all four quadrants. No hepatosplenomegaly.
 Patient was instructed on proper medication administration techniques.CLINIC VISIT (29-07-2025): cough relapse rule out bronchitis f/u in 1 week","[{""id"": ""ent_1"", ""value"": ""elevated CRP"", ""preferred_name"": ""Elevated C-reactive protein"", ""cui"": ""119971000119104"", ""category"": ""finding"", ""negated"": false, ""subject"": ""Patient"", ""start"": 22, ""end"": 34}, {""id"": ""ent_2"", ""value"": ""rheumatoid_arthritis"", ""preferred_name"": ""Rheumatoid arthritis"", ""cui"": ""69896004"", ""category"": ""disorder"", ""negated"": false, ""subject"": ""Patient"", ""start"": 49, ""end"": 69}, {""id"": ""ent_3"", ""value"": ""fever, chills"", ""preferred_name"": ""Fever with chills"", ""cui"": ""274640006"", ""category"": ""finding"", ""negated"": false, ""subject"": ""Patient"", ""start"": 156, ""end"": 169}, {""id"": ""ent_4"", ""value"": ""night sweats"", ""preferred_name"": ""Night sweats"", ""cui"": ""42984000"", ""category"": ""finding"", ""negated"": false, ""subject"": ""Patient"", ""start"": 174, ""end"": 186}, {""id"": ""ent_5"", ""value"": ""cough"", ""preferred_name"": ""Cough"", ""cui"": ""49727002"", ""category"": ""finding"", ""negated"": false, ""subject"": ""Patient"", ""start"": 359, ""end"": 364}, {""id"": ""ent_6"", ""value"": ""migraine"", ""preferred_name"": ""Migraine"", ""cui"": ""37796009"", ""category"": ""disorder"", ""negated"": false, ""subject"": ""Patient"", ""start"": 384, ""end"": 392}, {""id"": ""ent_7"", ""value"": ""Crohn's_disease"", ""preferred_name"": ""Crohn's disease"", ""cui"": ""34000006"", ""category"": ""disorder"", ""negated"": false, ""subject"": ""Patient"", ""start"": 564, ""end"": 579}, {""id"": ""ent_8"", ""value"": ""lisinopril"", ""preferred_name"": ""Lisinopril"", ""cui"": ""386873009"", ""category"": ""substance"", ""negated"": false, ""subject"": ""Patient"", ""start"": 708, ""end"": 718}, {""id"": ""ent_9"", ""value"": ""metformin"", ""preferred_name"": ""Metformin"", ""cui"": ""372567009"", ""category"": ""substance"", ""negated"": false, ""subject"": ""Patient"", ""start"": 731, ""end"": 740}, {""id"": ""ent_10"", ""value"": ""atorvastatin"", ""preferred_name"": ""Atorvastatin"", ""cui"": ""373444002"", ""category"": ""substance"", ""negated"": false, ""subject"": ""Patient"", ""start"": 764, ""end"": 776}, {""id"": ""ent_11"", ""value"": ""GERD"", ""preferred_name"": ""Gastroesophageal reflux disease"", ""cui"": ""235595009"", ""category"": ""disorder"", ""negated"": false, ""subject"": ""Patient"", ""start"": 851, ""end"": 855}, {""id"": ""ent_12"", ""value"": ""GERD"", ""preferred_name"": ""Gastroesophageal reflux disease"", ""cui"": ""235595009"", ""category"": ""disorder"", ""negated"": false, ""subject"": ""Patient"", ""start"": 861, ""end"": 865}, {""id"": ""ent_13"", ""value"": ""atrial fibrillation"", ""preferred_name"": ""Atrial fibrillation"", ""cui"": ""49436004"", ""category"": ""disorder"", ""negated"": false, ""subject"": ""Patient"", ""start"": 1013, ""end"": 1032}, {""id"": ""ent_14"", ""value"": ""joint pain"", ""preferred_name"": ""Joint pain"", ""cui"": ""57676002"", ""category"": ""finding"", ""negated"": false, ""subject"": ""Patient"", ""start"": 1083, ""end"": 1093}, {""id"": ""ent_15"", ""value"": ""anxiety"", ""preferred_name"": ""Anxiety"", ""cui"": ""48694002"", ""category"": ""finding"", ""negated"": false, ""subject"": ""Patient"", ""start"": 1103, ""end"": 1110}, {""id"": ""ent_16"", ""value"": ""hepatosplenomegaly"", ""preferred_name"": ""Hepatosplenomegaly"", ""cui"": ""36760000"", ""category"": ""disorder"", ""negated"": false, ""subject"": ""Patient"", ""start"": 1163, ""end"": 1181}, {""id"": ""ent_17"", ""value"": ""cough"", ""preferred_name"": ""Cough"", ""cui"": ""49727002"", ""category"": ""finding"", ""negated"": false, ""subject"": ""Patient"", ""start"": 1281, ""end"": 1286}, {""id"": ""ent_18"", ""value"": ""bronchitis"", ""preferred_name"": ""Bronchitis"", ""cui"": ""32398004"", ""category"": ""disorder"", ""negated"": false, ""subject"": ""Patient"", ""start"": 1304, ""end"": 1314}]","[{""id"": ""abs_1"", ""value"": ""Mar 2025"", ""start"": 11, ""end"": 19}, {""id"": ""abs_2"", ""value"": ""Apr 2025"", ""start"": 348, ""end"": 356}, {""id"": ""abs_3"", ""value"": ""12/04/2025"", ""start"": 526, ""end"": 536}, {""id"": ""abs_4"", ""value"": ""May 2025"", ""start"": 590, ""end"": 598}, {""id"": ""abs_5"", ""value"": ""2025-06"", ""start"": 1054, ""end"": 1061}, {""id"": ""abs_6"", ""value"": ""29-07-2025"", ""start"": 1268, ""end"": 1278}]","[{""id"": ""rel_1"", ""value"": ""6 weeks"", ""start"": 922, ""end"": 929, ""pattern_type"": ""numeric_simple""}, {""id"": ""rel_2"", ""value"": ""1 week"", ""start"": 1319, ""end"": 1325, ""pattern_type"": ""numeric_simple""}]"
3,22,"CLINIC VISIT (20/11/2024): cough fluctuating un No known drug allergies or adverse reactions reported. Current medications include: lisinopril 10mg daily, metformin 500mg twice daily, and atorvastatin 20mg at bedtime.

Lungs clear to auscultation bilaterally.Abdomen: Soft, non-tender, non-distended. The patient's vital signs are stable. clear etiology, could be tension_headache vs bronchitis increase dose

Patient tolerated the procedure well. Referral placed for physical therapy twice weekly for 6 weeks.
PET scan (2024-12-20): shows 1.2cm mass in thyroid. congenital malformation was discussed.
He denies any fever, chills, or night sweats. Patient was instructed on proper medication administration techniques.


Musculoskeletal: Full range of motion in all extremities. Noted meningitis in medical history. No edema or deformity noted.Patient was instructed on proper medication administration techniques.MRI of the brain demonstrates age-appropriate atrophy without evidence of mass or stroke. imp: fibromyalg.ia
 Patient is afebrile with normal vital signs.
Respiratory: Clear to auscultation bilaterally. No wheezes, rales, or rhonchi.


Referral placed for physical therapy twice weekly for 6 weeks.Will order additional laboratory studies at next visit if symptoms persist.URGENT REVIEW (08st ,Feb 2025): abdominal pain. consistent w/ pituitary_adenom.a","[{""id"": ""ent_1"", ""value"": ""cough"", ""preferred_name"": ""Cough"", ""cui"": ""49727002"", ""category"": ""finding"", ""negated"": false, ""subject"": ""Patient"", ""start"": 27, ""end"": 32}, {""id"": ""ent_2"", ""value"": ""adverse reactions"", ""preferred_name"": ""Adverse reaction"", ""cui"": ""281647001"", ""category"": ""disorder"", ""negated"": false, ""subject"": ""Other"", ""start"": 75, ""end"": 92}, {""id"": ""ent_3"", ""value"": ""lisinopril"", ""preferred_name"": ""Lisinopril"", ""cui"": ""386873009"", ""category"": ""substance"", ""negated"": false, ""subject"": ""Other"", ""start"": 132, ""end"": 142}, {""id"": ""ent_4"", ""value"": ""metformin"", ""preferred_name"": ""Metformin"", ""cui"": ""372567009"", ""category"": ""substance"", ""negated"": false, ""subject"": ""Other"", ""start"": 155, ""end"": 164}, {""id"": ""ent_5"", ""value"": ""atorvastatin"", ""preferred_name"": ""Atorvastatin"", ""cui"": ""373444002"", ""category"": ""substance"", ""negated"": false, ""subject"": ""Other"", ""start"": 188, ""end"": 200}, {""id"": ""ent_6"", ""value"": ""vital signs"", ""preferred_name"": ""Vital signs finding"", ""cui"": ""118227000"", ""category"": ""finding"", ""negated"": false, ""subject"": ""Other"", ""start"": 315, ""end"": 326}, {""id"": ""ent_7"", ""value"": ""tension_headache"", ""preferred_name"": ""Tension-type headache"", ""cui"": ""398057008"", ""category"": ""disorder"", ""negated"": false, ""subject"": ""Other"", ""start"": 364, ""end"": 380}, {""id"": ""ent_8"", ""value"": ""bronchitis"", ""preferred_name"": ""Bronchitis"", ""cui"": ""32398004"", ""category"": ""disorder"", ""negated"": false, ""subject"": ""Other"", ""start"": 384, ""end"": 394}, {""id"": ""ent_9"", ""value"": ""congenital malformation"", ""preferred_name"": ""Congenital malformation"", ""cui"": ""276654001"", ""category"": ""disorder"", ""negated"": false, ""subject"": ""Other"", ""start"": 563, ""end"": 586}, {""id"": ""ent_10"", ""value"": ""fever, chills"", ""preferred_name"": ""Fever with chills"", ""cui"": ""274640006"", ""category"": ""finding"", ""negated"": false, ""subject"": ""Patient"", ""start"": 616, ""end"": 629}, {""id"": ""ent_11"", ""value"": ""night sweats"", ""preferred_name"": ""Night sweats"", ""cui"": ""42984000"", ""category"": ""finding"", ""negated"": false, ""subject"": ""Other"", ""start"": 634, ""end"": 646}, {""id"": ""ent_12"", ""value"": ""Musculoskeletal"", ""preferred_name"": ""Musculoskeletal finding"", ""cui"": ""106028002"", ""category"": ""finding"", ""negated"": false, ""subject"": ""Other"", ""start"": 721, ""end"": 736}, {""id"": ""ent_13"", ""value"": ""meningitis"", ""preferred_name"": ""Meningitis"", ""cui"": ""7180009"", ""category"": ""disorder"", ""negated"": false, ""subject"": ""Other"", ""start"": 785, ""end"": 795}, {""id"": ""ent_14"", ""value"": ""deformity"", ""preferred_name"": ""Deformity"", ""cui"": ""417893002"", ""category"": ""finding"", ""negated"": false, ""subject"": ""Other"", ""start"": 828, ""end"": 837}, {""id"": ""ent_15"", ""value"": ""stroke"", ""preferred_name"": ""Cerebrovascular accident"", ""cui"": ""230690007"", ""category"": ""disorder"", ""negated"": false, ""subject"": ""Other"", ""start"": 996, ""end"": 1002}, {""id"": ""ent_16"", ""value"": ""normal vital signs"", ""preferred_name"": ""Normal vital signs"", ""cui"": ""72970002"", ""category"": ""finding"", ""negated"": false, ""subject"": ""Other"", ""start"": 1049, ""end"": 1067}, {""id"": ""ent_17"", ""value"": ""wheezes"", ""preferred_name"": ""Wheezing"", ""cui"": ""56018004"", ""category"": ""finding"", ""negated"": false, ""subject"": ""Other"", ""start"": 1120, ""end"": 1127}, {""id"": ""ent_18"", ""value"": ""rales"", ""preferred_name"": ""Respiratory crackles"", ""cui"": ""48409008"", ""category"": ""finding"", ""negated"": false, ""subject"": ""Other"", ""start"": 1129, ""end"": 1134}, {""id"": ""ent_19"", ""value"": ""rhonchi"", ""preferred_name"": ""Wheeze - rhonchi"", ""cui"": ""24612001"", ""category"": ""finding"", ""negated"": false, ""subject"": ""Other"", ""start"": 1139, ""end"": 1146}, {""id"": ""ent_20"", ""value"": ""abdominal pain"", ""preferred_name"": ""Abdominal pain"", ""cui"": ""21522001"", ""category"": ""finding"", ""negated"": false, ""subject"": ""Patient"", ""start"": 1319, ""end"": 1333}]","[{""id"": ""abs_1"", ""value"": ""20/11/2024"", ""start"": 14, ""end"": 24}, {""id"": ""abs_2"", ""value"": ""2024-12"", ""start"": 521, ""end"": 528}, {""id"": ""abs_3"", ""value"": ""Feb 2025"", ""start"": 1308, ""end"": 1316}]","[{""id"": ""rel_1"", ""value"": ""6 weeks"", ""start"": 502, ""end"": 509, ""pattern_type"": ""numeric_simple""}]"
4,23,"CLINIC VISIT (25-10-2024): shortness of breath fluc Lymphatic: No cervical, axillary, or inguinal lymphadenopathy. Chest X-ray reveals clear lung fields without infiltrates or effusions. Patient reports compliance with current medication regimen.
Imaging studies were reviewed with the patient. tuating unclear etiology,could be anemia vs prolactinoma f/u in 1 week

Labs (16/12/24): positive ANA. Will order additional laboratory studies at next visit if symptoms persist. resolving bronchitis

Ultrasound (29 Jan'25): evidence of fluid collection. imp: tension_headache

CLINIC VISIT (25-02-2025): chest pain Skin: No rashes, lesions, or abnormal pigmentation. Good turgor and hydration. Psychiatric: Alert and oriented x3. Mood and affect appropriate.  resolved suspect gout refer to Psy,chiatry

X-ray (14/04/2025): evidence of mass effect. HEENT: Normocephalic, atraumatic. Pupils equal, round, and reactive to light. imp: myeloma

Neurology CONSULT (11st May 2025): resolving Cushing's_syndrome observe and reassess


He denies any fever, chills, or night sweats.Labs (07 Jun'25): elevated CRP. confirmed GERD

 Medication dosages were adjusted based on recent laboratory findings.Psychiatry CONSULT (09st Jul 2025): rule out myeloma refer to Rheumatology","[{""id"": ""ent_1"", ""value"": ""shortness of breath"", ""preferred_name"": ""Dyspnea"", ""cui"": ""267036007"", ""category"": ""finding"", ""negated"": false, ""subject"": ""Patient"", ""start"": 27, ""end"": 46}, {""id"": ""ent_2"", ""value"": ""inguinal lymphadenopathy"", ""preferred_name"": ""Inguinal lymphadenopathy"", ""cui"": ""127199000"", ""category"": ""disorder"", ""negated"": false, ""subject"": ""Other"", ""start"": 89, ""end"": 113}, {""id"": ""ent_3"", ""value"": ""infiltrates"", ""preferred_name"": ""Radiologic infiltrate of lung"", ""cui"": ""409609008"", ""category"": ""disorder"", ""negated"": false, ""subject"": ""Other"", ""start"": 161, ""end"": 172}, {""id"": ""ent_4"", ""value"": ""effusions"", ""preferred_name"": ""Effusion"", ""cui"": ""430869004"", ""category"": ""substance"", ""negated"": false, ""subject"": ""Other"", ""start"": 176, ""end"": 185}, {""id"": ""ent_5"", ""value"": ""anemia"", ""preferred_name"": ""Anemia"", ""cui"": ""271737000"", ""category"": ""disorder"", ""negated"": false, ""subject"": ""Other"", ""start"": 329, ""end"": 335}, {""id"": ""ent_6"", ""value"": ""prolactinoma"", ""preferred_name"": ""Prolactinoma"", ""cui"": ""134209002"", ""category"": ""disorder"", ""negated"": false, ""subject"": ""Other"", ""start"": 339, ""end"": 351}, {""id"": ""ent_7"", ""value"": ""positive ANA"", ""preferred_name"": ""Anti-nuclear factor positive"", ""cui"": ""165850001"", ""category"": ""finding"", ""negated"": false, ""subject"": ""Patient"", ""start"": 384, ""end"": 396}, {""id"": ""ent_8"", ""value"": ""bronchitis"", ""preferred_name"": ""Bronchitis"", ""cui"": ""32398004"", ""category"": ""disorder"", ""negated"": false, ""subject"": ""Patient"", ""start"": 484, ""end"": 494}, {""id"": ""ent_9"", ""value"": ""tension_headache"", ""preferred_name"": ""Tension-type headache"", ""cui"": ""398057008"", ""category"": ""disorder"", ""negated"": false, ""subject"": ""Other"", ""start"": 555, ""end"": 571}, {""id"": ""ent_10"", ""value"": ""chest pain"", ""preferred_name"": ""Chest pain"", ""cui"": ""29857009"", ""category"": ""finding"", ""negated"": false, ""subject"": ""Patient"", ""start"": 600, ""end"": 610}, {""id"": ""ent_11"", ""value"": ""rashes"", ""preferred_name"": ""Eruption of skin"", ""cui"": ""271807003"", ""category"": ""disorder"", ""negated"": false, ""subject"": ""Other"", ""start"": 620, ""end"": 626}, {""id"": ""ent_12"", ""value"": ""myeloma"", ""preferred_name"": ""Multiple myeloma"", ""cui"": ""109989006"", ""category"": ""disorder"", ""negated"": false, ""subject"": ""Other"", ""start"": 928, ""end"": 935}, {""id"": ""ent_13"", ""value"": ""Cushing's_syndrome"", ""preferred_name"": ""Hypercortisolism"", ""cui"": ""47270006"", ""category"": ""disorder"", ""negated"": false, ""subject"": ""Other"", ""start"": 982, ""end"": 1000}, {""id"": ""ent_14"", ""value"": ""fever, chills"", ""preferred_name"": ""Fever with chills"", ""cui"": ""274640006"", ""category"": ""finding"", ""negated"": false, ""subject"": ""Patient"", ""start"": 1038, ""end"": 1051}, {""id"": ""ent_15"", ""value"": ""night sweats"", ""preferred_name"": ""Night sweats"", ""cui"": ""42984000"", ""category"": ""finding"", ""negated"": false, ""subject"": ""Other"", ""start"": 1056, ""end"": 1068}, {""id"": ""ent_16"", ""value"": ""elevated CRP"", ""preferred_name"": ""Elevated C-reactive protein"", ""cui"": ""119971000119104"", ""category"": ""finding"", ""negated"": false, ""subject"": ""Patient"", ""start"": 1087, ""end"": 1099}, {""id"": ""ent_17"", ""value"": ""GERD"", ""preferred_name"": ""Gastroesophageal reflux disease"", ""cui"": ""235595009"", ""category"": ""disorder"", ""negated"": false, ""subject"": ""Patient"", ""start"": 1111, ""end"": 1115}, {""id"": ""ent_18"", ""value"": ""myeloma"", ""preferred_name"": ""Multiple myeloma"", ""cui"": ""109989006"", ""category"": ""disorder"", ""negated"": false, ""subject"": ""Patient"", ""start"": 1232, ""end"": 1239}]","[{""id"": ""abs_1"", ""value"": ""25-10-2024"", ""start"": 14, ""end"": 24}, {""id"": ""abs_2"", ""value"": ""16/12/24"", ""start"": 373, ""end"": 381}, {""id"": ""abs_3"", ""value"": ""25-02-2025"", ""start"": 587, ""end"": 597}, {""id"": ""abs_4"", ""value"": ""14/04/2025"", ""start"": 807, ""end"": 817}, {""id"": ""abs_5"", ""value"": ""May 2025"", ""start"": 961, ""end"": 969}, {""id"": ""abs_6"", ""value"": ""Jul 2025"", ""start"": 1212, ""end"": 1220}]","[{""id"": ""rel_1"", ""value"": ""1 week"", ""start"": 359, ""end"": 365, ""pattern_type"": ""numeric_simple""}]"
5,24,"CT (27nd Apr 2024): no significant findings.imp: Cushing's_syndrome

Urinalysis negative for blood, protein, and leukocyte esterase.
The patient was advised to return if symptoms worsen. The plan was discussed with the patient, who understands and agrees. EKG shows normal sinus rhythm without ST changes or conduction abnormalities. Patient has a history of cyst.
Neurological exam within normal limits.
Cardiology CONSULT (2024-06-14): unclear etiology, could be microadenoma vs migraine f/u in 1 month

Will order additional laboratory studies at next visit if symptoms persist.
 Heart: Regular rate and rhythm, no murmurs. Skin: No rashes, lesions, or abnormal pigmentation. Patient has a history of anxiety disorder. Good turgor and hydration. Patient is afebrile with normal vital signs.URGENT REVIEW (03 Jul'24): mood changes.unclear etiology, could be diabetes_mellitus vs migraine


Urinalysis negative for blood, protein, and leukocyte esterase.
No acute distress noted on examination. The plan was discussed with the patient, who understands and agrees.

Basic metabolic panel within normal limits with sodium 140, potassium 4.2, creatinine 0.9.Skin: No rashes, lesions, or abnormal pigmentation. Patient was instructed on proper medication administration techniques. Good turgor and hydration.CLINIC VISIT (16/07/2024): nausea/vomiting progressive consistent w/ pneumonia taper medication","[{""id"": ""ent_1"", ""value"": ""Cushing's_syndrome"", ""preferred_name"": ""Hypercortisolism"", ""cui"": ""47270006"", ""category"": ""disorder"", ""negated"": false, ""subject"": ""Other"", ""start"": 49, ""end"": 67}, {""id"": ""ent_2"", ""value"": ""normal sinus rhythm"", ""preferred_name"": ""Normal sinus rhythm"", ""cui"": ""64730000"", ""category"": ""finding"", ""negated"": false, ""subject"": ""Other"", ""start"": 266, ""end"": 285}, {""id"": ""ent_3"", ""value"": ""conduction abnormalities"", ""preferred_name"": ""Abnormal cardiac conduction"", ""cui"": ""36358004"", ""category"": ""finding"", ""negated"": false, ""subject"": ""Patient"", ""start"": 308, ""end"": 332}, {""id"": ""ent_4"", ""value"": ""cyst"", ""preferred_name"": ""Cyst"", ""cui"": ""441457006"", ""category"": ""disorder"", ""negated"": false, ""subject"": ""Other"", ""start"": 359, ""end"": 363}, {""id"": ""ent_5"", ""value"": ""migraine"", ""preferred_name"": ""Migraine"", ""cui"": ""37796009"", ""category"": ""disorder"", ""negated"": false, ""subject"": ""Patient"", ""start"": 481, ""end"": 489}, {""id"": ""ent_6"", ""value"": ""murmurs"", ""preferred_name"": ""Murmur"", ""cui"": ""414786004"", ""category"": ""finding"", ""negated"": false, ""subject"": ""Other"", ""start"": 618, ""end"": 625}, {""id"": ""ent_7"", ""value"": ""rashes"", ""preferred_name"": ""Eruption of skin"", ""cui"": ""271807003"", ""category"": ""disorder"", ""negated"": false, ""subject"": ""Patient"", ""start"": 636, ""end"": 642}, {""id"": ""ent_8"", ""value"": ""anxiety disorder"", ""preferred_name"": ""Anxiety disorder"", ""cui"": ""197480006"", ""category"": ""disorder"", ""negated"": false, ""subject"": ""Other"", ""start"": 704, ""end"": 720}, {""id"": ""ent_9"", ""value"": ""normal vital signs"", ""preferred_name"": ""Normal vital signs"", ""cui"": ""72970002"", ""category"": ""finding"", ""negated"": false, ""subject"": ""Other"", ""start"": 774, ""end"": 792}, {""id"": ""ent_10"", ""value"": ""mood changes"", ""preferred_name"": ""Mood swings"", ""cui"": ""18963009"", ""category"": ""finding"", ""negated"": false, ""subject"": ""Other"", ""start"": 820, ""end"": 832}, {""id"": ""ent_11"", ""value"": ""diabetes_mellitus"", ""preferred_name"": ""Diabetes mellitus"", ""cui"": ""73211009"", ""category"": ""disorder"", ""negated"": false, ""subject"": ""Other"", ""start"": 860, ""end"": 877}, {""id"": ""ent_12"", ""value"": ""migraine"", ""preferred_name"": ""Migraine"", ""cui"": ""37796009"", ""category"": ""disorder"", ""negated"": false, ""subject"": ""Other"", ""start"": 881, ""end"": 889}, {""id"": ""ent_13"", ""value"": ""rashes"", ""preferred_name"": ""Eruption of skin"", ""cui"": ""271807003"", ""category"": ""disorder"", ""negated"": false, ""subject"": ""Patient"", ""start"": 1165, ""end"": 1171}, {""id"": ""ent_14"", ""value"": ""nausea/vomiting"", ""preferred_name"": ""Nausea and vomiting"", ""cui"": ""16932000"", ""category"": ""disorder"", ""negated"": false, ""subject"": ""Patient"", ""start"": 1332, ""end"": 1347}, {""id"": ""ent_15"", ""value"": ""pneumonia"", ""preferred_name"": ""Viral pneumonia"", ""cui"": ""75570004"", ""category"": ""disorder"", ""negated"": false, ""subject"": ""Patient"", ""start"": 1374, ""end"": 1383}]","[{""id"": ""abs_1"", ""value"": ""Apr 2024"", ""start"": 9, ""end"": 17}, {""id"": ""abs_2"", ""value"": ""2024-06"", ""start"": 425, ""end"": 432}, {""id"": ""abs_3"", ""value"": ""16/07/2024"", ""start"": 1319, ""end"": 1329}]","[{""id"": ""rel_1"", ""value"": ""1 month"", ""start"": 497, ""end"": 504, ""pattern_type"": ""numeric_simple""}]"
6,25,"Phone note((12 Jan 2025)): relapse.switch to metformin

CLINIC VISIT (17nd Feb 2025): mood changes relapse confirmed schizophrenia increase dose


She denies any nausea, vomiting, or diarrhea.Labs (24.02.25): low vitami Patient tolerated the procedure well. hydrocephalus was discussed. Will order additional laboratory studies at next visit if symptoms persist. Assessment includes meningitis. No known drug allergies or adverse reactions reported. n D.new diagnosis of anemia
 EKG shows normal sinus rhythm without ST changes or conduction abnormalities. Patient was instructed on proper medication administration techniques. Patient reports compliance with current medication regimen.
URGENT REVIEW (26/03/2025): insomnia.new diagnosis of cluster_headache
 Imaging studies were reviewed with the patient.
Consult((10/05/25)): pt presents w/ fatigue.consistent w/ epilepsy

Referral placed for physical therapy twice weekly for 6 weeks. Patient is afebrile with normal vital signs.
Patient advised to maintain a symptom diary for review at next appointment.
Visit((06/06/2025)): pt presents w/ back pain.resolving epilepsy
 The plan was discussed with the patient, who understands and agrees.

Patient reports occasional use of over-the-counter analgesics for pain management.Phone note((13/07/2025)): progressive.switch to aspirin","[{""id"": ""ent_1"", ""value"": ""metformin"", ""preferred_name"": ""Metformin"", ""cui"": ""372567009"", ""category"": ""substance"", ""negated"": false, ""subject"": ""Other"", ""start"": 45, ""end"": 54}, {""id"": ""ent_2"", ""value"": ""mood changes"", ""preferred_name"": ""Mood swings"", ""cui"": ""18963009"", ""category"": ""finding"", ""negated"": false, ""subject"": ""Patient"", ""start"": 86, ""end"": 98}, {""id"": ""ent_3"", ""value"": ""schizophrenia"", ""preferred_name"": ""Schizophrenia"", ""cui"": ""58214004"", ""category"": ""disorder"", ""negated"": false, ""subject"": ""Other"", ""start"": 117, ""end"": 130}, {""id"": ""ent_4"", ""value"": ""nausea, vomiting"", ""preferred_name"": ""Nausea and vomiting"", ""cui"": ""16932000"", ""category"": ""disorder"", ""negated"": false, ""subject"": ""Other"", ""start"": 162, ""end"": 178}, {""id"": ""ent_5"", ""value"": ""diarrhea"", ""preferred_name"": ""Diarrhea"", ""cui"": ""62315008"", ""category"": ""finding"", ""negated"": false, ""subject"": ""Other"", ""start"": 183, ""end"": 191}, {""id"": ""ent_6"", ""value"": ""hydrocephalus"", ""preferred_name"": ""Hydrocephalus"", ""cui"": ""230745008"", ""category"": ""disorder"", ""negated"": false, ""subject"": ""Other"", ""start"": 258, ""end"": 271}, {""id"": ""ent_7"", ""value"": ""meningitis"", ""preferred_name"": ""Meningitis"", ""cui"": ""7180009"", ""category"": ""disorder"", ""negated"": false, ""subject"": ""Other"", ""start"": 383, ""end"": 393}, {""id"": ""ent_8"", ""value"": ""adverse reactions"", ""preferred_name"": ""Adverse reaction"", ""cui"": ""281647001"", ""category"": ""disorder"", ""negated"": false, ""subject"": ""Other"", ""start"": 422, ""end"": 439}, {""id"": ""ent_9"", ""value"": ""anemia"", ""preferred_name"": ""Anemia"", ""cui"": ""271737000"", ""category"": ""disorder"", ""negated"": false, ""subject"": ""Other"", ""start"": 471, ""end"": 477}, {""id"": ""ent_10"", ""value"": ""normal sinus rhythm"", ""preferred_name"": ""Normal sinus rhythm"", ""cui"": ""64730000"", ""category"": ""finding"", ""negated"": false, ""subject"": ""Other"", ""start"": 489, ""end"": 508}, {""id"": ""ent_11"", ""value"": ""conduction abnormalities"", ""preferred_name"": ""Abnormal cardiac conduction"", ""cui"": ""36358004"", ""category"": ""finding"", ""negated"": false, ""subject"": ""Other"", ""start"": 531, ""end"": 555}, {""id"": ""ent_12"", ""value"": ""cluster_headache"", ""preferred_name"": ""Cluster headache syndrome"", ""cui"": ""193031009"", ""category"": ""disorder"", ""negated"": false, ""subject"": ""Other"", ""start"": 742, ""end"": 758}, {""id"": ""ent_13"", ""value"": ""fatigue"", ""preferred_name"": ""Fatigue"", ""cui"": ""84229001"", ""category"": ""finding"", ""negated"": false, ""subject"": ""Other"", ""start"": 844, ""end"": 851}, {""id"": ""ent_14"", ""value"": ""epilepsy"", ""preferred_name"": ""Epilepsy"", ""cui"": ""84757009"", ""category"": ""disorder"", ""negated"": false, ""subject"": ""Other"", ""start"": 866, ""end"": 874}, {""id"": ""ent_15"", ""value"": ""normal vital signs"", ""preferred_name"": ""Normal vital signs"", ""cui"": ""72970002"", ""category"": ""finding"", ""negated"": false, ""subject"": ""Other"", ""start"": 964, ""end"": 982}, {""id"": ""ent_16"", ""value"": ""next appointment"", ""preferred_name"": ""Next appointment"", ""cui"": ""390840006"", ""category"": ""finding"", ""negated"": false, ""subject"": ""Other"", ""start"": 1042, ""end"": 1058}, {""id"": ""ent_17"", ""value"": ""back pain"", ""preferred_name"": ""Backache"", ""cui"": ""161891005"", ""category"": ""finding"", ""negated"": false, ""subject"": ""Other"", ""start"": 1096, ""end"": 1105}, {""id"": ""ent_18"", ""value"": ""epilepsy"", ""preferred_name"": ""Epilepsy"", ""cui"": ""84757009"", ""category"": ""disorder"", ""negated"": false, ""subject"": ""Other"", ""start"": 1116, ""end"": 1124}, {""id"": ""ent_19"", ""value"": ""analgesics"", ""preferred_name"": ""Analgesic"", ""cui"": ""373265006"", ""category"": ""substance"", ""negated"": false, ""subject"": ""Other"", ""start"": 1247, ""end"": 1257}, {""id"": ""ent_20"", ""value"": ""aspirin"", ""preferred_name"": ""Aspirin"", ""cui"": ""387458008"", ""category"": ""substance"", ""negated"": false, ""subject"": ""Other"", ""start"": 1326, ""end"": 1333}]","[{""id"": ""abs_1"", ""value"": ""Jan 2025"", ""start"": 15, ""end"": 23}, {""id"": ""abs_2"", ""value"": ""Feb 2025"", ""start"": 75, ""end"": 83}, {""id"": ""abs_3"", ""value"": ""26/03/2025"", ""start"": 703, ""end"": 713}, {""id"": ""abs_4"", ""value"": ""10/05/25"", ""start"": 817, ""end"": 825}, {""id"": ""abs_5"", ""value"": ""06/06/2025"", ""start"": 1067, ""end"": 1077}, {""id"": ""abs_6"", ""value"": ""13/07/2025"", ""start"": 1290, ""end"": 1300}]","[{""id"": ""rel_1"", ""value"": ""6 weeks"", ""start"": 930, ""end"": 937, ""pattern_type"": ""numeric_simple""}]"
7,26,"Labs (24st Sep 2024): elevated glucose.unclear etiology, could be IBS vs migraine

 Will order additional laboratory studies at next visit if symptoms persist.Labs (14st Nov 2024): low TSH.suspect pituitary_adenoma

 Complete blood count shows WBC 7.2, Hgb 13.5, Plt 250.F/U (14.12.24): remission.consistent GI: Bowel sounds present in all four quadrants. Patient has a history of hydrocephalus. No hepatosplenomegaly. Respiratory: Clear to auscultation bilaterally.
He denies any fever, chills, or night sweats. Will order additional laboratory studies at next visit if symptoms persist.

Heart: Regular rate and rhythm, no murmurs.Past medical history is non-contributory. No wheezes, rales, or rhonchi.  w/ epilepsy switch to prednisone


Patient advised to maintain a symptom diary for review at next appointment.CLINIC VISIT (20/01/25): joint pain worsen Patient given educational materials regarding disease management. Patient given educational materials regarding disease management. Musculoskeletal: Full range of motion in all extremities. No edema or deformity noted. No known drug allergies or adverse reactions reported. ing suspect ulcerative_colitis continue current medications

 Patient given educational materials regarding disease management.Phone note((24-01-2025)): progressive.observe and reassess","[{""id"": ""ent_1"", ""value"": ""IBS"", ""preferred_name"": ""Irritable bowel syndrome"", ""cui"": ""10743008"", ""category"": ""disorder"", ""negated"": false, ""subject"": ""Patient"", ""start"": 66, ""end"": 69}, {""id"": ""ent_2"", ""value"": ""migraine"", ""preferred_name"": ""Migraine"", ""cui"": ""37796009"", ""category"": ""disorder"", ""negated"": false, ""subject"": ""Patient"", ""start"": 73, ""end"": 81}, {""id"": ""ent_3"", ""value"": ""pituitary_adenoma"", ""preferred_name"": ""Pituitary adenoma"", ""cui"": ""254956000"", ""category"": ""disorder"", ""negated"": false, ""subject"": ""Patient"", ""start"": 197, ""end"": 214}, {""id"": ""ent_4"", ""value"": ""hydrocephalus"", ""preferred_name"": ""Hydrocephalus"", ""cui"": ""230745008"", ""category"": ""disorder"", ""negated"": false, ""subject"": ""Patient"", ""start"": 381, ""end"": 394}, {""id"": ""ent_5"", ""value"": ""hepatosplenomegaly"", ""preferred_name"": ""Hepatosplenomegaly"", ""cui"": ""36760000"", ""category"": ""disorder"", ""negated"": false, ""subject"": ""Patient"", ""start"": 399, ""end"": 417}, {""id"": ""ent_6"", ""value"": ""fever, chills"", ""preferred_name"": ""Fever with chills"", ""cui"": ""274640006"", ""category"": ""finding"", ""negated"": false, ""subject"": ""Patient"", ""start"": 481, ""end"": 494}, {""id"": ""ent_7"", ""value"": ""night sweats"", ""preferred_name"": ""Night sweats"", ""cui"": ""42984000"", ""category"": ""finding"", ""negated"": false, ""subject"": ""Patient"", ""start"": 499, ""end"": 511}, {""id"": ""ent_8"", ""value"": ""murmurs"", ""preferred_name"": ""Murmur"", ""cui"": ""414786004"", ""category"": ""finding"", ""negated"": false, ""subject"": ""Patient"", ""start"": 625, ""end"": 632}, {""id"": ""ent_9"", ""value"": ""wheezes"", ""preferred_name"": ""Wheezing"", ""cui"": ""56018004"", ""category"": ""finding"", ""negated"": false, ""subject"": ""Patient"", ""start"": 678, ""end"": 685}, {""id"": ""ent_10"", ""value"": ""rales"", ""preferred_name"": ""Respiratory crackles"", ""cui"": ""48409008"", ""category"": ""finding"", ""negated"": false, ""subject"": ""Patient"", ""start"": 687, ""end"": 692}, {""id"": ""ent_11"", ""value"": ""rhonchi"", ""preferred_name"": ""Wheeze - rhonchi"", ""cui"": ""24612001"", ""category"": ""finding"", ""negated"": false, ""subject"": ""Patient"", ""start"": 697, ""end"": 704}, {""id"": ""ent_12"", ""value"": ""epilepsy"", ""preferred_name"": ""Epilepsy"", ""cui"": ""84757009"", ""category"": ""disorder"", ""negated"": false, ""subject"": ""Patient"", ""start"": 710, ""end"": 718}, {""id"": ""ent_13"", ""value"": ""prednisone"", ""preferred_name"": ""Prednisone"", ""cui"": ""116602009"", ""category"": ""substance"", ""negated"": false, ""subject"": ""Patient"", ""start"": 729, ""end"": 739}, {""id"": ""ent_14"", ""value"": ""next appointment"", ""preferred_name"": ""Next appointment"", ""cui"": ""390840006"", ""category"": ""finding"", ""negated"": false, ""subject"": ""Patient"", ""start"": 800, ""end"": 816}, {""id"": ""ent_15"", ""value"": ""joint pain"", ""preferred_name"": ""Joint pain"", ""cui"": ""57676002"", ""category"": ""finding"", ""negated"": false, ""subject"": ""Patient"", ""start"": 842, ""end"": 852}, {""id"": ""ent_16"", ""value"": ""materials"", ""preferred_name"": ""Material"", ""cui"": ""260769002"", ""category"": ""substance"", ""negated"": false, ""subject"": ""Patient"", ""start"": 886, ""end"": 895}, {""id"": ""ent_17"", ""value"": ""materials"", ""preferred_name"": ""Material"", ""cui"": ""260769002"", ""category"": ""substance"", ""negated"": false, ""subject"": ""Patient"", ""start"": 952, ""end"": 961}, {""id"": ""ent_18"", ""value"": ""Musculoskeletal"", ""preferred_name"": ""Musculoskeletal finding"", ""cui"": ""106028002"", ""category"": ""finding"", ""negated"": false, ""subject"": ""Patient"", ""start"": 992, ""end"": 1007}, {""id"": ""ent_19"", ""value"": ""deformity"", ""preferred_name"": ""Deformity"", ""cui"": ""417893002"", ""category"": ""finding"", ""negated"": false, ""subject"": ""Patient"", ""start"": 1062, ""end"": 1071}, {""id"": ""ent_20"", ""value"": ""adverse reactions"", ""preferred_name"": ""Adverse reaction"", ""cui"": ""281647001"", ""category"": ""disorder"", ""negated"": false, ""subject"": ""Patient"", ""start"": 1106, ""end"": 1123}, {""id"": ""ent_21"", ""value"": ""ulcerative_colitis"", ""preferred_name"": ""Ulcerative colitis"", ""cui"": ""64766004"", ""category"": ""disorder"", ""negated"": false, ""subject"": ""Patient"", ""start"": 1146, ""end"": 1164}, {""id"": ""ent_22"", ""value"": ""materials"", ""preferred_name"": ""Material"", ""cui"": ""260769002"", ""category"": ""substance"", ""negated"": false, ""subject"": ""Patient"", ""start"": 1222, ""end"": 1231}]","[{""id"": ""abs_1"", ""value"": ""Sep 2024"", ""start"": 11, ""end"": 19}, {""id"": ""abs_2"", ""value"": ""Nov 2024"", ""start"": 170, ""end"": 178}, {""id"": ""abs_3"", ""value"": ""20/01/25"", ""start"": 831, ""end"": 839}, {""id"": ""abs_4"", ""value"": ""24-01-2025"", ""start"": 1273, ""end"": 1283}]",[]
8,27,"Phone note((22.11.24)): fluctuating.admit to hospital

X-ray (21st Dec 2024): shows 3.1cm mass in adrenal gland.imp: hypertension

F/U (14.01.25): progressive.confirmed COPD taper med ication


Patient was instructed on proper medication administration techniques.URGEN,T REVIEW (26 Jan'25): chest pain.co GI: Bowel sounds present in all four quadrants. No hepatosplenomegaly. Patient tolerated the procedure well. Urinalysis negative for blood, protein, and leukocyte esterase. Patient reports compliance with current medication regimen. nfirmed cluster_headache[dx;]


Will order additional laboratory studies at next visit if symptoms persist.Labs (25 Feb 2025): abnormal LFTs.likely asthma[;dx]

Phone note((09/03/2025)): fluctuating.switch to insulin

 The patient was advised to return if symptoms worsen.F/U (03/04/25): improve Patient reports occasional use of over-the-counter analgesics for pain management.
 Skin: No rashes, lesions, or abnormal pigmentation. Good turgor and hydration.Patient is afebrile with normal vital signs. Labs from this morning were unremarkable. Follow-up appointment scheduled in 3 months. d.likely IBS refer to Rheumatology

 Patient instructed to follow up with specialist for further evaluation.Labs (04nd Apr 2025): normal CBC.resolving gout","[{""id"": ""ent_1"", ""value"": ""hypertension"", ""preferred_name"": ""Hypertensive disorder, systemic arterial"", ""cui"": ""38341003"", ""category"": ""disorder"", ""negated"": false, ""subject"": ""Other"", ""start"": 117, ""end"": 129}, {""id"": ""ent_2"", ""value"": ""COPD"", ""preferred_name"": ""Chronic obstructive lung disease"", ""cui"": ""13645005"", ""category"": ""disorder"", ""negated"": false, ""subject"": ""Other"", ""start"": 169, ""end"": 173}, {""id"": ""ent_3"", ""value"": ""chest pain"", ""preferred_name"": ""Chest pain"", ""cui"": ""29857009"", ""category"": ""finding"", ""negated"": false, ""subject"": ""Patient"", ""start"": 292, ""end"": 302}, {""id"": ""ent_4"", ""value"": ""hepatosplenomegaly"", ""preferred_name"": ""Hepatosplenomegaly"", ""cui"": ""36760000"", ""category"": ""disorder"", ""negated"": false, ""subject"": ""Patient"", ""start"": 357, ""end"": 375}, {""id"": ""ent_5"", ""value"": ""cluster_headache"", ""preferred_name"": ""Cluster headache syndrome"", ""cui"": ""193031009"", ""category"": ""disorder"", ""negated"": false, ""subject"": ""Other"", ""start"": 547, ""end"": 563}, {""id"": ""ent_6"", ""value"": ""abnormal LFTs"", ""preferred_name"": ""Liver function tests abnormal"", ""cui"": ""166603001"", ""category"": ""finding"", ""negated"": false, ""subject"": ""Patient"", ""start"": 666, ""end"": 679}, {""id"": ""ent_7"", ""value"": ""asthma"", ""preferred_name"": ""Asthma"", ""cui"": ""195967001"", ""category"": ""disorder"", ""negated"": false, ""subject"": ""Other"", ""start"": 687, ""end"": 693}, {""id"": ""ent_8"", ""value"": ""insulin"", ""preferred_name"": ""Insulin"", ""cui"": ""67866001"", ""category"": ""substance"", ""negated"": false, ""subject"": ""Other"", ""start"": 748, ""end"": 755}, {""id"": ""ent_9"", ""value"": ""analgesics"", ""preferred_name"": ""Analgesic"", ""cui"": ""373265006"", ""category"": ""substance"", ""negated"": false, ""subject"": ""Other"", ""start"": 886, ""end"": 896}, {""id"": ""ent_10"", ""value"": ""rashes"", ""preferred_name"": ""Eruption of skin"", ""cui"": ""271807003"", ""category"": ""disorder"", ""negated"": false, ""subject"": ""Patient"", ""start"": 928, ""end"": 934}, {""id"": ""ent_11"", ""value"": ""normal vital signs"", ""preferred_name"": ""Normal vital signs"", ""cui"": ""72970002"", ""category"": ""finding"", ""negated"": false, ""subject"": ""Other"", ""start"": 1022, ""end"": 1040}]","[{""id"": ""abs_1"", ""value"": ""Dec 2024"", ""start"": 67, ""end"": 75}, {""id"": ""abs_2"", ""value"": ""Feb 2025"", ""start"": 655, ""end"": 663}, {""id"": ""abs_3"", ""value"": ""09/03/2025"", ""start"": 712, ""end"": 722}, {""id"": ""abs_4"", ""value"": ""03/04/25"", ""start"": 816, ""end"": 824}, {""id"": ""abs_5"", ""value"": ""Apr 2025"", ""start"": 1248, ""end"": 1256}]","[{""id"": ""rel_1"", ""value"": ""this morning"", ""start"": 1049, ""end"": 1061, ""pattern_type"": ""part_of_day""}, {""id"": ""rel_2"", ""value"": ""3 months"", ""start"": 1116, ""end"": 1124, ""pattern_type"": ""numeric_simple""}]"
9,28,"URGENT REVIEW (23 Dec 2024): back pain.
Skin: No rashes, lesions, or abnormal pigmentation.
The patient was counseled on lifestyle modifications. Good turgor and hydration. consistent w/ lymphoma

Consult((11st Feb 2025)): pt presents w/ weight loss. resolving  Lungs clear to auscultation bilaterally. Patient instructed to follow up with specialist for further evaluation.
Skin: No rashes, lesions, or abnormal pigmentation. Good turgor and hydration. No acute distress noted on examination. osteoarthritis

Patient advised to maintain a symptom diary for review at next appointment.
Phone note((2025-03-12)): progressive. Patient instructed to follow up with specialist for further evaluation. refer to Internal Medicine

Phone note((03rd Apr 2025)): stable. refer to Rheumatology


He denies any fever, chills, or night sweats.
Urinalysis negative for blood, protein, and leukocyte esterase.Initial assessment((23 Apr'25)): pt presents w/ chest pain. resolving multiple_sclerosis

Phone note((20-06-2025)): relapse. refer to Psychiatry

Cardiology CONSULT (2025-08-04): new diagnosis of depression observe and reassess

Phone note((24st Aug 2025)): unchanged. Patient has a history of meningitis. Assessment includes cerebral hemorrhage. Current medications include: lisinopril 10mg daily, metformin 500mg twice daily, and atorvastatin 20mg at bedtime. refer to Rheumatology","[{""id"": ""ent_1"", ""value"": ""back pain"", ""preferred_name"": ""Backache"", ""cui"": ""161891005"", ""category"": ""finding"", ""negated"": false, ""subject"": ""Patient"", ""start"": 29, ""end"": 38}, {""id"": ""ent_2"", ""value"": ""rashes"", ""preferred_name"": ""Eruption of skin"", ""cui"": ""271807003"", ""category"": ""disorder"", ""negated"": false, ""subject"": ""Other"", ""start"": 49, ""end"": 55}, {""id"": ""ent_3"", ""value"": ""lifestyle"", ""preferred_name"": ""Lifestyle"", ""cui"": ""134436002"", ""category"": ""finding"", ""negated"": false, ""subject"": ""Other"", ""start"": 121, ""end"": 130}, {""id"": ""ent_4"", ""value"": ""lymphoma"", ""preferred_name"": ""Malignant lymphoma"", ""cui"": ""118600007"", ""category"": ""disorder"", ""negated"": false, ""subject"": ""Other"", ""start"": 187, ""end"": 195}, {""id"": ""ent_5"", ""value"": ""weight loss"", ""preferred_name"": ""Weight loss"", ""cui"": ""89362005"", ""category"": ""finding"", ""negated"": false, ""subject"": ""Other"", ""start"": 238, ""end"": 249}, {""id"": ""ent_6"", ""value"": ""rashes"", ""preferred_name"": ""Eruption of skin"", ""cui"": ""271807003"", ""category"": ""disorder"", ""negated"": false, ""subject"": ""Other"", ""start"": 384, ""end"": 390}, {""id"": ""ent_7"", ""value"": ""osteoarthritis"", ""preferred_name"": ""Osteoarthritis"", ""cui"": ""396275006"", ""category"": ""disorder"", ""negated"": false, ""subject"": ""Other"", ""start"": 494, ""end"": 508}, {""id"": ""ent_8"", ""value"": ""next appointment"", ""preferred_name"": ""Next appointment"", ""cui"": ""390840006"", ""category"": ""finding"", ""negated"": false, ""subject"": ""Other"", ""start"": 568, ""end"": 584}, {""id"": ""ent_9"", ""value"": ""fever, chills"", ""preferred_name"": ""Fever with chills"", ""cui"": ""274640006"", ""category"": ""finding"", ""negated"": false, ""subject"": ""Patient"", ""start"": 800, ""end"": 813}, {""id"": ""ent_10"", ""value"": ""night sweats"", ""preferred_name"": ""Night sweats"", ""cui"": ""42984000"", ""category"": ""finding"", ""negated"": false, ""subject"": ""Other"", ""start"": 818, ""end"": 830}, {""id"": ""ent_11"", ""value"": ""chest pain"", ""preferred_name"": ""Chest pain"", ""cui"": ""29857009"", ""category"": ""finding"", ""negated"": false, ""subject"": ""Other"", ""start"": 943, ""end"": 953}, {""id"": ""ent_12"", ""value"": ""multiple_sclerosis"", ""preferred_name"": ""Multiple sclerosis"", ""cui"": ""24700007"", ""category"": ""disorder"", ""negated"": false, ""subject"": ""Other"", ""start"": 965, ""end"": 983}, {""id"": ""ent_13"", ""value"": ""depression"", ""preferred_name"": ""Depressive disorder"", ""cui"": ""35489007"", ""category"": ""disorder"", ""negated"": false, ""subject"": ""Other"", ""start"": 1091, ""end"": 1101}, {""id"": ""ent_14"", ""value"": ""lisinopril"", ""preferred_name"": ""Lisinopril"", ""cui"": ""386873009"", ""category"": ""substance"", ""negated"": false, ""subject"": ""Other"", ""start"": 1271, ""end"": 1281}, {""id"": ""ent_15"", ""value"": ""metformin"", ""preferred_name"": ""Metformin"", ""cui"": ""372567009"", ""category"": ""substance"", ""negated"": false, ""subject"": ""Other"", ""start"": 1294, ""end"": 1303}, {""id"": ""ent_16"", ""value"": ""atorvastatin"", ""preferred_name"": ""Atorvastatin"", ""cui"": ""373444002"", ""category"": ""substance"", ""negated"": false, ""subject"": ""Other"", ""start"": 1327, ""end"": 1339}]","[{""id"": ""abs_1"", ""value"": ""Dec 2024"", ""start"": 18, ""end"": 26}, {""id"": ""abs_2"", ""value"": ""Feb 2025"", ""start"": 211, ""end"": 219}, {""id"": ""abs_3"", ""value"": ""2025-03"", ""start"": 598, ""end"": 605}, {""id"": ""abs_4"", ""value"": ""Apr 2025"", ""start"": 742, ""end"": 750}, {""id"": ""abs_5"", ""value"": ""20-06-2025"", ""start"": 997, ""end"": 1007}, {""id"": ""abs_6"", ""value"": ""2025-08"", ""start"": 1061, ""end"": 1068}, {""id"": ""abs_7"", ""value"": ""Aug 2025"", ""start"": 1141, ""end"": 1149}]",[]
10,29,"Initial assessment((21st Jul 2024)): pt  Will continue current medication regimen and reassess in 3 months. A review of systems was otherwise negative. Will order additional laboratory studies at next visit if symptoms persist.
The plan was discussed with the patient, who understands and agrees.

No known drug allergies or adverse reactions reported.Patient reports compliance with current medication regimen.
GI: Bowel sounds present in all four quadrants. pituitary macroadenoma was discussed. No hepatosplenomegaly. Patient has a history of cerebral hemorrhage. Liver function tests show mild elevation in ALT and AST, likely due to medication effect. presents with joint pain.suspect pneumonia



Patient reports compliance with current medication regimen. Noted soft tissue lesion in medical history. MRI of the brain demonstrates age-appropriate atrophy without evidence of mass or stroke.Lymphatic: No cervical, axillary, or inguinal lymphadenopathy.Consult((15rd Sep 2024)): pt presents with excessive thirst.unclear etiology, could be macroadenoma vs hypothyroidism

 Recommended lifestyle modifications including diet changes and regular exercise.Phone note((28 Sep'24)): fluctuating.observe and reassess
 Complete blood count shows WBC 7.2, Hgb 13.5, Plt 250.

EKG shows normal sinus rhythm without ST changes or conduction abnormalities.Phone note((02 Oct'24)): stable.schedule MRI","[{""id"": ""ent_1"", ""value"": ""adverse reactions"", ""preferred_name"": ""Adverse reaction"", ""cui"": ""281647001"", ""category"": ""disorder"", ""negated"": false, ""subject"": ""Other"", ""start"": 325, ""end"": 342}, {""id"": ""ent_2"", ""value"": ""pituitary macroadenoma"", ""preferred_name"": ""Pituitary macroadenoma"", ""cui"": ""254965007"", ""category"": ""disorder"", ""negated"": false, ""subject"": ""Other"", ""start"": 460, ""end"": 482}, {""id"": ""ent_3"", ""value"": ""hepatosplenomegaly"", ""preferred_name"": ""Hepatosplenomegaly"", ""cui"": ""36760000"", ""category"": ""disorder"", ""negated"": false, ""subject"": ""Patient"", ""start"": 501, ""end"": 519}, {""id"": ""ent_4"", ""value"": ""joint pain"", ""preferred_name"": ""Joint pain"", ""cui"": ""57676002"", ""category"": ""finding"", ""negated"": false, ""subject"": ""Other"", ""start"": 671, ""end"": 681}, {""id"": ""ent_5"", ""value"": ""pneumonia"", ""preferred_name"": ""Viral pneumonia"", ""cui"": ""75570004"", ""category"": ""disorder"", ""negated"": false, ""subject"": ""Patient"", ""start"": 690, ""end"": 699}, {""id"": ""ent_6"", ""value"": ""soft tissue lesion"", ""preferred_name"": ""Soft tissue lesion"", ""cui"": ""239953001"", ""category"": ""disorder"", ""negated"": false, ""subject"": ""Patient"", ""start"": 769, ""end"": 787}, {""id"": ""ent_7"", ""value"": ""stroke"", ""preferred_name"": ""Cerebrovascular accident"", ""cui"": ""230690007"", ""category"": ""disorder"", ""negated"": false, ""subject"": ""Patient"", ""start"": 890, ""end"": 896}, {""id"": ""ent_8"", ""value"": ""inguinal lymphadenopathy"", ""preferred_name"": ""Inguinal lymphadenopathy"", ""cui"": ""127199000"", ""category"": ""disorder"", ""negated"": false, ""subject"": ""Other"", ""start"": 934, ""end"": 958}, {""id"": ""ent_9"", ""value"": ""excessive thirst"", ""preferred_name"": ""Excessive thirst"", ""cui"": ""17173007"", ""category"": ""finding"", ""negated"": false, ""subject"": ""Other"", ""start"": 1002, ""end"": 1018}, {""id"": ""ent_10"", ""value"": ""hypothyroidism"", ""preferred_name"": ""Hypothyroidism"", ""cui"": ""40930008"", ""category"": ""disorder"", ""negated"": false, ""subject"": ""Patient"", ""start"": 1062, ""end"": 1076}, {""id"": ""ent_11"", ""value"": ""lifestyle"", ""preferred_name"": ""Lifestyle"", ""cui"": ""134436002"", ""category"": ""finding"", ""negated"": false, ""subject"": ""Patient"", ""start"": 1091, ""end"": 1100}, {""id"": ""ent_12"", ""value"": ""diet"", ""preferred_name"": ""Dietary finding"", ""cui"": ""41829006"", ""category"": ""finding"", ""negated"": false, ""subject"": ""Patient"", ""start"": 1125, ""end"": 1129}, {""id"": ""ent_13"", ""value"": ""normal sinus rhythm"", ""preferred_name"": ""Normal sinus rhythm"", ""cui"": ""64730000"", ""category"": ""finding"", ""negated"": false, ""subject"": ""Other"", ""start"": 1284, ""end"": 1303}, {""id"": ""ent_14"", ""value"": ""conduction abnormalities"", ""preferred_name"": ""Abnormal cardiac conduction"", ""cui"": ""36358004"", ""category"": ""finding"", ""negated"": false, ""subject"": ""Patient"", ""start"": 1326, ""end"": 1350}]","[{""id"": ""abs_1"", ""value"": ""Jul 2024"", ""start"": 25, ""end"": 33}, {""id"": ""abs_2"", ""value"": ""Sep 2024"", ""start"": 973, ""end"": 981}]","[{""id"": ""rel_1"", ""value"": ""3 months"", ""start"": 98, ""end"": 106, ""pattern_type"": ""numeric_simple""}]"
1,30,"Phone note((01 Sep'24)): relapse. switch to cabergoline
 Patient tolerated the procedure well.
Phone note((06rd Sep 2024)): fluctuating. admit to hospital
 Psychiatric: Alert and oriented x3. Noted congenital malformation in medical history. Mood and affect appropriate. Noted cerebral hemorrhage in medical history.
Labs (03-11-2024): low vitamin D. resolving COPD

Labs (17nd Dec 2024): ele Cardiovascular: Regular rate and rhythm. Patient is afebrile with normal vital signs. No murmurs, rubs, or gallops.
The patient was advised to return if symptoms worsen. Normal S1 and S2. Current medications include: lisinopril 10mg daily, metformin 500mg twice daily, and atorvastatin 20mg at bedtime. vated prolactin. confirmed asthma

 The plan was discussed with the patient, who understands and agrees.Labs (18 Jan 2025): elevated prolactin. Patient is afebrile with normal vital signs. rule out adrenal_insufficiency
 Referral placed for physical therapy twice weekly for 6 weeks. Past medical history is non-contributory.

Basic metabolic panel within normal limits with sodium 140, potassium 4.2, creatinine 0.9. Medication dosages were adjusted based on recent laboratory findings.

Imaging studies were reviewed with the patient.The patient was counseled on lifestyle modifications.Labs (17nd Mar 2025): abnormal LFTs. unclear etiology, could be hyperthyroidism vs Cushing's_syndrome","[{""id"": ""ent_1"", ""value"": ""cabergoline"", ""preferred_name"": ""Cabergoline"", ""cui"": ""386979007"", ""category"": ""substance"", ""negated"": false, ""subject"": ""Other"", ""start"": 44, ""end"": 55}, {""id"": ""ent_2"", ""value"": ""congenital malformation"", ""preferred_name"": ""Congenital malformation"", ""cui"": ""276654001"", ""category"": ""disorder"", ""negated"": false, ""subject"": ""Other"", ""start"": 198, ""end"": 221}, {""id"": ""ent_3"", ""value"": ""cerebral hemorrhage"", ""preferred_name"": ""Cerebral hemorrhage"", ""cui"": ""274100004"", ""category"": ""disorder"", ""negated"": false, ""subject"": ""Other"", ""start"": 277, ""end"": 296}, {""id"": ""ent_4"", ""value"": ""vitamin D"", ""preferred_name"": ""Vitamin D"", ""cui"": ""30178006"", ""category"": ""substance"", ""negated"": false, ""subject"": ""Other"", ""start"": 340, ""end"": 349}, {""id"": ""ent_5"", ""value"": ""COPD"", ""preferred_name"": ""Chronic obstructive lung disease"", ""cui"": ""13645005"", ""category"": ""disorder"", ""negated"": false, ""subject"": ""Other"", ""start"": 361, ""end"": 365}, {""id"": ""ent_6"", ""value"": ""normal vital signs"", ""preferred_name"": ""Normal vital signs"", ""cui"": ""72970002"", ""category"": ""finding"", ""negated"": false, ""subject"": ""Other"", ""start"": 459, ""end"": 477}, {""id"": ""ent_7"", ""value"": ""murmurs"", ""preferred_name"": ""Murmur"", ""cui"": ""414786004"", ""category"": ""finding"", ""negated"": false, ""subject"": ""Other"", ""start"": 482, ""end"": 489}, {""id"": ""ent_8"", ""value"": ""rubs"", ""preferred_name"": ""Pericardial friction rub"", ""cui"": ""7036007"", ""category"": ""finding"", ""negated"": false, ""subject"": ""Other"", ""start"": 491, ""end"": 495}, {""id"": ""ent_9"", ""value"": ""lisinopril"", ""preferred_name"": ""Lisinopril"", ""cui"": ""386873009"", ""category"": ""substance"", ""negated"": false, ""subject"": ""Other"", ""start"": 610, ""end"": 620}, {""id"": ""ent_10"", ""value"": ""metformin"", ""preferred_name"": ""Metformin"", ""cui"": ""372567009"", ""category"": ""substance"", ""negated"": false, ""subject"": ""Other"", ""start"": 633, ""end"": 642}, {""id"": ""ent_11"", ""value"": ""atorvastatin"", ""preferred_name"": ""Atorvastatin"", ""cui"": ""373444002"", ""category"": ""substance"", ""negated"": false, ""subject"": ""Other"", ""start"": 666, ""end"": 678}, {""id"": ""ent_12"", ""value"": ""asthma"", ""preferred_name"": ""Asthma"", ""cui"": ""195967001"", ""category"": ""disorder"", ""negated"": false, ""subject"": ""Other"", ""start"": 723, ""end"": 729}, {""id"": ""ent_13"", ""value"": ""prolactin"", ""preferred_name"": ""Prolactin"", ""cui"": ""70454002"", ""category"": ""substance"", ""negated"": false, ""subject"": ""Other"", ""start"": 829, ""end"": 838}, {""id"": ""ent_14"", ""value"": ""normal vital signs"", ""preferred_name"": ""Normal vital signs"", ""cui"": ""72970002"", ""category"": ""finding"", ""negated"": false, ""subject"": ""Other"", ""start"": 865, ""end"": 883}, {""id"": ""ent_15"", ""value"": ""adrenal_insufficiency"", ""preferred_name"": ""Adrenal cortical hypofunction"", ""cui"": ""386584007"", ""category"": ""disorder"", ""negated"": false, ""subject"": ""Other"", ""start"": 894, ""end"": 915}, {""id"": ""ent_16"", ""value"": ""lifestyle"", ""preferred_name"": ""Lifestyle"", ""cui"": ""134436002"", ""category"": ""finding"", ""negated"": false, ""subject"": ""Other"", ""start"": 1261, ""end"": 1270}, {""id"": ""ent_17"", ""value"": ""abnormal LFTs"", ""preferred_name"": ""Liver function tests abnormal"", ""cui"": ""166603001"", ""category"": ""finding"", ""negated"": false, ""subject"": ""Other"", ""start"": 1307, ""end"": 1320}, {""id"": ""ent_18"", ""value"": ""hyperthyroidism"", ""preferred_name"": ""Hyperthyroidism"", ""cui"": ""34486009"", ""category"": ""disorder"", ""negated"": false, ""subject"": ""Other"", ""start"": 1349, ""end"": 1364}, {""id"": ""ent_19"", ""value"": ""Cushing's_syndrome"", ""preferred_name"": ""Hypercortisolism"", ""cui"": ""47270006"", ""category"": ""disorder"", ""negated"": false, ""subject"": ""Other"", ""start"": 1368, ""end"": 1386}]","[{""id"": ""abs_1"", ""value"": ""Sep 2024"", ""start"": 112, ""end"": 120}, {""id"": ""abs_2"", ""value"": ""03-11-2024"", ""start"": 323, ""end"": 333}, {""id"": ""abs_3"", ""value"": ""Dec 2024"", ""start"": 378, ""end"": 386}, {""id"": ""abs_4"", ""value"": ""Jan 2025"", ""start"": 809, ""end"": 817}, {""id"": ""abs_5"", ""value"": ""Mar 2025"", ""start"": 1296, ""end"": 1304}]","[{""id"": ""rel_1"", ""value"": ""6 weeks"", ""start"": 971, ""end"": 978, ""pattern_type"": ""numeric_simple""}]"
2,31,"URGENT REVIEW (04/11/2024): insomnia. Patient was instructed on proper medication administration techniques. unclear  Heart: Regular rate and rhythm, no murmurs. Assessment includes congenital malformation. Patient reports compliance with current medication regimen. Patient reports occasional use of over-the-counter analgesics for pain management.
MRI of the brain demonstrates age-appropriate atrophy without evidence of mass or stroke.
Patient instructed to follow up with specialist for further evaluation.
Medications were reconciled during the visit.
Liver function tests show mild elevation in ALT and AST, likely due to medication effect. etiology,could be schizop The patient was advised to return if symptoms worsen.
 Labs from this morning were unremarkable.The patient was counseled on lifestyle modifications. The patient's vital signs are stable. Patient reports occasional use of over-the-counter analgesics for pain management. Noted cerebral hemorrhage in medical history. Noted hydrocephalus in medical history. Labs from this morning were unremarkable. hrenia vs anemia

 GI: Bowel sounds present in all four quadrants. No hepatosplenomegaly.CLINIC VISIT (05/11/24): joint pain improved rule out schizophrenia observe and reassess
.
 Patient advised to maintain a symptom diary for review at next appointment.Labs (18/11/2024): abnormal LFTs. resolving myeloma[diagn;osis]","[{""id"": ""ent_1"", ""value"": ""murmurs"", ""preferred_name"": ""Murmur"", ""cui"": ""414786004"", ""category"": ""finding"", ""negated"": false, ""subject"": ""Other"", ""start"": 153, ""end"": 160}, {""id"": ""ent_2"", ""value"": ""congenital malformation"", ""preferred_name"": ""Congenital malformation"", ""cui"": ""276654001"", ""category"": ""disorder"", ""negated"": false, ""subject"": ""Other"", ""start"": 182, ""end"": 205}, {""id"": ""ent_3"", ""value"": ""analgesics"", ""preferred_name"": ""Analgesic"", ""cui"": ""373265006"", ""category"": ""substance"", ""negated"": false, ""subject"": ""Other"", ""start"": 318, ""end"": 328}, {""id"": ""ent_4"", ""value"": ""lifestyle"", ""preferred_name"": ""Lifestyle"", ""cui"": ""134436002"", ""category"": ""finding"", ""negated"": false, ""subject"": ""Other"", ""start"": 799, ""end"": 808}, {""id"": ""ent_5"", ""value"": ""vital signs"", ""preferred_name"": ""Vital signs finding"", ""cui"": ""118227000"", ""category"": ""finding"", ""negated"": false, ""subject"": ""Patient"", ""start"": 838, ""end"": 849}, {""id"": ""ent_6"", ""value"": ""analgesics"", ""preferred_name"": ""Analgesic"", ""cui"": ""373265006"", ""category"": ""substance"", ""negated"": false, ""subject"": ""Other"", ""start"": 913, ""end"": 923}, {""id"": ""ent_7"", ""value"": ""cerebral hemorrhage"", ""preferred_name"": ""Cerebral hemorrhage"", ""cui"": ""274100004"", ""category"": ""disorder"", ""negated"": false, ""subject"": ""Other"", ""start"": 951, ""end"": 970}, {""id"": ""ent_8"", ""value"": ""hydrocephalus"", ""preferred_name"": ""Hydrocephalus"", ""cui"": ""230745008"", ""category"": ""disorder"", ""negated"": false, ""subject"": ""Other"", ""start"": 997, ""end"": 1010}, {""id"": ""ent_9"", ""value"": ""anemia"", ""preferred_name"": ""Anemia"", ""cui"": ""271737000"", ""category"": ""disorder"", ""negated"": false, ""subject"": ""Other"", ""start"": 1083, ""end"": 1089}, {""id"": ""ent_10"", ""value"": ""hepatosplenomegaly"", ""preferred_name"": ""Hepatosplenomegaly"", ""cui"": ""36760000"", ""category"": ""disorder"", ""negated"": false, ""subject"": ""Other"", ""start"": 1143, ""end"": 1161}, {""id"": ""ent_11"", ""value"": ""joint pain"", ""preferred_name"": ""Joint pain"", ""cui"": ""57676002"", ""category"": ""finding"", ""negated"": false, ""subject"": ""Patient"", ""start"": 1187, ""end"": 1197}, {""id"": ""ent_12"", ""value"": ""schizophrenia"", ""preferred_name"": ""Schizophrenia"", ""cui"": ""58214004"", ""category"": ""disorder"", ""negated"": false, ""subject"": ""Other"", ""start"": 1216, ""end"": 1229}, {""id"": ""ent_13"", ""value"": ""next appointment"", ""preferred_name"": ""Next appointment"", ""cui"": ""390840006"", ""category"": ""finding"", ""negated"": false, ""subject"": ""Patient"", ""start"": 1312, ""end"": 1328}, {""id"": ""ent_14"", ""value"": ""abnormal LFTs"", ""preferred_name"": ""Liver function tests abnormal"", ""cui"": ""166603001"", ""category"": ""finding"", ""negated"": false, ""subject"": ""Patient"", ""start"": 1348, ""end"": 1361}, {""id"": ""ent_15"", ""value"": ""myeloma"", ""preferred_name"": ""Multiple myeloma"", ""cui"": ""109989006"", ""category"": ""disorder"", ""negated"": false, ""subject"": ""Other"", ""start"": 1373, ""end"": 1380}]","[{""id"": ""abs_1"", ""value"": ""04/11/2024"", ""start"": 15, ""end"": 25}, {""id"": ""abs_2"", ""value"": ""05/11/24"", ""start"": 1176, ""end"": 1184}, {""id"": ""abs_3"", ""value"": ""18/11/2024"", ""start"": 1335, ""end"": 1345}]","[{""id"": ""rel_1"", ""value"": ""this morning"", ""start"": 739, ""end"": 751, ""pattern_type"": ""part_of_day""}]"
3,32,"Rheumatology CONSULT (17/12/24): resolving macroadenoma schedule MRI
 Patient advised to maintain a symptom diary for review at next appointment.

Abdomen: Soft, non-tender, non-distended.Labs (18 Dec'24): WBC elevated. consist,ent wit Abdomen: Soft, non-tender, non-distended. Patient tolerated the procedure well. MRI of the brain demonstrates age-appropriate atrophy without evidence of mass or stroke. congenital malformation was discussed. Referral placed for physical therapy twice weekly for 6 weeks.
Patient was instructed on proper medication administration techniques. Noted radiologic infiltrate of lung in medical history. Follow-up appointment scheduled in 3 months. Noted cerebral hemorrhage in medical history. Urinalysis negative for blood, protein, and leukocyte esterase. h cluster_headache

Current medications include: lisinopril 10mg daily, metformin 500mg twice daily, and atorvastatin 20mg at bedtime. Will order additional laboratory studies at next visit if symptoms persist.


The patient's vital signs are stable.Patient is afebrile with normal vital signs.CLINIC VISIT (01st Feb 2025): freque;nt urination improved  Chest X-ray reveals clear lung fields without infiltrates or effusions. Patient was instructed on proper medication administration techniques. CT scan of the head shows no acute intracranial abnormalities.
Labs from this morning were unremarkable. suspect lymphoma[diagn.osis] f/u in 1 month","[{""id"": ""ent_1"", ""value"": ""next appointment"", ""preferred_name"": ""Next appointment"", ""cui"": ""390840006"", ""category"": ""finding"", ""negated"": false, ""subject"": ""Other"", ""start"": 128, ""end"": 144}, {""id"": ""ent_2"", ""value"": ""WBC elevated"", ""preferred_name"": ""Increased blood leukocyte number"", ""cui"": ""414478003"", ""category"": ""finding"", ""negated"": false, ""subject"": ""Other"", ""start"": 206, ""end"": 218}, {""id"": ""ent_3"", ""value"": ""congenital malformation"", ""preferred_name"": ""Congenital malformation"", ""cui"": ""276654001"", ""category"": ""disorder"", ""negated"": false, ""subject"": ""Other"", ""start"": 406, ""end"": 429}, {""id"": ""ent_4"", ""value"": ""radiologic infiltrate of lung"", ""preferred_name"": ""Radiologic infiltrate of lung"", ""cui"": ""409609008"", ""category"": ""disorder"", ""negated"": false, ""subject"": ""Other"", ""start"": 585, ""end"": 614}, {""id"": ""ent_5"", ""value"": ""cerebral hemorrhage"", ""preferred_name"": ""Cerebral hemorrhage"", ""cui"": ""274100004"", ""category"": ""disorder"", ""negated"": false, ""subject"": ""Other"", ""start"": 686, ""end"": 705}, {""id"": ""ent_6"", ""value"": ""cluster_headache"", ""preferred_name"": ""Cluster headache syndrome"", ""cui"": ""193031009"", ""category"": ""disorder"", ""negated"": false, ""subject"": ""Other"", ""start"": 792, ""end"": 808}, {""id"": ""ent_7"", ""value"": ""lisinopril"", ""preferred_name"": ""Lisinopril"", ""cui"": ""386873009"", ""category"": ""substance"", ""negated"": false, ""subject"": ""Other"", ""start"": 839, ""end"": 849}, {""id"": ""ent_8"", ""value"": ""metformin"", ""preferred_name"": ""Metformin"", ""cui"": ""372567009"", ""category"": ""substance"", ""negated"": false, ""subject"": ""Other"", ""start"": 862, ""end"": 871}, {""id"": ""ent_9"", ""value"": ""atorvastatin"", ""preferred_name"": ""Atorvastatin"", ""cui"": ""373444002"", ""category"": ""substance"", ""negated"": false, ""subject"": ""Other"", ""start"": 895, ""end"": 907}, {""id"": ""ent_10"", ""value"": ""vital signs"", ""preferred_name"": ""Vital signs finding"", ""cui"": ""118227000"", ""category"": ""finding"", ""negated"": false, ""subject"": ""Other"", ""start"": 1017, ""end"": 1028}, {""id"": ""ent_11"", ""value"": ""normal vital signs"", ""preferred_name"": ""Normal vital signs"", ""cui"": ""72970002"", ""category"": ""finding"", ""negated"": false, ""subject"": ""Other"", ""start"": 1065, ""end"": 1083}, {""id"": ""ent_12"", ""value"": ""infiltrates"", ""preferred_name"": ""Radiologic infiltrate of lung"", ""cui"": ""409609008"", ""category"": ""disorder"", ""negated"": false, ""subject"": ""Other"", ""start"": 1190, ""end"": 1201}, {""id"": ""ent_13"", ""value"": ""effusions"", ""preferred_name"": ""Effusion"", ""cui"": ""430869004"", ""category"": ""substance"", ""negated"": false, ""subject"": ""Other"", ""start"": 1205, ""end"": 1214}, {""id"": ""ent_14"", ""value"": ""lymphoma"", ""preferred_name"": ""Malignant lymphoma"", ""cui"": ""118600007"", ""category"": ""disorder"", ""negated"": false, ""subject"": ""Other"", ""start"": 1400, ""end"": 1408}]","[{""id"": ""abs_1"", ""value"": ""17/12/24"", ""start"": 22, ""end"": 30}, {""id"": ""abs_2"", ""value"": ""Feb 2025"", ""start"": 1103, ""end"": 1111}]","[{""id"": ""rel_1"", ""value"": ""this morning"", ""start"": 1360, ""end"": 1372, ""pattern_type"": ""part_of_day""}, {""id"": ""rel_2"", ""value"": ""6 weeks"", ""start"": 499, ""end"": 506, ""pattern_type"": ""numeric_simple""}, {""id"": ""rel_3"", ""value"": ""3 months"", ""start"": 670, ""end"": 678, ""pattern_type"": ""numeric_simple""}, {""id"": ""rel_4"", ""value"": ""1 month"", ""start"": 1428, ""end"": 1435, ""pattern_type"": ""numeric_simple""}]"
4,33,"CLINIC VISIT (04rd Feb 2025): frequent urination slight GI: Bowel sounds present in all four quadrants. No hepatosplenomegaly. Skin: No rashes, lesions, or abnormal pigmentation. Good turgor and hydration. Neurological exam within normal limits. ly improved confirmed hyperthyroidism follow up in 3 months

 Medication dosages were adjusted based on recent laboratory findings. Labs from this morning were unremarkable.

Patient given educational materials regarding disease management.
Lungs clear to auscultation bilaterally.Patient reports compliance with current medication regimen.CLINIC VISIT (20st Mar 2025): weight g Complete blood count shows WBC 7.2, Hgb 13.5, Plt 250. Skin: No rashes, lesions, or abnormal pigmentation. Good turgor and hydration. Recommended lifestyle modifications including diet changes and regular exercise. ain unchanged resolving microadenoma observe and reassess

 The patient was counseled on lifestyle modifications.Labs (12 Apr 2025): positive ANA.rule out hyperlipidemia
 Will continue current medication regimen and reassess in 3 months.
Visit((29/04/25)): pt presents with back pain.rule out epilepsy

CLINIC VISIT (15-06-2025): shortness of breath stable unclear etiology,could be rheumatoid_arthritis vs osteoarthritis taper medication","[{""id"": ""ent_1"", ""value"": ""frequent urination"", ""preferred_name"": ""Increased frequency of urination"", ""cui"": ""162116003"", ""category"": ""finding"", ""negated"": false, ""subject"": ""Patient"", ""start"": 30, ""end"": 48}, {""id"": ""ent_2"", ""value"": ""hepatosplenomegaly"", ""preferred_name"": ""Hepatosplenomegaly"", ""cui"": ""36760000"", ""category"": ""disorder"", ""negated"": false, ""subject"": ""Patient"", ""start"": 107, ""end"": 125}, {""id"": ""ent_3"", ""value"": ""rashes"", ""preferred_name"": ""Eruption of skin"", ""cui"": ""271807003"", ""category"": ""disorder"", ""negated"": false, ""subject"": ""Patient"", ""start"": 136, ""end"": 142}, {""id"": ""ent_4"", ""value"": ""hyperthyroidism"", ""preferred_name"": ""Hyperthyroidism"", ""cui"": ""34486009"", ""category"": ""disorder"", ""negated"": false, ""subject"": ""Patient"", ""start"": 268, ""end"": 283}, {""id"": ""ent_5"", ""value"": ""materials"", ""preferred_name"": ""Material"", ""cui"": ""260769002"", ""category"": ""substance"", ""negated"": false, ""subject"": ""Patient"", ""start"": 447, ""end"": 456}, {""id"": ""ent_6"", ""value"": ""rashes"", ""preferred_name"": ""Eruption of skin"", ""cui"": ""271807003"", ""category"": ""disorder"", ""negated"": false, ""subject"": ""Patient"", ""start"": 689, ""end"": 695}, {""id"": ""ent_7"", ""value"": ""lifestyle"", ""preferred_name"": ""Lifestyle"", ""cui"": ""134436002"", ""category"": ""finding"", ""negated"": false, ""subject"": ""Patient"", ""start"": 771, ""end"": 780}, {""id"": ""ent_8"", ""value"": ""diet"", ""preferred_name"": ""Dietary finding"", ""cui"": ""41829006"", ""category"": ""finding"", ""negated"": false, ""subject"": ""Patient"", ""start"": 805, ""end"": 809}, {""id"": ""ent_9"", ""value"": ""lifestyle"", ""preferred_name"": ""Lifestyle"", ""cui"": ""134436002"", ""category"": ""finding"", ""negated"": false, ""subject"": ""Other"", ""start"": 929, ""end"": 938}, {""id"": ""ent_10"", ""value"": ""positive ANA"", ""preferred_name"": ""Anti-nuclear factor positive"", ""cui"": ""165850001"", ""category"": ""finding"", ""negated"": false, ""subject"": ""Patient"", ""start"": 973, ""end"": 985}, {""id"": ""ent_11"", ""value"": ""hyperlipidemia"", ""preferred_name"": ""Hyperlipidemia"", ""cui"": ""55822004"", ""category"": ""disorder"", ""negated"": false, ""subject"": ""Patient"", ""start"": 995, ""end"": 1009}, {""id"": ""ent_12"", ""value"": ""back pain"", ""preferred_name"": ""Backache"", ""cui"": ""161891005"", ""category"": ""finding"", ""negated"": false, ""subject"": ""Patient"", ""start"": 1114, ""end"": 1123}, {""id"": ""ent_13"", ""value"": ""epilepsy"", ""preferred_name"": ""Epilepsy"", ""cui"": ""84757009"", ""category"": ""disorder"", ""negated"": false, ""subject"": ""Patient"", ""start"": 1133, ""end"": 1141}, {""id"": ""ent_14"", ""value"": ""shortness of breath"", ""preferred_name"": ""Dyspnea"", ""cui"": ""267036007"", ""category"": ""finding"", ""negated"": false, ""subject"": ""Patient"", ""start"": 1170, ""end"": 1189}, {""id"": ""ent_15"", ""value"": ""rheumatoid_arthritis"", ""preferred_name"": ""Rheumatoid arthritis"", ""cui"": ""69896004"", ""category"": ""disorder"", ""negated"": false, ""subject"": ""Other"", ""start"": 1223, ""end"": 1243}, {""id"": ""ent_16"", ""value"": ""osteoarthritis"", ""preferred_name"": ""Osteoarthritis"", ""cui"": ""396275006"", ""category"": ""disorder"", ""negated"": false, ""subject"": ""Patient"", ""start"": 1247, ""end"": 1261}]","[{""id"": ""abs_1"", ""value"": ""Feb 2025"", ""start"": 19, ""end"": 27}, {""id"": ""abs_2"", ""value"": ""Mar 2025"", ""start"": 605, ""end"": 613}, {""id"": ""abs_3"", ""value"": ""Apr 2025"", ""start"": 962, ""end"": 970}, {""id"": ""abs_4"", ""value"": ""29/04/25"", ""start"": 1085, ""end"": 1093}, {""id"": ""abs_5"", ""value"": ""15-06-2025"", ""start"": 1157, ""end"": 1167}]","[{""id"": ""rel_1"", ""value"": ""this morning"", ""start"": 385, ""end"": 397, ""pattern_type"": ""part_of_day""}, {""id"": ""rel_2"", ""value"": ""3 months"", ""start"": 294, ""end"": 302, ""pattern_type"": ""numeric_simple""}]"
5,34,"New pt((30-04-2024)): pt presents with weight gain.
Abdomen: Soft, non-tender, non-distended. Assessment includes pneumocephalus. rule out multiple_sclerosis

Basic metabolic panel within normal limits with sodium 140, potassium 4.2, creatinine 0.9. Patient advised to maintain a symptom diary for review at next appointment.
Neurological exam within normal limits.
Psychiatry CONSULT (27 Jun'24): consistent with schizophrenia f/u in 2 weeks

Current medications include: lisinopril 10mg daily, metformin 500mg twice daily, and atorvastatin 20mg at bedtime. Patient has a history of migraine.
CLINIC VISIT (27/07/24): dizziness stable resolving Cushing's_syndrome schedule X-ray

Neurology CONSULT (07/09/24): resol Patient given educational materials regarding disease management. Current medications include: lisinopril 10mg daily, metformin 500mg twice daily, and atorvastatin 20mg at bedtime.
A review of systems was otherwise negative.
Referral placed for physical therapy twice weekly for 6 weeks. ving COPD admit to hospital

Labs (09nd Oct 2024) She denies any nausea, vomiting, or diarrhea. Musculoskeletal: Full range of motion in all extremities. No edema or deformity noted. Heart: Regular rate and rhythm, no murmurs. Will continue current medication regimen and reassess in 3 months. : elevated glucose. confirmed hypertension","[{""id"": ""ent_1"", ""value"": ""weight gain"", ""preferred_name"": ""Weight gain"", ""cui"": ""8943002"", ""category"": ""finding"", ""negated"": false, ""subject"": ""Patient"", ""start"": 39, ""end"": 50}, {""id"": ""ent_2"", ""value"": ""pneumocephalus"", ""preferred_name"": ""Pneumocephalus"", ""cui"": ""14415006"", ""category"": ""disorder"", ""negated"": false, ""subject"": ""Other"", ""start"": 114, ""end"": 128}, {""id"": ""ent_3"", ""value"": ""multiple_sclerosis"", ""preferred_name"": ""Multiple sclerosis"", ""cui"": ""24700007"", ""category"": ""disorder"", ""negated"": false, ""subject"": ""Patient"", ""start"": 139, ""end"": 157}, {""id"": ""ent_4"", ""value"": ""next appointment"", ""preferred_name"": ""Next appointment"", ""cui"": ""390840006"", ""category"": ""finding"", ""negated"": false, ""subject"": ""Other"", ""start"": 308, ""end"": 324}, {""id"": ""ent_5"", ""value"": ""schizophrenia"", ""preferred_name"": ""Schizophrenia"", ""cui"": ""58214004"", ""category"": ""disorder"", ""negated"": false, ""subject"": ""Other"", ""start"": 414, ""end"": 427}, {""id"": ""ent_6"", ""value"": ""lisinopril"", ""preferred_name"": ""Lisinopril"", ""cui"": ""386873009"", ""category"": ""substance"", ""negated"": false, ""subject"": ""Other"", ""start"": 473, ""end"": 483}, {""id"": ""ent_7"", ""value"": ""metformin"", ""preferred_name"": ""Metformin"", ""cui"": ""372567009"", ""category"": ""substance"", ""negated"": false, ""subject"": ""Other"", ""start"": 496, ""end"": 505}, {""id"": ""ent_8"", ""value"": ""atorvastatin"", ""preferred_name"": ""Atorvastatin"", ""cui"": ""373444002"", ""category"": ""substance"", ""negated"": false, ""subject"": ""Other"", ""start"": 529, ""end"": 541}, {""id"": ""ent_9"", ""value"": ""dizziness"", ""preferred_name"": ""Dizziness"", ""cui"": ""404640003"", ""category"": ""finding"", ""negated"": false, ""subject"": ""Patient"", ""start"": 619, ""end"": 628}, {""id"": ""ent_10"", ""value"": ""Cushing's_syndrome"", ""preferred_name"": ""Hypercortisolism"", ""cui"": ""47270006"", ""category"": ""disorder"", ""negated"": false, ""subject"": ""Patient"", ""start"": 646, ""end"": 664}, {""id"": ""ent_11"", ""value"": ""materials"", ""preferred_name"": ""Material"", ""cui"": ""260769002"", ""category"": ""substance"", ""negated"": false, ""subject"": ""Other"", ""start"": 743, ""end"": 752}, {""id"": ""ent_12"", ""value"": ""lisinopril"", ""preferred_name"": ""Lisinopril"", ""cui"": ""386873009"", ""category"": ""substance"", ""negated"": false, ""subject"": ""Other"", ""start"": 812, ""end"": 822}, {""id"": ""ent_13"", ""value"": ""metformin"", ""preferred_name"": ""Metformin"", ""cui"": ""372567009"", ""category"": ""substance"", ""negated"": false, ""subject"": ""Other"", ""start"": 835, ""end"": 844}, {""id"": ""ent_14"", ""value"": ""atorvastatin"", ""preferred_name"": ""Atorvastatin"", ""cui"": ""373444002"", ""category"": ""substance"", ""negated"": false, ""subject"": ""Other"", ""start"": 868, ""end"": 880}, {""id"": ""ent_15"", ""value"": ""COPD"", ""preferred_name"": ""Chronic obstructive lung disease"", ""cui"": ""13645005"", ""category"": ""disorder"", ""negated"": false, ""subject"": ""Patient"", ""start"": 1010, ""end"": 1014}, {""id"": ""ent_16"", ""value"": ""nausea, vomiting"", ""preferred_name"": ""Nausea and vomiting"", ""cui"": ""16932000"", ""category"": ""disorder"", ""negated"": false, ""subject"": ""Patient"", ""start"": 1070, ""end"": 1086}, {""id"": ""ent_17"", ""value"": ""diarrhea"", ""preferred_name"": ""Diarrhea"", ""cui"": ""62315008"", ""category"": ""finding"", ""negated"": false, ""subject"": ""Other"", ""start"": 1091, ""end"": 1099}, {""id"": ""ent_18"", ""value"": ""Musculoskeletal"", ""preferred_name"": ""Musculoskeletal finding"", ""cui"": ""106028002"", ""category"": ""finding"", ""negated"": false, ""subject"": ""Other"", ""start"": 1101, ""end"": 1116}, {""id"": ""ent_19"", ""value"": ""deformity"", ""preferred_name"": ""Deformity"", ""cui"": ""417893002"", ""category"": ""finding"", ""negated"": false, ""subject"": ""Patient"", ""start"": 1171, ""end"": 1180}, {""id"": ""ent_20"", ""value"": ""murmurs"", ""preferred_name"": ""Murmur"", ""cui"": ""414786004"", ""category"": ""finding"", ""negated"": false, ""subject"": ""Patient"", ""start"": 1223, ""end"": 1230}, {""id"": ""ent_21"", ""value"": ""hypertension"", ""preferred_name"": ""Hypertensive disorder, systemic arterial"", ""cui"": ""38341003"", ""category"": ""disorder"", ""negated"": false, ""subject"": ""Other"", ""start"": 1329, ""end"": 1341}]","[{""id"": ""abs_1"", ""value"": ""30-04-2024"", ""start"": 8, ""end"": 18}, {""id"": ""abs_2"", ""value"": ""27/07/24"", ""start"": 608, ""end"": 616}, {""id"": ""abs_3"", ""value"": ""07/09/24"", ""start"": 700, ""end"": 708}, {""id"": ""abs_4"", ""value"": ""Oct 2024"", ""start"": 1045, ""end"": 1053}]","[{""id"": ""rel_1"", ""value"": ""2 weeks"", ""start"": 435, ""end"": 442, ""pattern_type"": ""numeric_simple""}, {""id"": ""rel_2"", ""value"": ""6 weeks"", ""start"": 996, ""end"": 1003, ""pattern_type"": ""numeric_simple""}, {""id"": ""rel_3"", ""value"": ""3 months"", ""start"": 1289, ""end"": 1297, ""pattern_type"": ""numeric_simple""}]"
6,35,"F/U (15st Jun 2024): remission.likely gout schedule MRI

CLINIC VISIT (18 Jul'24): rash remission u Past medical history is non-contributory. EKG shows normal sinus rhythm without ST changes or conduction abnormalities.
Patient tolerated the procedure well. nclear etiology,could be adrenal_insuffi The patient was counseled on lifestyle modifications. Referral placed for physical therapy twice weekly for 6 weeks. ciency vs hypothyroidism refer to Internal Medicine

 HEENT: Normocephalic, atraumatic. Pupils equal, round, and reactive to light.Phone note((08-09-2024)): relapse.increase dose

She denies any nausea, vomiting, or diarrhea.
Referral placed for physical therapy twice weekly for 6 weeks.

The patient was counseled on lifestyle modifications.Labs (09/09/2024): high cortisol.resolving Parkinson's_disease

CLINIC VISIT (2024-09-18): mood changes fluctuating new dx of cluster_headache cont current medications

 Recommended lifestyle modifications including diet changes and regular exercise.
Patient is afebrile with normal vital signs.Oncology CONSULT (17 Nov 2024): consistent w/ hypertension schedule CT

Patient is afebrile with normal vital signs.
URGENT REVIEW (01st Jan 2025): frequent urination.likely fibromyalgia

PET scan (14rd Feb 2025): consistent w/ pituitary_adenoma.imp: pituitary_adenoma","[{""id"": ""ent_1"", ""value"": ""rash"", ""preferred_name"": ""Eruption of skin"", ""cui"": ""271807003"", ""category"": ""disorder"", ""negated"": false, ""subject"": ""Patient"", ""start"": 83, ""end"": 87}, {""id"": ""ent_2"", ""value"": ""normal sinus rhythm"", ""preferred_name"": ""Normal sinus rhythm"", ""cui"": ""64730000"", ""category"": ""finding"", ""negated"": false, ""subject"": ""Patient"", ""start"": 152, ""end"": 171}, {""id"": ""ent_3"", ""value"": ""conduction abnormalities"", ""preferred_name"": ""Abnormal cardiac conduction"", ""cui"": ""36358004"", ""category"": ""finding"", ""negated"": false, ""subject"": ""Patient"", ""start"": 194, ""end"": 218}, {""id"": ""ent_4"", ""value"": ""lifestyle"", ""preferred_name"": ""Lifestyle"", ""cui"": ""134436002"", ""category"": ""finding"", ""negated"": false, ""subject"": ""Patient"", ""start"": 328, ""end"": 337}, {""id"": ""ent_5"", ""value"": ""hypothyroidism"", ""preferred_name"": ""Hypothyroidism"", ""cui"": ""40930008"", ""category"": ""disorder"", ""negated"": false, ""subject"": ""Patient"", ""start"": 426, ""end"": 440}, {""id"": ""ent_6"", ""value"": ""nausea, vomiting"", ""preferred_name"": ""Nausea and vomiting"", ""cui"": ""16932000"", ""category"": ""disorder"", ""negated"": false, ""subject"": ""Patient"", ""start"": 611, ""end"": 627}, {""id"": ""ent_7"", ""value"": ""diarrhea"", ""preferred_name"": ""Diarrhea"", ""cui"": ""62315008"", ""category"": ""finding"", ""negated"": false, ""subject"": ""Patient"", ""start"": 632, ""end"": 640}, {""id"": ""ent_8"", ""value"": ""lifestyle"", ""preferred_name"": ""Lifestyle"", ""cui"": ""134436002"", ""category"": ""finding"", ""negated"": false, ""subject"": ""Patient"", ""start"": 735, ""end"": 744}, {""id"": ""ent_9"", ""value"": ""mood changes"", ""preferred_name"": ""Mood swings"", ""cui"": ""18963009"", ""category"": ""finding"", ""negated"": false, ""subject"": ""Patient"", ""start"": 850, ""end"": 862}, {""id"": ""ent_10"", ""value"": ""cluster_headache"", ""preferred_name"": ""Cluster headache syndrome"", ""cui"": ""193031009"", ""category"": ""disorder"", ""negated"": false, ""subject"": ""Patient"", ""start"": 885, ""end"": 901}, {""id"": ""ent_11"", ""value"": ""lifestyle"", ""preferred_name"": ""Lifestyle"", ""cui"": ""134436002"", ""category"": ""finding"", ""negated"": false, ""subject"": ""Other"", ""start"": 941, ""end"": 950}, {""id"": ""ent_12"", ""value"": ""diet"", ""preferred_name"": ""Dietary finding"", ""cui"": ""41829006"", ""category"": ""finding"", ""negated"": false, ""subject"": ""Other"", ""start"": 975, ""end"": 979}, {""id"": ""ent_13"", ""value"": ""normal vital signs"", ""preferred_name"": ""Normal vital signs"", ""cui"": ""72970002"", ""category"": ""finding"", ""negated"": false, ""subject"": ""Patient"", ""start"": 1035, ""end"": 1053}, {""id"": ""ent_14"", ""value"": ""hypertension"", ""preferred_name"": ""Hypertensive disorder, systemic arterial"", ""cui"": ""38341003"", ""category"": ""disorder"", ""negated"": false, ""subject"": ""Patient"", ""start"": 1100, ""end"": 1112}, {""id"": ""ent_15"", ""value"": ""normal vital signs"", ""preferred_name"": ""Normal vital signs"", ""cui"": ""72970002"", ""category"": ""finding"", ""negated"": false, ""subject"": ""Patient"", ""start"": 1151, ""end"": 1169}, {""id"": ""ent_16"", ""value"": ""frequent urination"", ""preferred_name"": ""Increased frequency of urination"", ""cui"": ""162116003"", ""category"": ""finding"", ""negated"": false, ""subject"": ""Patient"", ""start"": 1202, ""end"": 1220}, {""id"": ""ent_17"", ""value"": ""fibromyalgia"", ""preferred_name"": ""Fibromyalgia"", ""cui"": ""203082005"", ""category"": ""disorder"", ""negated"": false, ""subject"": ""Other"", ""start"": 1228, ""end"": 1240}, {""id"": ""ent_18"", ""value"": ""pituitary_adenoma"", ""preferred_name"": ""Pituitary adenoma"", ""cui"": ""254956000"", ""category"": ""disorder"", ""negated"": false, ""subject"": ""Patient"", ""start"": 1282, ""end"": 1299}, {""id"": ""ent_19"", ""value"": ""pituitary_adenoma"", ""preferred_name"": ""Pituitary adenoma"", ""cui"": ""254956000"", ""category"": ""disorder"", ""negated"": false, ""subject"": ""Patient"", ""start"": 1305, ""end"": 1322}]","[{""id"": ""abs_1"", ""value"": ""Jun 2024"", ""start"": 10, ""end"": 18}, {""id"": ""abs_2"", ""value"": ""08-09-2024"", ""start"": 559, ""end"": 569}, {""id"": ""abs_3"", ""value"": ""09/09/2024"", ""start"": 765, ""end"": 775}, {""id"": ""abs_4"", ""value"": ""2024-09"", ""start"": 837, ""end"": 844}, {""id"": ""abs_5"", ""value"": ""Nov 2024"", ""start"": 1075, ""end"": 1083}, {""id"": ""abs_6"", ""value"": ""Jan 2025"", ""start"": 1191, ""end"": 1199}, {""id"": ""abs_7"", ""value"": ""Feb 2025"", ""start"": 1257, ""end"": 1265}]","[{""id"": ""rel_1"", ""value"": ""6 weeks"", ""start"": 407, ""end"": 414, ""pattern_type"": ""numeric_simple""}]"
7,36,"URGENT REVIEW (03rd Dec 2024): mood changes.resolving tension_headache
 Patient reports compliance with current medication regimen. GI: Bowel sounds present in all four quadrants. Liver function tests show mild elevation in ALT and AST, likely due to medication effect. No hepatosplenomegaly.
 Current medications include: lisinopril 10mg daily, metformin 500mg twice daily, and atorvastatin 20mg at bedtime.
Respiratory: Clear to auscultation bilaterally. No wheezes, rales, or rhonchi. MRI of the brain demonstrates age-appropriate atrophy without evidence of mass or stroke.F/U (04 Dec 2024): imp Neurological exam within normal limits.
 Lymphatic: No cervical, axillary, or inguinal lymphadenopathy.Chest X-ray reveals clear lung fields without infiltrates or effusions. Musculoskeletal: Full range of motion in all extremities. No edema or deformity noted. roved.unclear etiology, could be adrenal_insufficiency vs hypothyroidism f/u in 1 month
 Neurological exam within normal limits. Patient has a history of cyst. Noted pituitary macroadenoma in medical history.
Referral placed for physical therapy twice weekly for 6 weeks.
URGENT REVIEW (06st Jan 2025): insomnia.cons Referral placed for physical therapy twice weekly for 6 weeks. The patient was counseled on lifestyle modifications. No known drug allergies or adverse reactions reported. istent w/ bipolar_disorder","[{""id"": ""ent_1"", ""value"": ""mood changes"", ""preferred_name"": ""Mood swings"", ""cui"": ""18963009"", ""category"": ""finding"", ""negated"": false, ""subject"": ""Patient"", ""start"": 31, ""end"": 43}, {""id"": ""ent_2"", ""value"": ""tension_headache"", ""preferred_name"": ""Tension-type headache"", ""cui"": ""398057008"", ""category"": ""disorder"", ""negated"": false, ""subject"": ""Patient"", ""start"": 54, ""end"": 70}, {""id"": ""ent_3"", ""value"": ""hepatosplenomegaly"", ""preferred_name"": ""Hepatosplenomegaly"", ""cui"": ""36760000"", ""category"": ""disorder"", ""negated"": false, ""subject"": ""Other"", ""start"": 273, ""end"": 291}, {""id"": ""ent_4"", ""value"": ""lisinopril"", ""preferred_name"": ""Lisinopril"", ""cui"": ""386873009"", ""category"": ""substance"", ""negated"": false, ""subject"": ""Patient"", ""start"": 323, ""end"": 333}, {""id"": ""ent_5"", ""value"": ""metformin"", ""preferred_name"": ""Metformin"", ""cui"": ""372567009"", ""category"": ""substance"", ""negated"": false, ""subject"": ""Patient"", ""start"": 346, ""end"": 355}, {""id"": ""ent_6"", ""value"": ""atorvastatin"", ""preferred_name"": ""Atorvastatin"", ""cui"": ""373444002"", ""category"": ""substance"", ""negated"": false, ""subject"": ""Other"", ""start"": 379, ""end"": 391}, {""id"": ""ent_7"", ""value"": ""wheezes"", ""preferred_name"": ""Wheezing"", ""cui"": ""56018004"", ""category"": ""finding"", ""negated"": false, ""subject"": ""Patient"", ""start"": 460, ""end"": 467}, {""id"": ""ent_8"", ""value"": ""rales"", ""preferred_name"": ""Respiratory crackles"", ""cui"": ""48409008"", ""category"": ""finding"", ""negated"": false, ""subject"": ""Patient"", ""start"": 469, ""end"": 474}, {""id"": ""ent_9"", ""value"": ""rhonchi"", ""preferred_name"": ""Wheeze - rhonchi"", ""cui"": ""24612001"", ""category"": ""finding"", ""negated"": false, ""subject"": ""Other"", ""start"": 479, ""end"": 486}, {""id"": ""ent_10"", ""value"": ""stroke"", ""preferred_name"": ""Cerebrovascular accident"", ""cui"": ""230690007"", ""category"": ""disorder"", ""negated"": false, ""subject"": ""Patient"", ""start"": 570, ""end"": 576}, {""id"": ""ent_11"", ""value"": ""inguinal lymphadenopathy"", ""preferred_name"": ""Inguinal lymphadenopathy"", ""cui"": ""127199000"", ""category"": ""disorder"", ""negated"": false, ""subject"": ""Patient"", ""start"": 678, ""end"": 702}, {""id"": ""ent_12"", ""value"": ""infiltrates"", ""preferred_name"": ""Radiologic infiltrate of lung"", ""cui"": ""409609008"", ""category"": ""disorder"", ""negated"": false, ""subject"": ""Patient"", ""start"": 749, ""end"": 760}, {""id"": ""ent_13"", ""value"": ""effusions"", ""preferred_name"": ""Effusion"", ""cui"": ""430869004"", ""category"": ""substance"", ""negated"": false, ""subject"": ""Patient"", ""start"": 764, ""end"": 773}, {""id"": ""ent_14"", ""value"": ""Musculoskeletal"", ""preferred_name"": ""Musculoskeletal finding"", ""cui"": ""106028002"", ""category"": ""finding"", ""negated"": false, ""subject"": ""Patient"", ""start"": 775, ""end"": 790}, {""id"": ""ent_15"", ""value"": ""deformity"", ""preferred_name"": ""Deformity"", ""cui"": ""417893002"", ""category"": ""finding"", ""negated"": false, ""subject"": ""Patient"", ""start"": 845, ""end"": 854}, {""id"": ""ent_16"", ""value"": ""adrenal_insufficiency"", ""preferred_name"": ""Adrenal cortical hypofunction"", ""cui"": ""386584007"", ""category"": ""disorder"", ""negated"": false, ""subject"": ""Patient"", ""start"": 895, ""end"": 916}, {""id"": ""ent_17"", ""value"": ""hypothyroidism"", ""preferred_name"": ""Hypothyroidism"", ""cui"": ""40930008"", ""category"": ""disorder"", ""negated"": false, ""subject"": ""Patient"", ""start"": 920, ""end"": 934}, {""id"": ""ent_18"", ""value"": ""cyst"", ""preferred_name"": ""Cyst"", ""cui"": ""441457006"", ""category"": ""disorder"", ""negated"": false, ""subject"": ""Patient"", ""start"": 1016, ""end"": 1020}, {""id"": ""ent_19"", ""value"": ""pituitary macroadenoma"", ""preferred_name"": ""Pituitary macroadenoma"", ""cui"": ""254965007"", ""category"": ""disorder"", ""negated"": false, ""subject"": ""Patient"", ""start"": 1028, ""end"": 1050}, {""id"": ""ent_20"", ""value"": ""lifestyle"", ""preferred_name"": ""Lifestyle"", ""cui"": ""134436002"", ""category"": ""finding"", ""negated"": false, ""subject"": ""Patient"", ""start"": 1271, ""end"": 1280}, {""id"": ""ent_21"", ""value"": ""adverse reactions"", ""preferred_name"": ""Adverse reaction"", ""cui"": ""281647001"", ""category"": ""disorder"", ""negated"": false, ""subject"": ""Patient"", ""start"": 1323, ""end"": 1340}, {""id"": ""ent_22"", ""value"": ""bipolar_disorder"", ""preferred_name"": ""Bipolar disorder"", ""cui"": ""13746004"", ""category"": ""disorder"", ""negated"": false, ""subject"": ""Patient"", ""start"": 1361, ""end"": 1377}]","[{""id"": ""abs_1"", ""value"": ""Dec 2024"", ""start"": 20, ""end"": 28}, {""id"": ""abs_2"", ""value"": ""Dec 2024"", ""start"": 585, ""end"": 593}, {""id"": ""abs_3"", ""value"": ""Jan 2025"", ""start"": 1154, ""end"": 1162}]","[{""id"": ""rel_1"", ""value"": ""1 month"", ""start"": 939, ""end"": 946, ""pattern_type"": ""numeric_simple""}, {""id"": ""rel_2"", ""value"": ""6 weeks"", ""start"": 1122, ""end"": 1129, ""pattern_type"": ""numeric_simple""}]"
8,37,"Rheumatology CONSULT (20-11-2024): unclear etiology,could be Cushing's_syndrome vs macroadenoma cont current medications

Phone note((31 Dec'24)): remission.switch to lisinopril


The patient was counseled on lifestyle modifications.CLINIC VISIT (21-01-2025): cough improved new diagnosis of schizophrenia taper medication

Neurology CONSULT (23rd Jan 2025): likely tension_headache increase dose
 Basic metabolic panel within normal limits with sodium 140, potassium 4.2, creatinine 0.9.
CT (04/02/25): no significant findings.imp Patient reports compliance with current medication regimen. The plan was discussed with the patient, who understands and agrees. Imaging studies were reviewed with the patient. Will continue current medication regimen and reassess in 3 months. : hypothyroidism

 Patient instructed to follow up with specialist for further evaluation.Evaluation((11st Mar 2025)): pt presents w/ Lymphatic: No cervical, axillary, or inguinal lymphadenopathy. CT scan of the head shows no acute intracranial abnormalities. Lymphatic: No cervical, axillary, or inguinal lymphadenopathy. Patient given educational materials regarding disease management.  weight loss.rule out epilepsy

URGENT REVIEW (21st Mar 2025): visual changes.suspect hyperthyroidism","[{""id"": ""ent_1"", ""value"": ""Cushing's_syndrome"", ""preferred_name"": ""Hypercortisolism"", ""cui"": ""47270006"", ""category"": ""disorder"", ""negated"": false, ""subject"": ""Other"", ""start"": 61, ""end"": 79}, {""id"": ""ent_2"", ""value"": ""lisinopril"", ""preferred_name"": ""Lisinopril"", ""cui"": ""386873009"", ""category"": ""substance"", ""negated"": false, ""subject"": ""Other"", ""start"": 167, ""end"": 177}, {""id"": ""ent_3"", ""value"": ""lifestyle"", ""preferred_name"": ""Lifestyle"", ""cui"": ""134436002"", ""category"": ""finding"", ""negated"": false, ""subject"": ""Other"", ""start"": 209, ""end"": 218}, {""id"": ""ent_4"", ""value"": ""cough"", ""preferred_name"": ""Cough"", ""cui"": ""49727002"", ""category"": ""finding"", ""negated"": false, ""subject"": ""Other"", ""start"": 260, ""end"": 265}, {""id"": ""ent_5"", ""value"": ""schizophrenia"", ""preferred_name"": ""Schizophrenia"", ""cui"": ""58214004"", ""category"": ""disorder"", ""negated"": false, ""subject"": ""Other"", ""start"": 292, ""end"": 305}, {""id"": ""ent_6"", ""value"": ""tension_headache"", ""preferred_name"": ""Tension-type headache"", ""cui"": ""398057008"", ""category"": ""disorder"", ""negated"": false, ""subject"": ""Other"", ""start"": 366, ""end"": 382}, {""id"": ""ent_7"", ""value"": ""hypothyroidism"", ""preferred_name"": ""Hypothyroidism"", ""cui"": ""40930008"", ""category"": ""disorder"", ""negated"": false, ""subject"": ""Other"", ""start"": 778, ""end"": 792}, {""id"": ""ent_8"", ""value"": ""inguinal lymphadenopathy"", ""preferred_name"": ""Inguinal lymphadenopathy"", ""cui"": ""127199000"", ""category"": ""disorder"", ""negated"": false, ""subject"": ""Other"", ""start"": 947, ""end"": 971}, {""id"": ""ent_9"", ""value"": ""inguinal lymphadenopathy"", ""preferred_name"": ""Inguinal lymphadenopathy"", ""cui"": ""127199000"", ""category"": ""disorder"", ""negated"": false, ""subject"": ""Other"", ""start"": 1073, ""end"": 1097}, {""id"": ""ent_10"", ""value"": ""materials"", ""preferred_name"": ""Material"", ""cui"": ""260769002"", ""category"": ""substance"", ""negated"": false, ""subject"": ""Other"", ""start"": 1125, ""end"": 1134}, {""id"": ""ent_11"", ""value"": ""weight loss"", ""preferred_name"": ""Weight loss"", ""cui"": ""89362005"", ""category"": ""finding"", ""negated"": false, ""subject"": ""Other"", ""start"": 1166, ""end"": 1177}, {""id"": ""ent_12"", ""value"": ""epilepsy"", ""preferred_name"": ""Epilepsy"", ""cui"": ""84757009"", ""category"": ""disorder"", ""negated"": false, ""subject"": ""Other"", ""start"": 1187, ""end"": 1195}, {""id"": ""ent_13"", ""value"": ""hyperthyroidism"", ""preferred_name"": ""Hyperthyroidism"", ""cui"": ""34486009"", ""category"": ""disorder"", ""negated"": false, ""subject"": ""Other"", ""start"": 1251, ""end"": 1266}]","[{""id"": ""abs_1"", ""value"": ""20-11-2024"", ""start"": 22, ""end"": 32}, {""id"": ""abs_2"", ""value"": ""21-01-2025"", ""start"": 247, ""end"": 257}, {""id"": ""abs_3"", ""value"": ""Jan 2025"", ""start"": 348, ""end"": 356}, {""id"": ""abs_4"", ""value"": ""04/02/25"", ""start"": 493, ""end"": 501}, {""id"": ""abs_5"", ""value"": ""Mar 2025"", ""start"": 883, ""end"": 891}, {""id"": ""abs_6"", ""value"": ""Mar 2025"", ""start"": 1217, ""end"": 1225}]","[{""id"": ""rel_1"", ""value"": ""3 months"", ""start"": 766, ""end"": 774, ""pattern_type"": ""numeric_simple""}]"
9,38,"Oncology CONSULT (2024-12-05): likely GERD observe and reassess

 HEENT: Normocephalic, atraumatic. Pupils equal, round, and reactive to light.Oncology CONSULT (21st Jan 2025): suspect hypertension follow up in 1 month
 No known drug allergies or adverse reactions reported.

Will order additional laboratory studies at next visit if symptoms persist. Heart: Regular rate and rhythm, no murmurs.X-ray (26 Feb 2025): shows 0.8cm mass in brain. imp: microadenoma


She denies any nausea, vomiting, or diarrhea.F/U (02 Apr 2025) Referral placed for physical therapy twice weekly for 6 weeks.
Complete blood count shows WBC 7.2, Hgb 13.5, Plt 250. Current medications include: lisinopril 10mg daily, metformin 500mg twice daily, and atorvastatin 20mg at bedtime. : slightly improved. new dx of anemia taper medication


Lungs clear to auscultation bilaterally.Consult((11 Apr'25)): pt presents with insomnia. likely depression
 Urinalysis negative for blood, protein, and leukocyte esterase. Cardiovascular: Regular rate and rhythm. No murmurs, rubs, or gallops. Normal S1 and S2.
She denies any nausea, vomiting, or diarrhea.
 No acute distress noted on examination.PET scan (16/05/25): evidence of fluid collection.
Patient reports compliance with current medication regimen. imp: osteoarthritis","[{""id"": ""ent_1"", ""value"": ""GERD"", ""preferred_name"": ""Gastroesophageal reflux disease"", ""cui"": ""235595009"", ""category"": ""disorder"", ""negated"": false, ""subject"": ""Other"", ""start"": 38, ""end"": 42}, {""id"": ""ent_2"", ""value"": ""hypertension"", ""preferred_name"": ""Hypertensive disorder, systemic arterial"", ""cui"": ""38341003"", ""category"": ""disorder"", ""negated"": false, ""subject"": ""Other"", ""start"": 185, ""end"": 197}, {""id"": ""ent_3"", ""value"": ""adverse reactions"", ""preferred_name"": ""Adverse reaction"", ""cui"": ""281647001"", ""category"": ""disorder"", ""negated"": false, ""subject"": ""Other"", ""start"": 247, ""end"": 264}, {""id"": ""ent_4"", ""value"": ""murmurs"", ""preferred_name"": ""Murmur"", ""cui"": ""414786004"", ""category"": ""finding"", ""negated"": false, ""subject"": ""Patient"", ""start"": 387, ""end"": 394}, {""id"": ""ent_5"", ""value"": ""nausea, vomiting"", ""preferred_name"": ""Nausea and vomiting"", ""cui"": ""16932000"", ""category"": ""disorder"", ""negated"": false, ""subject"": ""Other"", ""start"": 478, ""end"": 494}, {""id"": ""ent_6"", ""value"": ""diarrhea"", ""preferred_name"": ""Diarrhea"", ""cui"": ""62315008"", ""category"": ""finding"", ""negated"": false, ""subject"": ""Other"", ""start"": 499, ""end"": 507}, {""id"": ""ent_7"", ""value"": ""lisinopril"", ""preferred_name"": ""Lisinopril"", ""cui"": ""386873009"", ""category"": ""substance"", ""negated"": false, ""subject"": ""Other"", ""start"": 673, ""end"": 683}, {""id"": ""ent_8"", ""value"": ""metformin"", ""preferred_name"": ""Metformin"", ""cui"": ""372567009"", ""category"": ""substance"", ""negated"": false, ""subject"": ""Other"", ""start"": 696, ""end"": 705}, {""id"": ""ent_9"", ""value"": ""atorvastatin"", ""preferred_name"": ""Atorvastatin"", ""cui"": ""373444002"", ""category"": ""substance"", ""negated"": false, ""subject"": ""Other"", ""start"": 729, ""end"": 741}, {""id"": ""ent_10"", ""value"": ""anemia"", ""preferred_name"": ""Anemia"", ""cui"": ""271737000"", ""category"": ""disorder"", ""negated"": false, ""subject"": ""Other"", ""start"": 790, ""end"": 796}, {""id"": ""ent_11"", ""value"": ""depression"", ""preferred_name"": ""Depressive disorder"", ""cui"": ""35489007"", ""category"": ""disorder"", ""negated"": false, ""subject"": ""Other"", ""start"": 912, ""end"": 922}, {""id"": ""ent_12"", ""value"": ""murmurs"", ""preferred_name"": ""Murmur"", ""cui"": ""414786004"", ""category"": ""finding"", ""negated"": false, ""subject"": ""Patient"", ""start"": 1032, ""end"": 1039}, {""id"": ""ent_13"", ""value"": ""rubs"", ""preferred_name"": ""Pericardial friction rub"", ""cui"": ""7036007"", ""category"": ""finding"", ""negated"": false, ""subject"": ""Other"", ""start"": 1041, ""end"": 1045}, {""id"": ""ent_14"", ""value"": ""nausea, vomiting"", ""preferred_name"": ""Nausea and vomiting"", ""cui"": ""16932000"", ""category"": ""disorder"", ""negated"": false, ""subject"": ""Patient"", ""start"": 1092, ""end"": 1108}, {""id"": ""ent_15"", ""value"": ""diarrhea"", ""preferred_name"": ""Diarrhea"", ""cui"": ""62315008"", ""category"": ""finding"", ""negated"": false, ""subject"": ""Other"", ""start"": 1113, ""end"": 1121}, {""id"": ""ent_16"", ""value"": ""osteoarthritis"", ""preferred_name"": ""Osteoarthritis"", ""cui"": ""396275006"", ""category"": ""disorder"", ""negated"": false, ""subject"": ""Patient"", ""start"": 1279, ""end"": 1293}]","[{""id"": ""abs_1"", ""value"": ""2024-12"", ""start"": 18, ""end"": 25}, {""id"": ""abs_2"", ""value"": ""Jan 2025"", ""start"": 166, ""end"": 174}, {""id"": ""abs_3"", ""value"": ""Feb 2025"", ""start"": 405, ""end"": 413}, {""id"": ""abs_4"", ""value"": ""Apr 2025"", ""start"": 516, ""end"": 524}, {""id"": ""abs_5"", ""value"": ""16/05/25"", ""start"": 1173, ""end"": 1181}]","[{""id"": ""rel_1"", ""value"": ""1 month"", ""start"": 211, ""end"": 218, ""pattern_type"": ""numeric_simple""}, {""id"": ""rel_2"", ""value"": ""6 weeks"", ""start"": 580, ""end"": 587, ""pattern_type"": ""numeric_simple""}]"
10,39,"MRI (2024-06-13): reveals tension_headache. imp: tension_headache

Phone note((21/06/24)): resolved.
Psychiatric: Alert and oriented x3. Mood and affect appropriate.
EKG shows normal sinus rhythm without ST changes or conduction abnormalities. increase dose
 Abdomen: Soft, non-tender, non-distended.
Labs (09 Aug'24): low TSH.

Lymphatic: No cervical, axillary, or inguinal lymphadenopathy.Patient given educational materials regarding disease management. confirmed COPD

Cardiovascular: Regular rate and rhythm. No murmurs, rubs, or gallops. Normal S1 and S2.
Phone note((15 Sep'24)): improved. f/u in 1 week
 HEENT: Normocephalic, atraumatic. Pupils equal, round, and reactive to light.
Imaging studies were reviewed with the patient.
Consult((09 Nov'24)): pt presents w/ fever. unclear etiology,  CT scan of the head shows no acute intracranial abnormalities. Basic metabolic panel within normal limits with sodium 140, potassium 4.2, creatinine 0.9. The patient was advised to return if symptoms worsen. could be microadenoma vs depression
 Past medical history is non-contributory.
URGENT REVIEW (07nd Dec 2024): frequent urination.
Patient given educational materials regarding disease management. MRI of the brain demonstrates age-appropriate atrophy without evidence of mass or stroke. confirmed IBS","[{""id"": ""ent_1"", ""value"": ""tension_headache"", ""preferred_name"": ""Tension-type headache"", ""cui"": ""398057008"", ""category"": ""disorder"", ""negated"": false, ""subject"": ""Patient"", ""start"": 26, ""end"": 42}, {""id"": ""ent_2"", ""value"": ""tension_headache"", ""preferred_name"": ""Tension-type headache"", ""cui"": ""398057008"", ""category"": ""disorder"", ""negated"": false, ""subject"": ""Patient"", ""start"": 49, ""end"": 65}, {""id"": ""ent_3"", ""value"": ""normal sinus rhythm"", ""preferred_name"": ""Normal sinus rhythm"", ""cui"": ""64730000"", ""category"": ""finding"", ""negated"": false, ""subject"": ""Patient"", ""start"": 176, ""end"": 195}, {""id"": ""ent_4"", ""value"": ""conduction abnormalities"", ""preferred_name"": ""Abnormal cardiac conduction"", ""cui"": ""36358004"", ""category"": ""finding"", ""negated"": false, ""subject"": ""Patient"", ""start"": 218, ""end"": 242}, {""id"": ""ent_5"", ""value"": ""inguinal lymphadenopathy"", ""preferred_name"": ""Inguinal lymphadenopathy"", ""cui"": ""127199000"", ""category"": ""disorder"", ""negated"": false, ""subject"": ""Patient"", ""start"": 366, ""end"": 390}, {""id"": ""ent_6"", ""value"": ""materials"", ""preferred_name"": ""Material"", ""cui"": ""260769002"", ""category"": ""substance"", ""negated"": false, ""subject"": ""Patient"", ""start"": 417, ""end"": 426}, {""id"": ""ent_7"", ""value"": ""COPD"", ""preferred_name"": ""Chronic obstructive lung disease"", ""cui"": ""13645005"", ""category"": ""disorder"", ""negated"": false, ""subject"": ""Other"", ""start"": 467, ""end"": 471}, {""id"": ""ent_8"", ""value"": ""murmurs"", ""preferred_name"": ""Murmur"", ""cui"": ""414786004"", ""category"": ""finding"", ""negated"": false, ""subject"": ""Patient"", ""start"": 517, ""end"": 524}, {""id"": ""ent_9"", ""value"": ""rubs"", ""preferred_name"": ""Pericardial friction rub"", ""cui"": ""7036007"", ""category"": ""finding"", ""negated"": false, ""subject"": ""Patient"", ""start"": 526, ""end"": 530}, {""id"": ""ent_10"", ""value"": ""fever"", ""preferred_name"": ""Fever"", ""cui"": ""386661006"", ""category"": ""finding"", ""negated"": false, ""subject"": ""Patient"", ""start"": 775, ""end"": 780}, {""id"": ""ent_11"", ""value"": ""depression"", ""preferred_name"": ""Depressive disorder"", ""cui"": ""35489007"", ""category"": ""disorder"", ""negated"": false, ""subject"": ""Patient"", ""start"": 1034, ""end"": 1044}, {""id"": ""ent_12"", ""value"": ""frequent urination"", ""preferred_name"": ""Increased frequency of urination"", ""cui"": ""162116003"", ""category"": ""finding"", ""negated"": false, ""subject"": ""Patient"", ""start"": 1119, ""end"": 1137}, {""id"": ""ent_13"", ""value"": ""materials"", ""preferred_name"": ""Material"", ""cui"": ""260769002"", ""category"": ""substance"", ""negated"": false, ""subject"": ""Patient"", ""start"": 1165, ""end"": 1174}, {""id"": ""ent_14"", ""value"": ""stroke"", ""preferred_name"": ""Cerebrovascular accident"", ""cui"": ""230690007"", ""category"": ""disorder"", ""negated"": false, ""subject"": ""Patient"", ""start"": 1287, ""end"": 1293}, {""id"": ""ent_15"", ""value"": ""IBS"", ""preferred_name"": ""Irritable bowel syndrome"", ""cui"": ""10743008"", ""category"": ""disorder"", ""negated"": false, ""subject"": ""Other"", ""start"": 1305, ""end"": 1308}]","[{""id"": ""abs_1"", ""value"": ""2024-06"", ""start"": 5, ""end"": 12}, {""id"": ""abs_2"", ""value"": ""21/06/24"", ""start"": 79, ""end"": 87}, {""id"": ""abs_3"", ""value"": ""Dec 2024"", ""start"": 1108, ""end"": 1116}]","[{""id"": ""rel_1"", ""value"": ""1 week"", ""start"": 604, ""end"": 610, ""pattern_type"": ""numeric_simple""}]"
1,40,"Initial assessment((02 Jul'24)): pt presents w/ cough.new dx of leukemia


Abdomen: Soft, non-tender, non-distended.He denies any fever, chills, or night sweats.
 He denies any fever, chills, or night sweats.No acute distress noted on examination.

 Patient is afebrile with normal vital signs. Patient has a history of hyperlipidemia. A review of systems was otherwise negative.Patient is afebrile with normal vital signs.Evaluation((2024-08-08)): pt presents w/ cough.rule out lymphoma


Medication dosages were adjusted based on recent laboratory findings.Labs (21st Aug 2024): high cortiso Medication dosages were adjusted based on recent laboratory findings. Noted pneumocephalus in medical history. Imaging studies were reviewed with the patient.

Patient was instructed on proper medication administration techniques.Recommended lifestyle modifications including diet changes and regular exercise. l.new dx of epilepsy

 Medications were reconciled during the visit.Lungs clear to auscultation bilaterally.

Follow-up appointment scheduled in 3 months. Patient was instructed on proper medication administration techniques. Patient has a history of pituitary macroadenoma.
Follow-up appointment scheduled in 3 months.

Imaging studies were reviewed with the patient.Will order additional laboratory studies at next visit if symptoms persist.Phone note((28st Aug 2024)): stable.observe and reassess","[{""id"": ""ent_1"", ""value"": ""cough"", ""preferred_name"": ""Cough"", ""cui"": ""49727002"", ""category"": ""finding"", ""negated"": false, ""subject"": ""Patient"", ""start"": 48, ""end"": 53}, {""id"": ""ent_2"", ""value"": ""fever, chills"", ""preferred_name"": ""Fever with chills"", ""cui"": ""274640006"", ""category"": ""finding"", ""negated"": false, ""subject"": ""Patient"", ""start"": 130, ""end"": 143}, {""id"": ""ent_3"", ""value"": ""night sweats"", ""preferred_name"": ""Night sweats"", ""cui"": ""42984000"", ""category"": ""finding"", ""negated"": false, ""subject"": ""Patient"", ""start"": 148, ""end"": 160}, {""id"": ""ent_4"", ""value"": ""fever, chills"", ""preferred_name"": ""Fever with chills"", ""cui"": ""274640006"", ""category"": ""finding"", ""negated"": false, ""subject"": ""Patient"", ""start"": 177, ""end"": 190}, {""id"": ""ent_5"", ""value"": ""night sweats"", ""preferred_name"": ""Night sweats"", ""cui"": ""42984000"", ""category"": ""finding"", ""negated"": false, ""subject"": ""Patient"", ""start"": 195, ""end"": 207}, {""id"": ""ent_6"", ""value"": ""normal vital signs"", ""preferred_name"": ""Normal vital signs"", ""cui"": ""72970002"", ""category"": ""finding"", ""negated"": false, ""subject"": ""Patient"", ""start"": 275, ""end"": 293}, {""id"": ""ent_7"", ""value"": ""hyperlipidemia"", ""preferred_name"": ""Hyperlipidemia"", ""cui"": ""55822004"", ""category"": ""disorder"", ""negated"": false, ""subject"": ""Patient"", ""start"": 320, ""end"": 334}, {""id"": ""ent_8"", ""value"": ""normal vital signs"", ""preferred_name"": ""Normal vital signs"", ""cui"": ""72970002"", ""category"": ""finding"", ""negated"": false, ""subject"": ""Patient"", ""start"": 404, ""end"": 422}, {""id"": ""ent_9"", ""value"": ""cough"", ""preferred_name"": ""Cough"", ""cui"": ""49727002"", ""category"": ""finding"", ""negated"": false, ""subject"": ""Patient"", ""start"": 464, ""end"": 469}, {""id"": ""ent_10"", ""value"": ""lymphoma"", ""preferred_name"": ""Malignant lymphoma"", ""cui"": ""118600007"", ""category"": ""disorder"", ""negated"": false, ""subject"": ""Patient"", ""start"": 479, ""end"": 487}, {""id"": ""ent_11"", ""value"": ""pneumocephalus"", ""preferred_name"": ""Pneumocephalus"", ""cui"": ""14415006"", ""category"": ""disorder"", ""negated"": false, ""subject"": ""Patient"", ""start"": 670, ""end"": 684}, {""id"": ""ent_12"", ""value"": ""lifestyle"", ""preferred_name"": ""Lifestyle"", ""cui"": ""134436002"", ""category"": ""finding"", ""negated"": false, ""subject"": ""Patient"", ""start"": 836, ""end"": 845}, {""id"": ""ent_13"", ""value"": ""diet"", ""preferred_name"": ""Dietary finding"", ""cui"": ""41829006"", ""category"": ""finding"", ""negated"": false, ""subject"": ""Patient"", ""start"": 870, ""end"": 874}, {""id"": ""ent_14"", ""value"": ""epilepsy"", ""preferred_name"": ""Epilepsy"", ""cui"": ""84757009"", ""category"": ""disorder"", ""negated"": false, ""subject"": ""Patient"", ""start"": 917, ""end"": 925}, {""id"": ""ent_15"", ""value"": ""pituitary macroadenoma"", ""preferred_name"": ""Pituitary macroadenoma"", ""cui"": ""254965007"", ""category"": ""disorder"", ""negated"": false, ""subject"": ""Patient"", ""start"": 1156, ""end"": 1178}]","[{""id"": ""abs_1"", ""value"": ""2024-08"", ""start"": 435, ""end"": 442}, {""id"": ""abs_2"", ""value"": ""Aug 2024"", ""start"": 570, ""end"": 578}, {""id"": ""abs_3"", ""value"": ""Aug 2024"", ""start"": 1365, ""end"": 1373}]","[{""id"": ""rel_1"", ""value"": ""3 months"", ""start"": 1050, ""end"": 1058, ""pattern_type"": ""numeric_simple""}]"
2,41,"F/U (02nd Oct 2024): slightly  Patient tolerated the procedure well.
Chest X-ray reveals clear lung fields without infiltrates or effusions. Assessment includes disorder of optic nerve.
Recommended lifestyle modifications including diet changes and regular exercise. Patient tolerated the procedure well.
 GI: Bowel sounds present in all four quadrants. No hepatosplenomegaly. Liver function tests show mild elevation in ALT and AST, likely due to medication effect.The patient was advised to return if symptoms worsen. improved.suspect lymphoma admit to hospital
 A review of systems was otherwise negative.

The patient was counseled on lifestyle modifications.

Imaging studies were reviewed with the patient.Complete blood count shows WBC 7.2, Hgb 13.5, Plt 250.Labs (17/10/24): low TSH.suspect gout

MRI of the brain demonstrates age-appropriate atrophy without evidence of mass or stroke. Noted congenital malformation in medical history. Labs from this morning were unremarkable.
Labs (08/11/24): low vitamin D.suspect hyperlipidemia

Past medical history is non-contributory.
Abdomen: Soft, non-tender, non-distended.
HEENT: Normocephalic, atraumatic. Pupils equal, round, and reactive to light.
MRI (03/12/24): shows 2.3cm mass in colon.imp Patient tolerated the procedure well. CT scan of the head shows no acute intracranial abnormalities. Complete blood count shows WBC 7.2, Hgb 13.5, Plt 250. : hyperthyroidism","[{""id"": ""ent_1"", ""value"": ""infiltrates"", ""preferred_name"": ""Radiologic infiltrate of lung"", ""cui"": ""409609008"", ""category"": ""disorder"", ""negated"": false, ""subject"": ""Patient"", ""start"": 115, ""end"": 126}, {""id"": ""ent_2"", ""value"": ""effusions"", ""preferred_name"": ""Effusion"", ""cui"": ""430869004"", ""category"": ""substance"", ""negated"": false, ""subject"": ""Patient"", ""start"": 130, ""end"": 139}, {""id"": ""ent_3"", ""value"": ""disorder of optic nerve"", ""preferred_name"": ""Disorder of optic nerve"", ""cui"": ""77157004"", ""category"": ""disorder"", ""negated"": false, ""subject"": ""Patient"", ""start"": 161, ""end"": 184}, {""id"": ""ent_4"", ""value"": ""lifestyle"", ""preferred_name"": ""Lifestyle"", ""cui"": ""134436002"", ""category"": ""finding"", ""negated"": false, ""subject"": ""Patient"", ""start"": 198, ""end"": 207}, {""id"": ""ent_5"", ""value"": ""diet"", ""preferred_name"": ""Dietary finding"", ""cui"": ""41829006"", ""category"": ""finding"", ""negated"": false, ""subject"": ""Patient"", ""start"": 232, ""end"": 236}, {""id"": ""ent_6"", ""value"": ""hepatosplenomegaly"", ""preferred_name"": ""Hepatosplenomegaly"", ""cui"": ""36760000"", ""category"": ""disorder"", ""negated"": false, ""subject"": ""Patient"", ""start"": 357, ""end"": 375}, {""id"": ""ent_7"", ""value"": ""lymphoma"", ""preferred_name"": ""Malignant lymphoma"", ""cui"": ""118600007"", ""category"": ""disorder"", ""negated"": false, ""subject"": ""Patient"", ""start"": 537, ""end"": 545}, {""id"": ""ent_8"", ""value"": ""lifestyle"", ""preferred_name"": ""Lifestyle"", ""cui"": ""134436002"", ""category"": ""finding"", ""negated"": false, ""subject"": ""Patient"", ""start"": 639, ""end"": 648}, {""id"": ""ent_9"", ""value"": ""stroke"", ""preferred_name"": ""Cerebrovascular accident"", ""cui"": ""230690007"", ""category"": ""disorder"", ""negated"": false, ""subject"": ""Patient"", ""start"": 887, ""end"": 893}, {""id"": ""ent_10"", ""value"": ""congenital malformation"", ""preferred_name"": ""Congenital malformation"", ""cui"": ""276654001"", ""category"": ""disorder"", ""negated"": false, ""subject"": ""Patient"", ""start"": 901, ""end"": 924}, {""id"": ""ent_11"", ""value"": ""vitamin D"", ""preferred_name"": ""Vitamin D"", ""cui"": ""30178006"", ""category"": ""substance"", ""negated"": false, ""subject"": ""Patient"", ""start"": 1008, ""end"": 1017}, {""id"": ""ent_12"", ""value"": ""hyperlipidemia"", ""preferred_name"": ""Hyperlipidemia"", ""cui"": ""55822004"", ""category"": ""disorder"", ""negated"": false, ""subject"": ""Patient"", ""start"": 1026, ""end"": 1040}, {""id"": ""ent_13"", ""value"": ""hyperthyroidism"", ""preferred_name"": ""Hyperthyroidism"", ""cui"": ""34486009"", ""category"": ""disorder"", ""negated"": false, ""subject"": ""Patient"", ""start"": 1408, ""end"": 1423}]","[{""id"": ""abs_1"", ""value"": ""Oct 2024"", ""start"": 10, ""end"": 18}, {""id"": ""abs_2"", ""value"": ""17/10/24"", ""start"": 772, ""end"": 780}, {""id"": ""abs_3"", ""value"": ""08/11/24"", ""start"": 993, ""end"": 1001}, {""id"": ""abs_4"", ""value"": ""03/12/24"", ""start"": 1209, ""end"": 1217}]","[{""id"": ""rel_1"", ""value"": ""this morning"", ""start"": 952, ""end"": 964, ""pattern_type"": ""part_of_day""}]"
3,42,"X-ray (07/09/24): re Patient tolerated the procedure well. GI: Bowel sounds present in all four quadrants.
Abdomen: Soft, non-tender, non-distended.
Patient given educational materials regarding disease management. soft tissue lesion was discussed. No hepatosplenomegaly. veals bronchitis. imp: bronchitis

 Lymphatic: No cervical, axillary, or inguinal lymphadenopathy.Initial assessment((15rd Sep 2024)): pt presents w/ cough. Assessment includes congenital malformation. Medication dosages were adjusted based on recent laboratory findings. suspect Crohn's_disease

F/U (2024-10-10): resolved. new dx of hyperlipidemia observe and reassess
 Psychiatric: Alert and oriented x3. Mood and affect appropriate.

Musculoskeletal: Full range of motion in all extremities. No edema or deformity noted. Medication dosages were adjusted based on recent laboratory findings. Past medical history is non-contributory.Basic metabolic panel within normal limits with sodium 140, potassium 4.2, creatinine 0.9.
URGENT REVIEW (07th Nov 2024): shortness of breath.
Lymphatic: No cervical, axillary, or inguinal lymphadenopathy. likely IBS


Patient advised to maintain a symptom diary for review at next appointment.F/U (07th Dec 2024): unchanged.
Urinalysis negative for blood, protein, and leukocyte esterase.
She denies any nausea, vomiting, or diarrhea. suspect IBS refer to Oncology","[{""id"": ""ent_1"", ""value"": ""materials"", ""preferred_name"": ""Material"", ""cui"": ""260769002"", ""category"": ""substance"", ""negated"": false, ""subject"": ""Patient"", ""start"": 175, ""end"": 184}, {""id"": ""ent_2"", ""value"": ""soft tissue lesion"", ""preferred_name"": ""Soft tissue lesion"", ""cui"": ""239953001"", ""category"": ""disorder"", ""negated"": false, ""subject"": ""Patient"", ""start"": 215, ""end"": 233}, {""id"": ""ent_3"", ""value"": ""hepatosplenomegaly"", ""preferred_name"": ""Hepatosplenomegaly"", ""cui"": ""36760000"", ""category"": ""disorder"", ""negated"": false, ""subject"": ""Other"", ""start"": 252, ""end"": 270}, {""id"": ""ent_4"", ""value"": ""bronchitis"", ""preferred_name"": ""Bronchitis"", ""cui"": ""32398004"", ""category"": ""disorder"", ""negated"": false, ""subject"": ""Other"", ""start"": 278, ""end"": 288}, {""id"": ""ent_5"", ""value"": ""bronchitis"", ""preferred_name"": ""Bronchitis"", ""cui"": ""32398004"", ""category"": ""disorder"", ""negated"": false, ""subject"": ""Other"", ""start"": 295, ""end"": 305}, {""id"": ""ent_6"", ""value"": ""inguinal lymphadenopathy"", ""preferred_name"": ""Inguinal lymphadenopathy"", ""cui"": ""127199000"", ""category"": ""disorder"", ""negated"": false, ""subject"": ""Patient"", ""start"": 345, ""end"": 369}, {""id"": ""ent_7"", ""value"": ""cough"", ""preferred_name"": ""Cough"", ""cui"": ""49727002"", ""category"": ""finding"", ""negated"": false, ""subject"": ""Patient"", ""start"": 422, ""end"": 427}, {""id"": ""ent_8"", ""value"": ""congenital malformation"", ""preferred_name"": ""Congenital malformation"", ""cui"": ""276654001"", ""category"": ""disorder"", ""negated"": false, ""subject"": ""Patient"", ""start"": 449, ""end"": 472}, {""id"": ""ent_9"", ""value"": ""Crohn's_disease"", ""preferred_name"": ""Crohn's disease"", ""cui"": ""34000006"", ""category"": ""disorder"", ""negated"": false, ""subject"": ""Patient"", ""start"": 552, ""end"": 567}, {""id"": ""ent_10"", ""value"": ""Musculoskeletal"", ""preferred_name"": ""Musculoskeletal finding"", ""cui"": ""106028002"", ""category"": ""finding"", ""negated"": false, ""subject"": ""Other"", ""start"": 710, ""end"": 725}, {""id"": ""ent_11"", ""value"": ""deformity"", ""preferred_name"": ""Deformity"", ""cui"": ""417893002"", ""category"": ""finding"", ""negated"": false, ""subject"": ""Other"", ""start"": 780, ""end"": 789}, {""id"": ""ent_12"", ""value"": ""shortness of breath"", ""preferred_name"": ""Dyspnea"", ""cui"": ""267036007"", ""category"": ""finding"", ""negated"": false, ""subject"": ""Other"", ""start"": 1030, ""end"": 1049}, {""id"": ""ent_13"", ""value"": ""inguinal lymphadenopathy"", ""preferred_name"": ""Inguinal lymphadenopathy"", ""cui"": ""127199000"", ""category"": ""disorder"", ""negated"": false, ""subject"": ""Patient"", ""start"": 1088, ""end"": 1112}, {""id"": ""ent_14"", ""value"": ""IBS"", ""preferred_name"": ""Irritable bowel syndrome"", ""cui"": ""10743008"", ""category"": ""disorder"", ""negated"": false, ""subject"": ""Patient"", ""start"": 1121, ""end"": 1124}, {""id"": ""ent_15"", ""value"": ""next appointment"", ""preferred_name"": ""Next appointment"", ""cui"": ""390840006"", ""category"": ""finding"", ""negated"": false, ""subject"": ""Patient"", ""start"": 1185, ""end"": 1201}, {""id"": ""ent_16"", ""value"": ""nausea, vomiting"", ""preferred_name"": ""Nausea and vomiting"", ""cui"": ""16932000"", ""category"": ""disorder"", ""negated"": false, ""subject"": ""Other"", ""start"": 1313, ""end"": 1329}, {""id"": ""ent_17"", ""value"": ""diarrhea"", ""preferred_name"": ""Diarrhea"", ""cui"": ""62315008"", ""category"": ""finding"", ""negated"": false, ""subject"": ""Patient"", ""start"": 1334, ""end"": 1342}, {""id"": ""ent_18"", ""value"": ""IBS"", ""preferred_name"": ""Irritable bowel syndrome"", ""cui"": ""10743008"", ""category"": ""disorder"", ""negated"": false, ""subject"": ""Patient"", ""start"": 1352, ""end"": 1355}]","[{""id"": ""abs_1"", ""value"": ""07/09/24"", ""start"": 7, ""end"": 15}, {""id"": ""abs_2"", ""value"": ""Sep 2024"", ""start"": 395, ""end"": 403}, {""id"": ""abs_3"", ""value"": ""2024-10"", ""start"": 574, ""end"": 581}, {""id"": ""abs_4"", ""value"": ""Nov 2024"", ""start"": 1019, ""end"": 1027}, {""id"": ""abs_5"", ""value"": ""Dec 2024"", ""start"": 1212, ""end"": 1220}]",[]
4,43,"CLINIC VISIT (18 May 2024): joint pain remission new dx of anxiety increase dose


Patient is afebrile with normal vital signs.New pt((2024-05-27)): pt presents w/ visual changes.new dx of hypertension


Patient instructed to follow up with specialist for further evaluation.URGENT REVIEW (15nd Jul 2024): visual chang Past medical history is non-contributory. The plan was discussed with the patient, who understands and agrees.
Chest X-ray reveals clear lung fields without infiltrates or effusions. Patient reports occasional use of over-the-counter analgesics for pain management. es.rule out osteoarthritis

Initial assessment((27st Aug 2024)): pt presents w/ cough.suspect pituitary_adenoma

 Lungs clear to auscultation bilaterally.Labs (28 Sep 2024): WBC elevated.resolving adrenal_insufficiency
 Respiratory: Clear to auscultation bilaterally. No wheezes, rales, or rhonchi.
 Basic metabolic panel within normal limits with sodium 140, potassium 4.2, creatinine 0.9.CLINIC VISIT (03rd Oct 2024): excessive thirst slightly improved new dx of prolactinoma taper medication
 No known drug allergies or adverse reactions reported. Liver function tests show mild elevation in ALT and AST, likely due to medication effect.
F/U (04th Nov 2024): stable.resolving hypertension admit to hospital","[{""id"": ""ent_1"", ""value"": ""joint pain"", ""preferred_name"": ""Joint pain"", ""cui"": ""57676002"", ""category"": ""finding"", ""negated"": false, ""subject"": ""Patient"", ""start"": 28, ""end"": 38}, {""id"": ""ent_2"", ""value"": ""anxiety"", ""preferred_name"": ""Anxiety"", ""cui"": ""48694002"", ""category"": ""finding"", ""negated"": false, ""subject"": ""Other"", ""start"": 59, ""end"": 66}, {""id"": ""ent_3"", ""value"": ""normal vital signs"", ""preferred_name"": ""Normal vital signs"", ""cui"": ""72970002"", ""category"": ""finding"", ""negated"": false, ""subject"": ""Other"", ""start"": 108, ""end"": 126}, {""id"": ""ent_4"", ""value"": ""hypertension"", ""preferred_name"": ""Hypertensive disorder, systemic arterial"", ""cui"": ""38341003"", ""category"": ""disorder"", ""negated"": false, ""subject"": ""Other"", ""start"": 189, ""end"": 201}, {""id"": ""ent_5"", ""value"": ""infiltrates"", ""preferred_name"": ""Radiologic infiltrate of lung"", ""cui"": ""409609008"", ""category"": ""disorder"", ""negated"": false, ""subject"": ""Other"", ""start"": 476, ""end"": 487}, {""id"": ""ent_6"", ""value"": ""effusions"", ""preferred_name"": ""Effusion"", ""cui"": ""430869004"", ""category"": ""substance"", ""negated"": false, ""subject"": ""Other"", ""start"": 491, ""end"": 500}, {""id"": ""ent_7"", ""value"": ""analgesics"", ""preferred_name"": ""Analgesic"", ""cui"": ""373265006"", ""category"": ""substance"", ""negated"": false, ""subject"": ""Other"", ""start"": 553, ""end"": 563}, {""id"": ""ent_8"", ""value"": ""osteoarthritis"", ""preferred_name"": ""Osteoarthritis"", ""cui"": ""396275006"", ""category"": ""disorder"", ""negated"": false, ""subject"": ""Other"", ""start"": 597, ""end"": 611}, {""id"": ""ent_9"", ""value"": ""cough"", ""preferred_name"": ""Cough"", ""cui"": ""49727002"", ""category"": ""finding"", ""negated"": false, ""subject"": ""Other"", ""start"": 665, ""end"": 670}, {""id"": ""ent_10"", ""value"": ""pituitary_adenoma"", ""preferred_name"": ""Pituitary adenoma"", ""cui"": ""254956000"", ""category"": ""disorder"", ""negated"": false, ""subject"": ""Other"", ""start"": 679, ""end"": 696}, {""id"": ""ent_11"", ""value"": ""WBC elevated"", ""preferred_name"": ""Increased blood leukocyte number"", ""cui"": ""414478003"", ""category"": ""finding"", ""negated"": false, ""subject"": ""Other"", ""start"": 759, ""end"": 771}, {""id"": ""ent_12"", ""value"": ""insufficiency\n Respiratory"", ""preferred_name"": ""Respiratory insufficiency"", ""cui"": ""409623005"", ""category"": ""disorder"", ""negated"": false, ""subject"": ""Other"", ""start"": 790, ""end"": 816}, {""id"": ""ent_13"", ""value"": ""wheezes"", ""preferred_name"": ""Wheezing"", ""cui"": ""56018004"", ""category"": ""finding"", ""negated"": false, ""subject"": ""Other"", ""start"": 856, ""end"": 863}, {""id"": ""ent_14"", ""value"": ""rales"", ""preferred_name"": ""Respiratory crackles"", ""cui"": ""48409008"", ""category"": ""finding"", ""negated"": false, ""subject"": ""Other"", ""start"": 865, ""end"": 870}, {""id"": ""ent_15"", ""value"": ""rhonchi"", ""preferred_name"": ""Wheeze - rhonchi"", ""cui"": ""24612001"", ""category"": ""finding"", ""negated"": false, ""subject"": ""Other"", ""start"": 875, ""end"": 882}, {""id"": ""ent_16"", ""value"": ""excessive thirst"", ""preferred_name"": ""Excessive thirst"", ""cui"": ""17173007"", ""category"": ""finding"", ""negated"": false, ""subject"": ""Patient"", ""start"": 1005, ""end"": 1021}, {""id"": ""ent_17"", ""value"": ""adverse reactions"", ""preferred_name"": ""Adverse reaction"", ""cui"": ""281647001"", ""category"": ""disorder"", ""negated"": false, ""subject"": ""Other"", ""start"": 1108, ""end"": 1125}, {""id"": ""ent_18"", ""value"": ""hypertension"", ""preferred_name"": ""Hypertensive disorder, systemic arterial"", ""cui"": ""38341003"", ""category"": ""disorder"", ""negated"": false, ""subject"": ""Other"", ""start"": 1264, ""end"": 1276}]","[{""id"": ""abs_1"", ""value"": ""May 2024"", ""start"": 17, ""end"": 25}, {""id"": ""abs_2"", ""value"": ""2024-05"", ""start"": 135, ""end"": 142}, {""id"": ""abs_3"", ""value"": ""Jul 2024"", ""start"": 295, ""end"": 303}, {""id"": ""abs_4"", ""value"": ""Aug 2024"", ""start"": 638, ""end"": 646}, {""id"": ""abs_5"", ""value"": ""Sep 2024"", ""start"": 748, ""end"": 756}, {""id"": ""abs_6"", ""value"": ""Oct 2024"", ""start"": 994, ""end"": 1002}, {""id"": ""abs_7"", ""value"": ""Nov 2024"", ""start"": 1236, ""end"": 1244}]",[]
5,44,"CLINIC, VISIT (27.11.24): s Will order additional laboratory studies at next visit if symptoms persist.
Will continue current medication regimen and reassess in 3 months.
 No acute distress noted on examination.Patient tolerated the procedure well. Lungs clear to auscultation bilaterally. hortness of breath worsening suspect stroke taper medication

HEENT: Normocephalic, atraumatic. disorder of optic nerve was discussed. Pupils equal, round, and reactive to light. Follow-up appointment scheduled in 3 months. Patient has a history of cerebral hemorrhage.
 The patient's vital signs are stable.P;hone note((16nd Dec 2024)): worsening.
Skin: No rashes, lesions, or abnormal pigmentation. Good turgor and hydration.
MRI of the brain demonstrates age-appropriate atrophy without evidence of mass or stroke. refer to Rheumatology



 Referral placed for physical therapy twice weekly for 6 weeks.Neurological exam within normal limits.Complete blood count shows WBC 7.2, Hgb 13.5, Plt 250.CLINIC VISIT (30 Jan 2025): shortness of breath s No acute distress noted on examination. Patient has a history of internal carotid artery stenosis. He denies any fever, chills, or night sweats. CT scan of the head shows no acute intracranial abnormalities. Patient has a history of meningitis. lightly improved rule out prolactinoma cont cur;rent medications

F/U (23rd Mar 2025): st,able. Respiratory: Clear to auscultation bilaterally. No wheezes, rales, or rhonchi. resolving prolactinoma observe and reassess","[{""id"": ""ent_1"", ""value"": ""hortness of breath"", ""preferred_name"": ""Dyspnea"", ""cui"": ""267036007"", ""category"": ""finding"", ""negated"": false, ""subject"": ""Other"", ""start"": 290, ""end"": 308}, {""id"": ""ent_2"", ""value"": ""disorder of optic nerve"", ""preferred_name"": ""Disorder of optic nerve"", ""cui"": ""77157004"", ""category"": ""disorder"", ""negated"": false, ""subject"": ""Patient"", ""start"": 386, ""end"": 409}, {""id"": ""ent_3"", ""value"": ""vital signs"", ""preferred_name"": ""Vital signs finding"", ""cui"": ""118227000"", ""category"": ""finding"", ""negated"": false, ""subject"": ""Other"", ""start"": 575, ""end"": 586}, {""id"": ""ent_4"", ""value"": ""rashes"", ""preferred_name"": ""Eruption of skin"", ""cui"": ""271807003"", ""category"": ""disorder"", ""negated"": false, ""subject"": ""Other"", ""start"": 648, ""end"": 654}, {""id"": ""ent_5"", ""value"": ""shortness of breath"", ""preferred_name"": ""Dyspnea"", ""cui"": ""267036007"", ""category"": ""finding"", ""negated"": false, ""subject"": ""Patient"", ""start"": 1017, ""end"": 1036}, {""id"": ""ent_6"", ""value"": ""internal carotid artery stenosis"", ""preferred_name"": ""Internal carotid artery stenosis"", ""cui"": ""233964008"", ""category"": ""disorder"", ""negated"": false, ""subject"": ""Other"", ""start"": 1104, ""end"": 1136}, {""id"": ""ent_7"", ""value"": ""fever, chills"", ""preferred_name"": ""Fever with chills"", ""cui"": ""274640006"", ""category"": ""finding"", ""negated"": false, ""subject"": ""Other"", ""start"": 1152, ""end"": 1165}, {""id"": ""ent_8"", ""value"": ""night sweats"", ""preferred_name"": ""Night sweats"", ""cui"": ""42984000"", ""category"": ""finding"", ""negated"": false, ""subject"": ""Other"", ""start"": 1170, ""end"": 1182}, {""id"": ""ent_9"", ""value"": ""wheezes"", ""preferred_name"": ""Wheezing"", ""cui"": ""56018004"", ""category"": ""finding"", ""negated"": false, ""subject"": ""Other"", ""start"": 1431, ""end"": 1438}, {""id"": ""ent_10"", ""value"": ""rales"", ""preferred_name"": ""Respiratory crackles"", ""cui"": ""48409008"", ""category"": ""finding"", ""negated"": false, ""subject"": ""Other"", ""start"": 1440, ""end"": 1445}, {""id"": ""ent_11"", ""value"": ""rhonchi"", ""preferred_name"": ""Wheeze - rhonchi"", ""cui"": ""24612001"", ""category"": ""finding"", ""negated"": false, ""subject"": ""Other"", ""start"": 1450, ""end"": 1457}]","[{""id"": ""abs_1"", ""value"": ""Dec 2024"", ""start"": 616, ""end"": 624}, {""id"": ""abs_2"", ""value"": ""Jan 2025"", ""start"": 1006, ""end"": 1014}, {""id"": ""abs_3"", ""value"": ""Mar 2025"", ""start"": 1360, ""end"": 1368}]","[{""id"": ""rel_1"", ""value"": ""3 months"", ""start"": 161, ""end"": 169, ""pattern_type"": ""numeric_simple""}, {""id"": ""rel_2"", ""value"": ""6 weeks"", ""start"": 888, ""end"": 895, ""pattern_type"": ""numeric_simple""}]"
6,45,"F/U (04/01/2025): Patient advised to maintain a symptom diary for review at next appointment. She denies any nausea, vomiting, or diarrhea. Neurological exam within normal limits. The plan was discussed with the patient, who understands and agrees. Medication dosages were adjusted based on recent laboratory findings. Lungs clear to auscultation bilaterally.
Patient advised to maintain a symptom diary for review at next appointment.  stable.suspect pneumonia follow up in 6 months
 Patient tolerated the procedure well.
URGENT REVIEW (10th Feb 2025): excessive thirst.suspect tension_headache
 MRI of the brain demonstrates age-appropriate atrophy without evidence of mass or stroke. congenital malformation was discussed. Labs from this morning were unremarkable. The patient's vital signs are stable.
Phone note((26th Mar 2025)): improved.observe and reassess

New patient((31st Mar 2025)): pt presents w/ nausea/vomi The patient was counseled on lifestyle modifications.
Will order additional laboratory studies at next visit if symptoms persist. Assessment includes meningitis. radiologic infiltrate of lung was discussed. Patient is afebrile with normal vital signs. Labs from this morning were unremarkable. The patient was advised to return if symptoms worsen. Lungs clear to auscultation bilaterally.
HEENT: Normocephalic, atraumatic. Pupils equal, round, and reactive to light. ting.likely myeloma","[{""id"": ""ent_1"", ""value"": ""next appointment"", ""preferred_name"": ""Next appointment"", ""cui"": ""390840006"", ""category"": ""finding"", ""negated"": false, ""subject"": ""Other"", ""start"": 76, ""end"": 92}, {""id"": ""ent_2"", ""value"": ""nausea, vomiting"", ""preferred_name"": ""Nausea and vomiting"", ""cui"": ""16932000"", ""category"": ""disorder"", ""negated"": false, ""subject"": ""Other"", ""start"": 109, ""end"": 125}, {""id"": ""ent_3"", ""value"": ""diarrhea"", ""preferred_name"": ""Diarrhea"", ""cui"": ""62315008"", ""category"": ""finding"", ""negated"": false, ""subject"": ""Other"", ""start"": 130, ""end"": 138}, {""id"": ""ent_4"", ""value"": ""next appointment"", ""preferred_name"": ""Next appointment"", ""cui"": ""390840006"", ""category"": ""finding"", ""negated"": false, ""subject"": ""Other"", ""start"": 418, ""end"": 434}, {""id"": ""ent_5"", ""value"": ""excessive thirst"", ""preferred_name"": ""Excessive thirst"", ""cui"": ""17173007"", ""category"": ""finding"", ""negated"": false, ""subject"": ""Patient"", ""start"": 554, ""end"": 570}, {""id"": ""ent_6"", ""value"": ""tension_headache"", ""preferred_name"": ""Tension-type headache"", ""cui"": ""398057008"", ""category"": ""disorder"", ""negated"": false, ""subject"": ""Other"", ""start"": 579, ""end"": 595}, {""id"": ""ent_7"", ""value"": ""congenital malformation"", ""preferred_name"": ""Congenital malformation"", ""cui"": ""276654001"", ""category"": ""disorder"", ""negated"": false, ""subject"": ""Patient"", ""start"": 687, ""end"": 710}, {""id"": ""ent_8"", ""value"": ""vital signs"", ""preferred_name"": ""Vital signs finding"", ""cui"": ""118227000"", ""category"": ""finding"", ""negated"": false, ""subject"": ""Other"", ""start"": 782, ""end"": 793}, {""id"": ""ent_9"", ""value"": ""nausea"", ""preferred_name"": ""Nausea"", ""cui"": ""422587007"", ""category"": ""finding"", ""negated"": false, ""subject"": ""Patient"", ""start"": 911, ""end"": 917}, {""id"": ""ent_10"", ""value"": ""lifestyle"", ""preferred_name"": ""Lifestyle"", ""cui"": ""134436002"", ""category"": ""finding"", ""negated"": false, ""subject"": ""Patient"", ""start"": 952, ""end"": 961}, {""id"": ""ent_11"", ""value"": ""meningitis"", ""preferred_name"": ""Meningitis"", ""cui"": ""7180009"", ""category"": ""disorder"", ""negated"": false, ""subject"": ""Other"", ""start"": 1073, ""end"": 1083}, {""id"": ""ent_12"", ""value"": ""radiologic infiltrate of lung"", ""preferred_name"": ""Radiologic infiltrate of lung"", ""cui"": ""409609008"", ""category"": ""disorder"", ""negated"": false, ""subject"": ""Patient"", ""start"": 1085, ""end"": 1114}, {""id"": ""ent_13"", ""value"": ""normal vital signs"", ""preferred_name"": ""Normal vital signs"", ""cui"": ""72970002"", ""category"": ""finding"", ""negated"": false, ""subject"": ""Patient"", ""start"": 1155, ""end"": 1173}, {""id"": ""ent_14"", ""value"": ""myeloma"", ""preferred_name"": ""Multiple myeloma"", ""cui"": ""109989006"", ""category"": ""disorder"", ""negated"": false, ""subject"": ""Other"", ""start"": 1402, ""end"": 1409}]","[{""id"": ""abs_1"", ""value"": ""04/01/2025"", ""start"": 5, ""end"": 15}, {""id"": ""abs_2"", ""value"": ""Feb 2025"", ""start"": 543, ""end"": 551}, {""id"": ""abs_3"", ""value"": ""Mar 2025"", ""start"": 823, ""end"": 831}, {""id"": ""abs_4"", ""value"": ""Mar 2025"", ""start"": 884, ""end"": 892}]","[{""id"": ""rel_1"", ""value"": ""this morning"", ""start"": 736, ""end"": 748, ""pattern_type"": ""part_of_day""}, {""id"": ""rel_2"", ""value"": ""6 months"", ""start"": 475, ""end"": 483, ""pattern_type"": ""numeric_simple""}]"
7,46,"F/U (14/06/24): unchanged. resolving prolactinoma increase dose

Respiratory: Clear to auscultation bilaterally. No wheezes, rales, or rhonchi.
Lungs clear to auscultation bilaterally.

Basic metabolic panel within normal limits with sodium 140, potassium 4.2, creatinine 0.9.CLINIC VISIT (28th Jun 2024): rash fluctuating consistent w/ fibromyalgia schedule MRI

Initial assessment((2024-07-08)): pt presents w/ dizziness. EKG shows normal sinus rhythm without ST changes or conduction abnormalities. Psychiatric: Alert and oriented x3. Mood and affect appropriate. unclear etiology, could be ulcerative_colitis vs multiple_sclerosis

F/U (21.08.24): stable.
Liver function tests show mild elevation in ALT and AST, likely due to medication effect. Liver function tests show mild elevation in ALT and AST, likely due to medication effect. likely fibromyalgia f/u in 6 months

X-ray (19-10-2024): reveals anemia. imp: anemia


Abdomen: Soft, non-tender, non-distended.CLINIC VISIT (01st Nov 2024): rash relapse suspect asthma cont current medications

F/U (04/11/24): improved. confirmed COPD taper medication

Labs (20/11/24): elevated prolactin. He denies any fever, chills, or night sweats. Referral placed for physical therapy twice weekly for 6 weeks.  likely hyperthyroidism","[{""id"": ""ent_1"", ""value"": ""wheezes"", ""preferred_name"": ""Wheezing"", ""cui"": ""56018004"", ""category"": ""finding"", ""negated"": false, ""subject"": ""Other"", ""start"": 116, ""end"": 123}, {""id"": ""ent_2"", ""value"": ""rales"", ""preferred_name"": ""Respiratory crackles"", ""cui"": ""48409008"", ""category"": ""finding"", ""negated"": false, ""subject"": ""Other"", ""start"": 125, ""end"": 130}, {""id"": ""ent_3"", ""value"": ""rhonchi"", ""preferred_name"": ""Wheeze - rhonchi"", ""cui"": ""24612001"", ""category"": ""finding"", ""negated"": false, ""subject"": ""Other"", ""start"": 135, ""end"": 142}, {""id"": ""ent_4"", ""value"": ""rash"", ""preferred_name"": ""Eruption of skin"", ""cui"": ""271807003"", ""category"": ""disorder"", ""negated"": false, ""subject"": ""Patient"", ""start"": 306, ""end"": 310}, {""id"": ""ent_5"", ""value"": ""fibromyalgia"", ""preferred_name"": ""Fibromyalgia"", ""cui"": ""203082005"", ""category"": ""disorder"", ""negated"": false, ""subject"": ""Other"", ""start"": 337, ""end"": 349}, {""id"": ""ent_6"", ""value"": ""dizziness"", ""preferred_name"": ""Dizziness"", ""cui"": ""404640003"", ""category"": ""finding"", ""negated"": false, ""subject"": ""Other"", ""start"": 413, ""end"": 422}, {""id"": ""ent_7"", ""value"": ""normal sinus rhythm"", ""preferred_name"": ""Normal sinus rhythm"", ""cui"": ""64730000"", ""category"": ""finding"", ""negated"": false, ""subject"": ""Patient"", ""start"": 434, ""end"": 453}, {""id"": ""ent_8"", ""value"": ""conduction abnormalities"", ""preferred_name"": ""Abnormal cardiac conduction"", ""cui"": ""36358004"", ""category"": ""finding"", ""negated"": false, ""subject"": ""Other"", ""start"": 476, ""end"": 500}, {""id"": ""ent_9"", ""value"": ""ulcerative_colitis"", ""preferred_name"": ""Ulcerative colitis"", ""cui"": ""64766004"", ""category"": ""disorder"", ""negated"": false, ""subject"": ""Other"", ""start"": 594, ""end"": 612}, {""id"": ""ent_10"", ""value"": ""multiple_sclerosis"", ""preferred_name"": ""Multiple sclerosis"", ""cui"": ""24700007"", ""category"": ""disorder"", ""negated"": false, ""subject"": ""Other"", ""start"": 616, ""end"": 634}, {""id"": ""ent_11"", ""value"": ""fibromyalgia"", ""preferred_name"": ""Fibromyalgia"", ""cui"": ""203082005"", ""category"": ""disorder"", ""negated"": false, ""subject"": ""Other"", ""start"": 847, ""end"": 859}, {""id"": ""ent_12"", ""value"": ""anemia"", ""preferred_name"": ""Anemia"", ""cui"": ""271737000"", ""category"": ""disorder"", ""negated"": false, ""subject"": ""Other"", ""start"": 905, ""end"": 911}, {""id"": ""ent_13"", ""value"": ""anemia"", ""preferred_name"": ""Anemia"", ""cui"": ""271737000"", ""category"": ""disorder"", ""negated"": false, ""subject"": ""Other"", ""start"": 918, ""end"": 924}, {""id"": ""ent_14"", ""value"": ""rash"", ""preferred_name"": ""Eruption of skin"", ""cui"": ""271807003"", ""category"": ""disorder"", ""negated"": false, ""subject"": ""Other"", ""start"": 998, ""end"": 1002}, {""id"": ""ent_15"", ""value"": ""asthma"", ""preferred_name"": ""Asthma"", ""cui"": ""195967001"", ""category"": ""disorder"", ""negated"": false, ""subject"": ""Other"", ""start"": 1019, ""end"": 1025}, {""id"": ""ent_16"", ""value"": ""COPD"", ""preferred_name"": ""Chronic obstructive lung disease"", ""cui"": ""13645005"", ""category"": ""disorder"", ""negated"": false, ""subject"": ""Other"", ""start"": 1088, ""end"": 1092}, {""id"": ""ent_17"", ""value"": ""prolactin"", ""preferred_name"": ""Prolactin"", ""cui"": ""70454002"", ""category"": ""substance"", ""negated"": false, ""subject"": ""Other"", ""start"": 1137, ""end"": 1146}, {""id"": ""ent_18"", ""value"": ""fever, chills"", ""preferred_name"": ""Fever with chills"", ""cui"": ""274640006"", ""category"": ""finding"", ""negated"": false, ""subject"": ""Patient"", ""start"": 1162, ""end"": 1175}, {""id"": ""ent_19"", ""value"": ""night sweats"", ""preferred_name"": ""Night sweats"", ""cui"": ""42984000"", ""category"": ""finding"", ""negated"": false, ""subject"": ""Patient"", ""start"": 1180, ""end"": 1192}, {""id"": ""ent_20"", ""value"": ""hyperthyroidism"", ""preferred_name"": ""Hyperthyroidism"", ""cui"": ""34486009"", ""category"": ""disorder"", ""negated"": false, ""subject"": ""Other"", ""start"": 1265, ""end"": 1280}]","[{""id"": ""abs_1"", ""value"": ""14/06/24"", ""start"": 5, ""end"": 13}, {""id"": ""abs_2"", ""value"": ""Jun 2024"", ""start"": 295, ""end"": 303}, {""id"": ""abs_3"", ""value"": ""2024-07"", ""start"": 384, ""end"": 391}, {""id"": ""abs_4"", ""value"": ""19-10-2024"", ""start"": 884, ""end"": 894}, {""id"": ""abs_5"", ""value"": ""Nov 2024"", ""start"": 987, ""end"": 995}, {""id"": ""abs_6"", ""value"": ""04/11/24"", ""start"": 1057, ""end"": 1065}, {""id"": ""abs_7"", ""value"": ""20/11/24"", ""start"": 1117, ""end"": 1125}]","[{""id"": ""rel_1"", ""value"": ""6 months"", ""start"": 867, ""end"": 875, ""pattern_type"": ""numeric_simple""}, {""id"": ""rel_2"", ""value"": ""6 weeks"", ""start"": 1248, ""end"": 1255, ""pattern_type"": ""numeric_simple""}]"
8,47,"F/U (21 Nov'24): worsen A review of systems was otherwise negative. Patient has a history of disorder of optic nerve. Patient advised to maintain a symptom diary for review at next appointment.
Medication dosages were adjusted based on recent laboratory findings. ing. CT scan of the head shows no acute intracranial abnormalities. No known drug allergies or adverse reactions reported. consistent w/ gout switch to ibuprofen

 Labs from this morning were unremarkable.Labs (10/12/2024):  Basic metabolic panel within normal limits with sodium 140, potassium 4.2, creatinine 0.9. The patient was counseled on lifestyle modifications. Patient reports occasional use of over-the-counter analgesics for pain management. elevated CRP. Neurological exam within normal limits. likely leukemia


Patient tolerated the procedure well.CT (06rd Feb 2025): no significant findings. Noted cerebral hemorrhage in medical history. imp: macroadenoma


CT scan of the head shows no acute intracranial abnormalities.
Liver function tests show mild elevation in ALT and AST, likely due to medication effect.
No acute distress noted on examination.Patient is afebrile with normal vital signs.
GI: Bowel sounds present in all four quadrants. No hepatosplenomegaly.
Ultrasound (07/03/2025): consistent w/ tension_headache.
MRI of the brain demonstrates age-appropriate atrophy without evidence of mass or stroke. imp: tension_headache","[{""id"": ""ent_1"", ""value"": ""disorder of optic nerve"", ""preferred_name"": ""Disorder of optic nerve"", ""cui"": ""77157004"", ""category"": ""disorder"", ""negated"": false, ""subject"": ""Other"", ""start"": 93, ""end"": 116}, {""id"": ""ent_2"", ""value"": ""next appointment"", ""preferred_name"": ""Next appointment"", ""cui"": ""390840006"", ""category"": ""finding"", ""negated"": false, ""subject"": ""Other"", ""start"": 176, ""end"": 192}, {""id"": ""ent_3"", ""value"": ""adverse reactions"", ""preferred_name"": ""Adverse reaction"", ""cui"": ""281647001"", ""category"": ""disorder"", ""negated"": false, ""subject"": ""Other"", ""start"": 359, ""end"": 376}, {""id"": ""ent_4"", ""value"": ""ibuprofen"", ""preferred_name"": ""Ibuprofen"", ""cui"": ""387207008"", ""category"": ""substance"", ""negated"": false, ""subject"": ""Other"", ""start"": 416, ""end"": 425}, {""id"": ""ent_5"", ""value"": ""lifestyle"", ""preferred_name"": ""Lifestyle"", ""cui"": ""134436002"", ""category"": ""finding"", ""negated"": false, ""subject"": ""Other"", ""start"": 609, ""end"": 618}, {""id"": ""ent_6"", ""value"": ""analgesics"", ""preferred_name"": ""Analgesic"", ""cui"": ""373265006"", ""category"": ""substance"", ""negated"": false, ""subject"": ""Other"", ""start"": 685, ""end"": 695}, {""id"": ""ent_7"", ""value"": ""elevated CRP"", ""preferred_name"": ""Elevated C-reactive protein"", ""cui"": ""119971000119104"", ""category"": ""finding"", ""negated"": false, ""subject"": ""Other"", ""start"": 717, ""end"": 729}, {""id"": ""ent_8"", ""value"": ""cerebral hemorrhage"", ""preferred_name"": ""Cerebral hemorrhage"", ""cui"": ""274100004"", ""category"": ""disorder"", ""negated"": false, ""subject"": ""Other"", ""start"": 877, ""end"": 896}, {""id"": ""ent_9"", ""value"": ""normal vital signs"", ""preferred_name"": ""Normal vital signs"", ""cui"": ""72970002"", ""category"": ""finding"", ""negated"": false, ""subject"": ""Other"", ""start"": 1154, ""end"": 1172}, {""id"": ""ent_10"", ""value"": ""hepatosplenomegaly"", ""preferred_name"": ""Hepatosplenomegaly"", ""cui"": ""36760000"", ""category"": ""disorder"", ""negated"": false, ""subject"": ""Other"", ""start"": 1225, ""end"": 1243}, {""id"": ""ent_11"", ""value"": ""tension_headache"", ""preferred_name"": ""Tension-type headache"", ""cui"": ""398057008"", ""category"": ""disorder"", ""negated"": false, ""subject"": ""Patient"", ""start"": 1284, ""end"": 1300}, {""id"": ""ent_12"", ""value"": ""stroke"", ""preferred_name"": ""Cerebrovascular accident"", ""cui"": ""230690007"", ""category"": ""disorder"", ""negated"": false, ""subject"": ""Other"", ""start"": 1384, ""end"": 1390}, {""id"": ""ent_13"", ""value"": ""tension_headache"", ""preferred_name"": ""Tension-type headache"", ""cui"": ""398057008"", ""category"": ""disorder"", ""negated"": false, ""subject"": ""Patient"", ""start"": 1397, ""end"": 1413}]","[{""id"": ""abs_1"", ""value"": ""10/12/2024"", ""start"": 475, ""end"": 485}, {""id"": ""abs_2"", ""value"": ""Feb 2025"", ""start"": 835, ""end"": 843}, {""id"": ""abs_3"", ""value"": ""07/03/2025"", ""start"": 1257, ""end"": 1267}]","[{""id"": ""rel_1"", ""value"": ""this morning"", ""start"": 438, ""end"": 450, ""pattern_type"": ""part_of_day""}]"
9,48,"Labs (25st Nov 2024): norm Cardiovascular: Regular rate and rhythm.
Patient tolerated the procedure well. No murmurs, rubs, or gallops. Patient was instructed on proper medication administration techniques. Normal S1 and S2. She denies any nausea, vomiting, or diarrhea. The patient was advised to return if symptoms worsen. Musculoskeletal: Full range of motion in all extremities. No edema or deformity noted. Patient tolerated the procedure well. al CBC.rule out stroke
 Patient reports compliance with current medication regimen. Patient was instructed on proper medication administration techniques.
CLINIC VISIT (09.12.24): fever progressive likely gout taper medication

 Heart: Regular rate and rhythm, no murmurs.Psychiatry CONSULT (2025-01-22): likely hypertension refer to Rheumatology
 No acute distress noted on examination.
Ultrasound (22.02.25): no significant findings.imp: epilepsy

She denies any nausea, vomiting, or diarrhea.
Evaluation((11st Mar 2025)): pt presents w/ mood changes.new dx of cluster_headache

 Complete blood count shows WBC 7.2, Hgb 13.5, Plt 250.Phone note((11 Apr'25)): remission.f/u in 3 months

Internal Medicine CONSULT (20.04.25): suspect schizophrenia taper medication

Consult((25/04/25)): pt presents w/ fatigue.rule out pituitary_adenoma","[{""id"": ""ent_1"", ""value"": ""murmurs"", ""preferred_name"": ""Murmur"", ""cui"": ""414786004"", ""category"": ""finding"", ""negated"": false, ""subject"": ""Other"", ""start"": 109, ""end"": 116}, {""id"": ""ent_2"", ""value"": ""rubs"", ""preferred_name"": ""Pericardial friction rub"", ""cui"": ""7036007"", ""category"": ""finding"", ""negated"": false, ""subject"": ""Other"", ""start"": 118, ""end"": 122}, {""id"": ""ent_3"", ""value"": ""nausea, vomiting"", ""preferred_name"": ""Nausea and vomiting"", ""cui"": ""16932000"", ""category"": ""disorder"", ""negated"": false, ""subject"": ""Patient"", ""start"": 240, ""end"": 256}, {""id"": ""ent_4"", ""value"": ""diarrhea"", ""preferred_name"": ""Diarrhea"", ""cui"": ""62315008"", ""category"": ""finding"", ""negated"": false, ""subject"": ""Other"", ""start"": 261, ""end"": 269}, {""id"": ""ent_5"", ""value"": ""Musculoskeletal"", ""preferred_name"": ""Musculoskeletal finding"", ""cui"": ""106028002"", ""category"": ""finding"", ""negated"": false, ""subject"": ""Other"", ""start"": 325, ""end"": 340}, {""id"": ""ent_6"", ""value"": ""deformity"", ""preferred_name"": ""Deformity"", ""cui"": ""417893002"", ""category"": ""finding"", ""negated"": false, ""subject"": ""Other"", ""start"": 395, ""end"": 404}, {""id"": ""ent_7"", ""value"": ""fever"", ""preferred_name"": ""Fever"", ""cui"": ""386661006"", ""category"": ""finding"", ""negated"": false, ""subject"": ""Other"", ""start"": 630, ""end"": 635}, {""id"": ""ent_8"", ""value"": ""murmurs"", ""preferred_name"": ""Murmur"", ""cui"": ""414786004"", ""category"": ""finding"", ""negated"": false, ""subject"": ""Patient"", ""start"": 714, ""end"": 721}, {""id"": ""ent_9"", ""value"": ""hypertension"", ""preferred_name"": ""Hypertensive disorder, systemic arterial"", ""cui"": ""38341003"", ""category"": ""disorder"", ""negated"": false, ""subject"": ""Other"", ""start"": 762, ""end"": 774}, {""id"": ""ent_10"", ""value"": ""epilepsy"", ""preferred_name"": ""Epilepsy"", ""cui"": ""84757009"", ""category"": ""disorder"", ""negated"": false, ""subject"": ""Other"", ""start"": 890, ""end"": 898}, {""id"": ""ent_11"", ""value"": ""nausea, vomiting"", ""preferred_name"": ""Nausea and vomiting"", ""cui"": ""16932000"", ""category"": ""disorder"", ""negated"": false, ""subject"": ""Other"", ""start"": 915, ""end"": 931}, {""id"": ""ent_12"", ""value"": ""diarrhea"", ""preferred_name"": ""Diarrhea"", ""cui"": ""62315008"", ""category"": ""finding"", ""negated"": false, ""subject"": ""Other"", ""start"": 936, ""end"": 944}, {""id"": ""ent_13"", ""value"": ""mood changes"", ""preferred_name"": ""Mood swings"", ""cui"": ""18963009"", ""category"": ""finding"", ""negated"": false, ""subject"": ""Other"", ""start"": 990, ""end"": 1002}, {""id"": ""ent_14"", ""value"": ""cluster_headache"", ""preferred_name"": ""Cluster headache syndrome"", ""cui"": ""193031009"", ""category"": ""disorder"", ""negated"": false, ""subject"": ""Other"", ""start"": 1013, ""end"": 1029}, {""id"": ""ent_15"", ""value"": ""schizophrenia"", ""preferred_name"": ""Schizophrenia"", ""cui"": ""58214004"", ""category"": ""disorder"", ""negated"": false, ""subject"": ""Other"", ""start"": 1184, ""end"": 1197}, {""id"": ""ent_16"", ""value"": ""fatigue"", ""preferred_name"": ""Fatigue"", ""cui"": ""84229001"", ""category"": ""finding"", ""negated"": false, ""subject"": ""Other"", ""start"": 1252, ""end"": 1259}, {""id"": ""ent_17"", ""value"": ""pituitary_adenoma"", ""preferred_name"": ""Pituitary adenoma"", ""cui"": ""254956000"", ""category"": ""disorder"", ""negated"": false, ""subject"": ""Other"", ""start"": 1269, ""end"": 1286}]","[{""id"": ""abs_1"", ""value"": ""Nov 2024"", ""start"": 11, ""end"": 19}, {""id"": ""abs_2"", ""value"": ""2025-01"", ""start"": 742, ""end"": 749}, {""id"": ""abs_3"", ""value"": ""Mar 2025"", ""start"": 963, ""end"": 971}, {""id"": ""abs_4"", ""value"": ""25/04/25"", ""start"": 1225, ""end"": 1233}]","[{""id"": ""rel_1"", ""value"": ""3 months"", ""start"": 1128, ""end"": 1136, ""pattern_type"": ""numeric_simple""}]"
10,49,"X-ray (2024-09-18): evidence of atrophy. imp: migraine

F/U (05 Oct'24): worsening. resolv Basic metabolic panel within normal limits with sodium 140, potassium 4.2, creatinine 0.9. Patient given educational materials regarding disease management. Patient was instructed on proper medication administration techniques. Medication dosages were adjusted based on recent laboratory findings. ing fibromyalgia observe and reassess

MRI (13/11/2024): reve Referral placed for physical therapy twice weekly for 6 weeks. CT scan of the head shows no acute intracranial abnormalities. Chest X-ray reveals clear lung fields without infiltrates or effusions. als hyperlipidemia.

Basic metabolic panel within normal limits with sodium 140, potassium 4.2, creatinine 0.9.Will continue current medication regimen and reassess in 3 months. imp: hyperlipidemia


Lungs clear to auscultation bilaterally.URGENT REVIEW (01st Jan 2025): nausea/vomiting. confirmed stroke

F/U (05-01-2025): unchanged. resolving asthma schedule CT
 Cardiovascular: Regular rate and rhythm. No murmurs, rubs, or gallops. Normal S1 and S2.
PET scan (16st Feb 2025): evidence of stenosis. imp: myeloma

 Patient was instructed on proper medication administration techniques.PET scan (05-03-2025): no significant findings. imp: Parkinson's_disease","[{""id"": ""ent_1"", ""value"": ""migraine"", ""preferred_name"": ""Migraine"", ""cui"": ""37796009"", ""category"": ""disorder"", ""negated"": false, ""subject"": ""Patient"", ""start"": 46, ""end"": 54}, {""id"": ""ent_2"", ""value"": ""materials"", ""preferred_name"": ""Material"", ""cui"": ""260769002"", ""category"": ""substance"", ""negated"": false, ""subject"": ""Patient"", ""start"": 208, ""end"": 217}, {""id"": ""ent_3"", ""value"": ""fibromyalgia"", ""preferred_name"": ""Fibromyalgia"", ""cui"": ""203082005"", ""category"": ""disorder"", ""negated"": false, ""subject"": ""Patient"", ""start"": 393, ""end"": 405}, {""id"": ""ent_4"", ""value"": ""infiltrates"", ""preferred_name"": ""Radiologic infiltrate of lung"", ""cui"": ""409609008"", ""category"": ""disorder"", ""negated"": false, ""subject"": ""Patient"", ""start"": 623, ""end"": 634}, {""id"": ""ent_5"", ""value"": ""effusions"", ""preferred_name"": ""Effusion"", ""cui"": ""430869004"", ""category"": ""substance"", ""negated"": false, ""subject"": ""Patient"", ""start"": 638, ""end"": 647}, {""id"": ""ent_6"", ""value"": ""hyperlipidemia"", ""preferred_name"": ""Hyperlipidemia"", ""cui"": ""55822004"", ""category"": ""disorder"", ""negated"": false, ""subject"": ""Patient"", ""start"": 653, ""end"": 667}, {""id"": ""ent_7"", ""value"": ""nausea/vomiting"", ""preferred_name"": ""Nausea and vomiting"", ""cui"": ""16932000"", ""category"": ""disorder"", ""negated"": false, ""subject"": ""Patient"", ""start"": 920, ""end"": 935}, {""id"": ""ent_8"", ""value"": ""stroke"", ""preferred_name"": ""Cerebrovascular accident"", ""cui"": ""230690007"", ""category"": ""disorder"", ""negated"": false, ""subject"": ""Patient"", ""start"": 947, ""end"": 953}, {""id"": ""ent_9"", ""value"": ""asthma"", ""preferred_name"": ""Asthma"", ""cui"": ""195967001"", ""category"": ""disorder"", ""negated"": false, ""subject"": ""Patient"", ""start"": 994, ""end"": 1000}, {""id"": ""ent_10"", ""value"": ""murmurs"", ""preferred_name"": ""Murmur"", ""cui"": ""414786004"", ""category"": ""finding"", ""negated"": false, ""subject"": ""Patient"", ""start"": 1058, ""end"": 1065}, {""id"": ""ent_11"", ""value"": ""rubs"", ""preferred_name"": ""Pericardial friction rub"", ""cui"": ""7036007"", ""category"": ""finding"", ""negated"": false, ""subject"": ""Patient"", ""start"": 1067, ""end"": 1071}, {""id"": ""ent_12"", ""value"": ""myeloma"", ""preferred_name"": ""Multiple myeloma"", ""cui"": ""109989006"", ""category"": ""disorder"", ""negated"": false, ""subject"": ""Patient"", ""start"": 1156, ""end"": 1163}, {""id"": ""ent_13"", ""value"": ""Parkinson's_disease"", ""preferred_name"": ""Parkinson's disease"", ""cui"": ""49049000"", ""category"": ""disorder"", ""negated"": false, ""subject"": ""Patient"", ""start"": 1289, ""end"": 1308}]","[{""id"": ""abs_1"", ""value"": ""2024-09"", ""start"": 7, ""end"": 14}, {""id"": ""abs_2"", ""value"": ""13/11/2024"", ""start"": 433, ""end"": 443}, {""id"": ""abs_3"", ""value"": ""Jan 2025"", ""start"": 909, ""end"": 917}, {""id"": ""abs_4"", ""value"": ""05-01-2025"", ""start"": 960, ""end"": 970}, {""id"": ""abs_5"", ""value"": ""Feb 2025"", ""start"": 1118, ""end"": 1126}, {""id"": ""abs_6"", ""value"": ""05-03-2025"", ""start"": 1246, ""end"": 1256}]","[{""id"": ""rel_1"", ""value"": ""6 weeks"", ""start"": 505, ""end"": 512, ""pattern_type"": ""numeric_simple""}, {""id"": ""rel_2"", ""value"": ""3 months"", ""start"": 817, ""end"": 825, ""pattern_type"": ""numeric_simple""}]"
1,50,"Labs (14/08/24): elevated CRP. unclear etiology, could be gout vs IBS
 Patient reports compliance with current medication regimen.
F/U (27 Sep 2024): slightly improved. confirmed tension_headache increase dose

URGENT REVIEW (26.11.24): chest pain. The plan was discussed with the patient, who understands and agrees. She denies any nausea, vomiting, or diarrhea. Abdomen: Soft, non-tender, non-distended. Patient is afebrile with normal vital signs. new dx of lymphoma

Phone note((24/12/24)): worsening. admit to hospital

URGENT REVIEW (17st Jan 2025): fever. consistent w/ osteoarthritis

 Liver function tests show mild elevation in ALT and AST, likely due to medication effect.New pt((26 Jan'25)): pt presents w/ headache x2 weeks. Patient reports compliance with current medication regimen. consistent w/ asthma

 Will order additional laboratory studies at next visit if symptoms persist.CLINIC Patient tolerated the procedure well. MRI of the brain demonstrates age-appropriate atrophy without evidence of mass or stroke. The patient was advised to return if symptoms worsen. Medications were reconciled during the visit.  VISIT (27rd Jan 2025): visual changes unchanged consistent w/ anemia increase dose

Cardiology CONSULT (18nd Mar 2025): suspect asthma cont current medications","[{""id"": ""ent_1"", ""value"": ""elevated CRP"", ""preferred_name"": ""Elevated C-reactive protein"", ""cui"": ""119971000119104"", ""category"": ""finding"", ""negated"": false, ""subject"": ""Patient"", ""start"": 17, ""end"": 29}, {""id"": ""ent_2"", ""value"": ""IBS"", ""preferred_name"": ""Irritable bowel syndrome"", ""cui"": ""10743008"", ""category"": ""disorder"", ""negated"": false, ""subject"": ""Patient"", ""start"": 66, ""end"": 69}, {""id"": ""ent_3"", ""value"": ""tension_headache"", ""preferred_name"": ""Tension-type headache"", ""cui"": ""398057008"", ""category"": ""disorder"", ""negated"": false, ""subject"": ""Other"", ""start"": 179, ""end"": 195}, {""id"": ""ent_4"", ""value"": ""chest pain"", ""preferred_name"": ""Chest pain"", ""cui"": ""29857009"", ""category"": ""finding"", ""negated"": false, ""subject"": ""Patient"", ""start"": 237, ""end"": 247}, {""id"": ""ent_5"", ""value"": ""nausea, vomiting"", ""preferred_name"": ""Nausea and vomiting"", ""cui"": ""16932000"", ""category"": ""disorder"", ""negated"": false, ""subject"": ""Patient"", ""start"": 333, ""end"": 349}, {""id"": ""ent_6"", ""value"": ""diarrhea"", ""preferred_name"": ""Diarrhea"", ""cui"": ""62315008"", ""category"": ""finding"", ""negated"": false, ""subject"": ""Other"", ""start"": 354, ""end"": 362}, {""id"": ""ent_7"", ""value"": ""normal vital signs"", ""preferred_name"": ""Normal vital signs"", ""cui"": ""72970002"", ""category"": ""finding"", ""negated"": false, ""subject"": ""Patient"", ""start"": 431, ""end"": 449}, {""id"": ""ent_8"", ""value"": ""fever"", ""preferred_name"": ""Fever"", ""cui"": ""386661006"", ""category"": ""finding"", ""negated"": false, ""subject"": ""Patient"", ""start"": 556, ""end"": 561}, {""id"": ""ent_9"", ""value"": ""osteoarthritis"", ""preferred_name"": ""Osteoarthritis"", ""cui"": ""396275006"", ""category"": ""disorder"", ""negated"": false, ""subject"": ""Other"", ""start"": 577, ""end"": 591}, {""id"": ""ent_10"", ""value"": ""headache"", ""preferred_name"": ""Headache"", ""cui"": ""25064002"", ""category"": ""finding"", ""negated"": false, ""subject"": ""Patient"", ""start"": 719, ""end"": 727}, {""id"": ""ent_11"", ""value"": ""asthma"", ""preferred_name"": ""Asthma"", ""cui"": ""195967001"", ""category"": ""disorder"", ""negated"": false, ""subject"": ""Other"", ""start"": 812, ""end"": 818}, {""id"": ""ent_12"", ""value"": ""anemia"", ""preferred_name"": ""Anemia"", ""cui"": ""271737000"", ""category"": ""disorder"", ""negated"": false, ""subject"": ""Other"", ""start"": 1194, ""end"": 1200}, {""id"": ""ent_13"", ""value"": ""asthma"", ""preferred_name"": ""Asthma"", ""cui"": ""195967001"", ""category"": ""disorder"", ""negated"": false, ""subject"": ""Patient"", ""start"": 1260, ""end"": 1266}]","[{""id"": ""abs_1"", ""value"": ""14/08/24"", ""start"": 6, ""end"": 14}, {""id"": ""abs_2"", ""value"": ""Sep 2024"", ""start"": 139, ""end"": 147}, {""id"": ""abs_3"", ""value"": ""24/12/24"", ""start"": 483, ""end"": 491}, {""id"": ""abs_4"", ""value"": ""Jan 2025"", ""start"": 545, ""end"": 553}, {""id"": ""abs_5"", ""value"": ""Jan 2025"", ""start"": 1144, ""end"": 1152}, {""id"": ""abs_6"", ""value"": ""Mar 2025"", ""start"": 1241, ""end"": 1249}]",[]
2,51,"Labs (09rd Dec 2024): high cortisol.unclear etiology, could be Parkinson's_disease vs tension_headache
 The patient was advised to return if symptoms worsen.
Evaluation((22nd Jan 2025)): pt presents w/ joint pain.resolving fibromyalgia
 EKG shows normal sinus rhythm without ST changes or conduction abnormalities.
She denies any nausea, vomiting, or diarrhea. No known drug allergies or adverse reactions reported.
URGENT REVIEW (26-01-2025): frequent uri Respiratory: Clear to auscultation bilaterally. No wheezes, rales, or rhonchi. Psychiatric: Alert and oriented x3. Mood and affect appropriate. Abdomen: Soft, non-tender, non-distended. Respiratory: Clear to auscultation bilaterally. Patient tolerated the procedure well. No wheezes, rales, or rhonchi. nation.consistent w/ cluster_headache

CLINIC VISIT (16/03/2025): insomnia remission rule out stroke increase dose

Labs (21/04/25): abnormal LFTs.resolving hypothyroidism

HEENT: Normocephalic, atraumatic. Pupils equal, round, and reactive to light.
Labs (25 May 2025): positive ANA.confirmed Crohn's_disease

 Urinalysis negative for blood, protein, and leukocyte esterase.Labs (03 Jun'25): normal chemistry panel.confirmed anxiety

CLINIC VISIT (2025-06-09): nausea/vomiting stable rule out fibromyalgia taper medication","[{""id"": ""ent_1"", ""value"": ""Parkinson's_disease"", ""preferred_name"": ""Parkinson's disease"", ""cui"": ""49049000"", ""category"": ""disorder"", ""negated"": false, ""subject"": ""Patient"", ""start"": 63, ""end"": 82}, {""id"": ""ent_2"", ""value"": ""tension_headache"", ""preferred_name"": ""Tension-type headache"", ""cui"": ""398057008"", ""category"": ""disorder"", ""negated"": false, ""subject"": ""Patient"", ""start"": 86, ""end"": 102}, {""id"": ""ent_3"", ""value"": ""joint pain"", ""preferred_name"": ""Joint pain"", ""cui"": ""57676002"", ""category"": ""finding"", ""negated"": false, ""subject"": ""Patient"", ""start"": 202, ""end"": 212}, {""id"": ""ent_4"", ""value"": ""fibromyalgia"", ""preferred_name"": ""Fibromyalgia"", ""cui"": ""203082005"", ""category"": ""disorder"", ""negated"": false, ""subject"": ""Patient"", ""start"": 223, ""end"": 235}, {""id"": ""ent_5"", ""value"": ""normal sinus rhythm"", ""preferred_name"": ""Normal sinus rhythm"", ""cui"": ""64730000"", ""category"": ""finding"", ""negated"": false, ""subject"": ""Patient"", ""start"": 247, ""end"": 266}, {""id"": ""ent_6"", ""value"": ""conduction abnormalities"", ""preferred_name"": ""Abnormal cardiac conduction"", ""cui"": ""36358004"", ""category"": ""finding"", ""negated"": false, ""subject"": ""Patient"", ""start"": 289, ""end"": 313}, {""id"": ""ent_7"", ""value"": ""nausea, vomiting"", ""preferred_name"": ""Nausea and vomiting"", ""cui"": ""16932000"", ""category"": ""disorder"", ""negated"": false, ""subject"": ""Patient"", ""start"": 330, ""end"": 346}, {""id"": ""ent_8"", ""value"": ""diarrhea"", ""preferred_name"": ""Diarrhea"", ""cui"": ""62315008"", ""category"": ""finding"", ""negated"": false, ""subject"": ""Patient"", ""start"": 351, ""end"": 359}, {""id"": ""ent_9"", ""value"": ""adverse reactions"", ""preferred_name"": ""Adverse reaction"", ""cui"": ""281647001"", ""category"": ""disorder"", ""negated"": false, ""subject"": ""Patient"", ""start"": 388, ""end"": 405}, {""id"": ""ent_10"", ""value"": ""wheezes"", ""preferred_name"": ""Wheezing"", ""cui"": ""56018004"", ""category"": ""finding"", ""negated"": false, ""subject"": ""Patient"", ""start"": 508, ""end"": 515}, {""id"": ""ent_11"", ""value"": ""rales"", ""preferred_name"": ""Respiratory crackles"", ""cui"": ""48409008"", ""category"": ""finding"", ""negated"": false, ""subject"": ""Patient"", ""start"": 517, ""end"": 522}, {""id"": ""ent_12"", ""value"": ""rhonchi"", ""preferred_name"": ""Wheeze - rhonchi"", ""cui"": ""24612001"", ""category"": ""finding"", ""negated"": false, ""subject"": ""Patient"", ""start"": 527, ""end"": 534}, {""id"": ""ent_13"", ""value"": ""wheezes"", ""preferred_name"": ""Wheezing"", ""cui"": ""56018004"", ""category"": ""finding"", ""negated"": false, ""subject"": ""Patient"", ""start"": 732, ""end"": 739}, {""id"": ""ent_14"", ""value"": ""rales"", ""preferred_name"": ""Respiratory crackles"", ""cui"": ""48409008"", ""category"": ""finding"", ""negated"": false, ""subject"": ""Patient"", ""start"": 741, ""end"": 746}, {""id"": ""ent_15"", ""value"": ""rhonchi"", ""preferred_name"": ""Wheeze - rhonchi"", ""cui"": ""24612001"", ""category"": ""finding"", ""negated"": false, ""subject"": ""Patient"", ""start"": 751, ""end"": 758}, {""id"": ""ent_16"", ""value"": ""cluster_headache"", ""preferred_name"": ""Cluster headache syndrome"", ""cui"": ""193031009"", ""category"": ""disorder"", ""negated"": false, ""subject"": ""Patient"", ""start"": 781, ""end"": 797}, {""id"": ""ent_17"", ""value"": ""abnormal LFTs"", ""preferred_name"": ""Liver function tests abnormal"", ""cui"": ""166603001"", ""category"": ""finding"", ""negated"": false, ""subject"": ""Patient"", ""start"": 893, ""end"": 906}, {""id"": ""ent_18"", ""value"": ""hypothyroidism"", ""preferred_name"": ""Hypothyroidism"", ""cui"": ""40930008"", ""category"": ""disorder"", ""negated"": false, ""subject"": ""Patient"", ""start"": 917, ""end"": 931}, {""id"": ""ent_19"", ""value"": ""positive ANA"", ""preferred_name"": ""Anti-nuclear factor positive"", ""cui"": ""165850001"", ""category"": ""finding"", ""negated"": false, ""subject"": ""Patient"", ""start"": 1031, ""end"": 1043}, {""id"": ""ent_20"", ""value"": ""Crohn's_disease"", ""preferred_name"": ""Crohn's disease"", ""cui"": ""34000006"", ""category"": ""disorder"", ""negated"": false, ""subject"": ""Patient"", ""start"": 1054, ""end"": 1069}, {""id"": ""ent_21"", ""value"": ""anxiety"", ""preferred_name"": ""Anxiety"", ""cui"": ""48694002"", ""category"": ""finding"", ""negated"": false, ""subject"": ""Patient"", ""start"": 1186, ""end"": 1193}, {""id"": ""ent_22"", ""value"": ""nausea/vomiting"", ""preferred_name"": ""Nausea and vomiting"", ""cui"": ""16932000"", ""category"": ""disorder"", ""negated"": false, ""subject"": ""Patient"", ""start"": 1222, ""end"": 1237}, {""id"": ""ent_23"", ""value"": ""fibromyalgia"", ""preferred_name"": ""Fibromyalgia"", ""cui"": ""203082005"", ""category"": ""disorder"", ""negated"": false, ""subject"": ""Patient"", ""start"": 1254, ""end"": 1266}]","[{""id"": ""abs_1"", ""value"": ""Dec 2024"", ""start"": 11, ""end"": 19}, {""id"": ""abs_2"", ""value"": ""Jan 2025"", ""start"": 175, ""end"": 183}, {""id"": ""abs_3"", ""value"": ""26-01-2025"", ""start"": 431, ""end"": 441}, {""id"": ""abs_4"", ""value"": ""16/03/2025"", ""start"": 813, ""end"": 823}, {""id"": ""abs_5"", ""value"": ""21/04/25"", ""start"": 882, ""end"": 890}, {""id"": ""abs_6"", ""value"": ""May 2025"", ""start"": 1020, ""end"": 1028}, {""id"": ""abs_7"", ""value"": ""2025-06"", ""start"": 1209, ""end"": 1216}]",[]
3,52,"X-ray (22nd Jun 2024): consist Will continue current medication regimen and reassess in 3 months. Labs from this morning w Current medications include: lisinopril 10mg daily, metformin 500mg twice daily, and atorvastatin 20mg at bedtime. Urinalysis negative for blood, protein, and leukocyte esterase. She denies any nausea, vomiting, or diarrhea. The patient's vital signs are stable. He denies any fever, chills, or night sweats. Assessment includes pneumocephalus. ere unremarkable. Cardiovascular: Regular rate and rhythm. No murmurs, rubs, or gallops. HEENT: Normocephalic, atraumatic. Assessment includes congenital malformation. Pupils equal, round, and reactive to light. Normal S1 and S2. ent w/ osteoarthritis. imp: osteoarthritis

GI: Bowel sounds present in all four quadrants. No hepatosplenomegaly.
Rheumatology CONSULT (11st Jul 2024): confirmed hyperthyroidism increase dose

Musculoskeletal: Full range of motion in all extremities.
 Skin: No rashes, lesions, or abnormal pigmentation. Good turgor and hydration.Cardiovascular: Regular rate and rhythm. No murmurs, rubs, or gallops. Normal S1 and S2. No edema or deformity noted. Complete blood count shows WBC 7.2, Hgb 13.5, Plt 250.
 Patient reports occasional use of over-the-counter analgesics for pain management.Endocrinology CONSULT (2024-08-30): new diagnosis of depression observe and reassess","[{""id"": ""ent_1"", ""value"": ""lisinopril"", ""preferred_name"": ""Lisinopril"", ""cui"": ""386873009"", ""category"": ""substance"", ""negated"": false, ""subject"": ""Patient"", ""start"": 152, ""end"": 162}, {""id"": ""ent_2"", ""value"": ""metformin"", ""preferred_name"": ""Metformin"", ""cui"": ""372567009"", ""category"": ""substance"", ""negated"": false, ""subject"": ""Patient"", ""start"": 175, ""end"": 184}, {""id"": ""ent_3"", ""value"": ""atorvastatin"", ""preferred_name"": ""Atorvastatin"", ""cui"": ""373444002"", ""category"": ""substance"", ""negated"": false, ""subject"": ""Patient"", ""start"": 208, ""end"": 220}, {""id"": ""ent_4"", ""value"": ""nausea, vomiting"", ""preferred_name"": ""Nausea and vomiting"", ""cui"": ""16932000"", ""category"": ""disorder"", ""negated"": false, ""subject"": ""Patient"", ""start"": 317, ""end"": 333}, {""id"": ""ent_5"", ""value"": ""diarrhea"", ""preferred_name"": ""Diarrhea"", ""cui"": ""62315008"", ""category"": ""finding"", ""negated"": false, ""subject"": ""Patient"", ""start"": 338, ""end"": 346}, {""id"": ""ent_6"", ""value"": ""vital signs"", ""preferred_name"": ""Vital signs finding"", ""cui"": ""118227000"", ""category"": ""finding"", ""negated"": false, ""subject"": ""Patient"", ""start"": 362, ""end"": 373}, {""id"": ""ent_7"", ""value"": ""fever, chills"", ""preferred_name"": ""Fever with chills"", ""cui"": ""274640006"", ""category"": ""finding"", ""negated"": false, ""subject"": ""Patient"", ""start"": 400, ""end"": 413}, {""id"": ""ent_8"", ""value"": ""night sweats"", ""preferred_name"": ""Night sweats"", ""cui"": ""42984000"", ""category"": ""finding"", ""negated"": false, ""subject"": ""Patient"", ""start"": 418, ""end"": 430}, {""id"": ""ent_9"", ""value"": ""pneumocephalus"", ""preferred_name"": ""Pneumocephalus"", ""cui"": ""14415006"", ""category"": ""disorder"", ""negated"": false, ""subject"": ""Patient"", ""start"": 452, ""end"": 466}, {""id"": ""ent_10"", ""value"": ""murmurs"", ""preferred_name"": ""Murmur"", ""cui"": ""414786004"", ""category"": ""finding"", ""negated"": false, ""subject"": ""Patient"", ""start"": 530, ""end"": 537}, {""id"": ""ent_11"", ""value"": ""rubs"", ""preferred_name"": ""Pericardial friction rub"", ""cui"": ""7036007"", ""category"": ""finding"", ""negated"": false, ""subject"": ""Patient"", ""start"": 539, ""end"": 543}, {""id"": ""ent_12"", ""value"": ""congenital malformation"", ""preferred_name"": ""Congenital malformation"", ""cui"": ""276654001"", ""category"": ""disorder"", ""negated"": false, ""subject"": ""Patient"", ""start"": 611, ""end"": 634}, {""id"": ""ent_13"", ""value"": ""osteoarthritis"", ""preferred_name"": ""Osteoarthritis"", ""cui"": ""396275006"", ""category"": ""disorder"", ""negated"": false, ""subject"": ""Patient"", ""start"": 705, ""end"": 719}, {""id"": ""ent_14"", ""value"": ""osteoarthritis"", ""preferred_name"": ""Osteoarthritis"", ""cui"": ""396275006"", ""category"": ""disorder"", ""negated"": false, ""subject"": ""Patient"", ""start"": 726, ""end"": 740}, {""id"": ""ent_15"", ""value"": ""hepatosplenomegaly"", ""preferred_name"": ""Hepatosplenomegaly"", ""cui"": ""36760000"", ""category"": ""disorder"", ""negated"": false, ""subject"": ""Patient"", ""start"": 793, ""end"": 811}, {""id"": ""ent_16"", ""value"": ""hyperthyroidism"", ""preferred_name"": ""Hyperthyroidism"", ""cui"": ""34486009"", ""category"": ""disorder"", ""negated"": false, ""subject"": ""Patient"", ""start"": 861, ""end"": 876}, {""id"": ""ent_17"", ""value"": ""Musculoskeletal"", ""preferred_name"": ""Musculoskeletal finding"", ""cui"": ""106028002"", ""category"": ""finding"", ""negated"": false, ""subject"": ""Patient"", ""start"": 892, ""end"": 907}, {""id"": ""ent_18"", ""value"": ""rashes"", ""preferred_name"": ""Eruption of skin"", ""cui"": ""271807003"", ""category"": ""disorder"", ""negated"": false, ""subject"": ""Patient"", ""start"": 960, ""end"": 966}, {""id"": ""ent_19"", ""value"": ""murmurs"", ""preferred_name"": ""Murmur"", ""cui"": ""414786004"", ""category"": ""finding"", ""negated"": false, ""subject"": ""Patient"", ""start"": 1073, ""end"": 1080}, {""id"": ""ent_20"", ""value"": ""rubs"", ""preferred_name"": ""Pericardial friction rub"", ""cui"": ""7036007"", ""category"": ""finding"", ""negated"": false, ""subject"": ""Patient"", ""start"": 1082, ""end"": 1086}, {""id"": ""ent_21"", ""value"": ""deformity"", ""preferred_name"": ""Deformity"", ""cui"": ""417893002"", ""category"": ""finding"", ""negated"": false, ""subject"": ""Patient"", ""start"": 1130, ""end"": 1139}, {""id"": ""ent_22"", ""value"": ""analgesics"", ""preferred_name"": ""Analgesic"", ""cui"": ""373265006"", ""category"": ""substance"", ""negated"": false, ""subject"": ""Patient"", ""start"": 1254, ""end"": 1264}, {""id"": ""ent_23"", ""value"": ""depression"", ""preferred_name"": ""Depressive disorder"", ""cui"": ""35489007"", ""category"": ""disorder"", ""negated"": false, ""subject"": ""Patient"", ""start"": 1338, ""end"": 1348}]","[{""id"": ""abs_1"", ""value"": ""Jun 2024"", ""start"": 12, ""end"": 20}, {""id"": ""abs_2"", ""value"": ""Jul 2024"", ""start"": 840, ""end"": 848}, {""id"": ""abs_3"", ""value"": ""2024-08"", ""start"": 1308, ""end"": 1315}]","[{""id"": ""rel_1"", ""value"": ""this morning"", ""start"": 108, ""end"": 120, ""pattern_type"": ""part_of_day""}, {""id"": ""rel_2"", ""value"": ""3 months"", ""start"": 88, ""end"": 96, ""pattern_type"": ""numeric_simple""}]"
4,53,"Phone note((25 Jul'24)): improved. admit to hospital

MRI (20/09/24): no significant findings. Current medications include: lisinopril 10mg daily, metformin 500mg twice daily, and atorvastatin 20mg at bedtime. imp: prolactinoma

Phone note((15 Nov 2024)): progressive. taper medication

URGENT REVIEW (14nd Jan 2025): chest pain. rule out ulcerative_colitis

Evaluation((2025-03-04)): pt presents with back pain. Patient instructed to follow up with specialist for further evaluation. confirmed asthma
 Heart: Regular rate and rhythm, no murmurs.
 Patient advised to maintain a symptom diary for review at next appointment. Patient has a history of congenital malformation. Patient reports occasional use of over-the-counter analgesics for pain management. Recommended lifestyle modifications including diet changes and regular exercise. Patient was instructed on proper medication administration techniques. Recommended lifestyle modifications including diet changes and regular exercise. No acute distress noted on examination. Labs (01st May 2025): high cortisol.
Current medications include: lisinopril 10mg daily, metformin 500mg twice daily, and atorvastatin 20mg at bedtime.
EKG shows normal sinus rhythm without ST changes or conduction abnormalities. consistent with asthma

Initial assessment((16th May 2025)): pt presents with joint pain. Noted disorder of pituitary gland in medical history. new diagnosis of tension_headache","[{""id"": ""ent_1"", ""value"": ""lisinopril"", ""preferred_name"": ""Lisinopril"", ""cui"": ""386873009"", ""category"": ""substance"", ""negated"": false, ""subject"": ""Patient"", ""start"": 124, ""end"": 134}, {""id"": ""ent_2"", ""value"": ""metformin"", ""preferred_name"": ""Metformin"", ""cui"": ""372567009"", ""category"": ""substance"", ""negated"": false, ""subject"": ""Patient"", ""start"": 147, ""end"": 156}, {""id"": ""ent_3"", ""value"": ""atorvastatin"", ""preferred_name"": ""Atorvastatin"", ""cui"": ""373444002"", ""category"": ""substance"", ""negated"": false, ""subject"": ""Other"", ""start"": 180, ""end"": 192}, {""id"": ""ent_4"", ""value"": ""chest pain"", ""preferred_name"": ""Chest pain"", ""cui"": ""29857009"", ""category"": ""finding"", ""negated"": false, ""subject"": ""Patient"", ""start"": 318, ""end"": 328}, {""id"": ""ent_5"", ""value"": ""ulcerative_colitis"", ""preferred_name"": ""Ulcerative colitis"", ""cui"": ""64766004"", ""category"": ""disorder"", ""negated"": false, ""subject"": ""Patient"", ""start"": 339, ""end"": 357}, {""id"": ""ent_6"", ""value"": ""back pain"", ""preferred_name"": ""Backache"", ""cui"": ""161891005"", ""category"": ""finding"", ""negated"": false, ""subject"": ""Other"", ""start"": 402, ""end"": 411}, {""id"": ""ent_7"", ""value"": ""asthma"", ""preferred_name"": ""Asthma"", ""cui"": ""195967001"", ""category"": ""disorder"", ""negated"": false, ""subject"": ""Patient"", ""start"": 495, ""end"": 501}, {""id"": ""ent_8"", ""value"": ""murmurs"", ""preferred_name"": ""Murmur"", ""cui"": ""414786004"", ""category"": ""finding"", ""negated"": false, ""subject"": ""Patient"", ""start"": 538, ""end"": 545}, {""id"": ""ent_9"", ""value"": ""next appointment"", ""preferred_name"": ""Next appointment"", ""cui"": ""390840006"", ""category"": ""finding"", ""negated"": false, ""subject"": ""Patient"", ""start"": 606, ""end"": 622}, {""id"": ""ent_10"", ""value"": ""congenital malformation"", ""preferred_name"": ""Congenital malformation"", ""cui"": ""276654001"", ""category"": ""disorder"", ""negated"": false, ""subject"": ""Patient"", ""start"": 649, ""end"": 672}, {""id"": ""ent_11"", ""value"": ""analgesics"", ""preferred_name"": ""Analgesic"", ""cui"": ""373265006"", ""category"": ""substance"", ""negated"": false, ""subject"": ""Patient"", ""start"": 725, ""end"": 735}, {""id"": ""ent_12"", ""value"": ""lifestyle"", ""preferred_name"": ""Lifestyle"", ""cui"": ""134436002"", ""category"": ""finding"", ""negated"": false, ""subject"": ""Patient"", ""start"": 769, ""end"": 778}, {""id"": ""ent_13"", ""value"": ""diet"", ""preferred_name"": ""Dietary finding"", ""cui"": ""41829006"", ""category"": ""finding"", ""negated"": false, ""subject"": ""Patient"", ""start"": 803, ""end"": 807}, {""id"": ""ent_14"", ""value"": ""lifestyle"", ""preferred_name"": ""Lifestyle"", ""cui"": ""134436002"", ""category"": ""finding"", ""negated"": false, ""subject"": ""Patient"", ""start"": 921, ""end"": 930}, {""id"": ""ent_15"", ""value"": ""diet"", ""preferred_name"": ""Dietary finding"", ""cui"": ""41829006"", ""category"": ""finding"", ""negated"": false, ""subject"": ""Patient"", ""start"": 955, ""end"": 959}, {""id"": ""ent_16"", ""value"": ""lisinopril"", ""preferred_name"": ""Lisinopril"", ""cui"": ""386873009"", ""category"": ""substance"", ""negated"": false, ""subject"": ""Patient"", ""start"": 1096, ""end"": 1106}, {""id"": ""ent_17"", ""value"": ""metformin"", ""preferred_name"": ""Metformin"", ""cui"": ""372567009"", ""category"": ""substance"", ""negated"": false, ""subject"": ""Patient"", ""start"": 1119, ""end"": 1128}, {""id"": ""ent_18"", ""value"": ""atorvastatin"", ""preferred_name"": ""Atorvastatin"", ""cui"": ""373444002"", ""category"": ""substance"", ""negated"": false, ""subject"": ""Other"", ""start"": 1152, ""end"": 1164}, {""id"": ""ent_19"", ""value"": ""normal sinus rhythm"", ""preferred_name"": ""Normal sinus rhythm"", ""cui"": ""64730000"", ""category"": ""finding"", ""negated"": false, ""subject"": ""Patient"", ""start"": 1192, ""end"": 1211}, {""id"": ""ent_20"", ""value"": ""conduction abnormalities"", ""preferred_name"": ""Abnormal cardiac conduction"", ""cui"": ""36358004"", ""category"": ""finding"", ""negated"": false, ""subject"": ""Patient"", ""start"": 1234, ""end"": 1258}, {""id"": ""ent_21"", ""value"": ""asthma"", ""preferred_name"": ""Asthma"", ""cui"": ""195967001"", ""category"": ""disorder"", ""negated"": false, ""subject"": ""Patient"", ""start"": 1276, ""end"": 1282}, {""id"": ""ent_22"", ""value"": ""joint pain"", ""preferred_name"": ""Joint pain"", ""cui"": ""57676002"", ""category"": ""finding"", ""negated"": false, ""subject"": ""Patient"", ""start"": 1338, ""end"": 1348}, {""id"": ""ent_23"", ""value"": ""disorder of pituitary gland"", ""preferred_name"": ""Disorder of pituitary gland"", ""cui"": ""399244003"", ""category"": ""disorder"", ""negated"": false, ""subject"": ""Patient"", ""start"": 1356, ""end"": 1383}, {""id"": ""ent_24"", ""value"": ""tension_headache"", ""preferred_name"": ""Tension-type headache"", ""cui"": ""398057008"", ""category"": ""disorder"", ""negated"": false, ""subject"": ""Patient"", ""start"": 1421, ""end"": 1437}]","[{""id"": ""abs_1"", ""value"": ""20/09/24"", ""start"": 59, ""end"": 67}, {""id"": ""abs_2"", ""value"": ""Nov 2024"", ""start"": 244, ""end"": 252}, {""id"": ""abs_3"", ""value"": ""Jan 2025"", ""start"": 307, ""end"": 315}, {""id"": ""abs_4"", ""value"": ""2025-03"", ""start"": 371, ""end"": 378}, {""id"": ""abs_5"", ""value"": ""May 2025"", ""start"": 1041, ""end"": 1049}, {""id"": ""abs_6"", ""value"": ""May 2025"", ""start"": 1309, ""end"": 1317}]",[]
5,54,"Labs (2024-06-11): normal chemistry panel.likely IBS

 No acute distress noted on examination.Psychiatric: Alert and oriented x3. Mood and affect appropriate.
He denies any fever, chills, or night sweats.
 Will order additional laboratory studies at next visit if symptoms persist.Psychiatric: Alert and oriented x3. Noted pituitary adenoma in medical history. Assessment includes intracranial meningioma. Mood and affect appropriate. Assessment includes pituitary macroadenoma.
 MRI of the brain demonstrates age-appropriate atrophy without evidence of mass or stroke.No known drug allergies or adverse reactions reported.
Patient tolerated the procedure well.
CT (10th Aug 2024): evidence of inflammation.imp: gout

 The patient was counseled on lifestyle modifications.Follow-up appointment scheduled in 3 months.
 He denies any fever, chills, or night sweats.
EKG shows normal sinus rhythm without ST changes or conduction abnormalities.Visit((08nd Sep 2024)): pt pre Patient instructed to follow up with specialist for further evaluation. The patient's vital signs are stable. sents w/ shortness of breath.likely diabetes_mellitus
 He denies any fever, chills, or night sweats. Chest X-ray reveals clear lung fields without infiltrates or effusions. Neurological exam within normal limits. No known drug allergies or adverse reactions reported.
F/U (14th Oct 2024): improved.likely Cushing's_syndrome schedule CT","[{""id"": ""ent_1"", ""value"": ""IBS"", ""preferred_name"": ""Irritable bowel syndrome"", ""cui"": ""10743008"", ""category"": ""disorder"", ""negated"": false, ""subject"": ""Patient"", ""start"": 49, ""end"": 52}, {""id"": ""ent_2"", ""value"": ""fever, chills"", ""preferred_name"": ""Fever with chills"", ""cui"": ""274640006"", ""category"": ""finding"", ""negated"": false, ""subject"": ""Patient"", ""start"": 173, ""end"": 186}, {""id"": ""ent_3"", ""value"": ""night sweats"", ""preferred_name"": ""Night sweats"", ""cui"": ""42984000"", ""category"": ""finding"", ""negated"": false, ""subject"": ""Patient"", ""start"": 191, ""end"": 203}, {""id"": ""ent_4"", ""value"": ""pituitary adenoma"", ""preferred_name"": ""Pituitary adenoma"", ""cui"": ""254956000"", ""category"": ""disorder"", ""negated"": false, ""subject"": ""Other"", ""start"": 323, ""end"": 340}, {""id"": ""ent_5"", ""value"": ""intracranial meningioma"", ""preferred_name"": ""Intracranial meningioma"", ""cui"": ""302820008"", ""category"": ""disorder"", ""negated"": false, ""subject"": ""Other"", ""start"": 381, ""end"": 404}, {""id"": ""ent_6"", ""value"": ""pituitary macroadenoma"", ""preferred_name"": ""Pituitary macroadenoma"", ""cui"": ""254965007"", ""category"": ""disorder"", ""negated"": false, ""subject"": ""Other"", ""start"": 455, ""end"": 477}, {""id"": ""ent_7"", ""value"": ""stroke"", ""preferred_name"": ""Cerebrovascular accident"", ""cui"": ""230690007"", ""category"": ""disorder"", ""negated"": false, ""subject"": ""Other"", ""start"": 562, ""end"": 568}, {""id"": ""ent_8"", ""value"": ""adverse reactions"", ""preferred_name"": ""Adverse reaction"", ""cui"": ""281647001"", ""category"": ""disorder"", ""negated"": false, ""subject"": ""Patient"", ""start"": 596, ""end"": 613}, {""id"": ""ent_9"", ""value"": ""lifestyle"", ""preferred_name"": ""Lifestyle"", ""cui"": ""134436002"", ""category"": ""finding"", ""negated"": false, ""subject"": ""Patient"", ""start"": 748, ""end"": 757}, {""id"": ""ent_10"", ""value"": ""fever, chills"", ""preferred_name"": ""Fever with chills"", ""cui"": ""274640006"", ""category"": ""finding"", ""negated"": false, ""subject"": ""Patient"", ""start"": 832, ""end"": 845}, {""id"": ""ent_11"", ""value"": ""night sweats"", ""preferred_name"": ""Night sweats"", ""cui"": ""42984000"", ""category"": ""finding"", ""negated"": false, ""subject"": ""Patient"", ""start"": 850, ""end"": 862}, {""id"": ""ent_12"", ""value"": ""normal sinus rhythm"", ""preferred_name"": ""Normal sinus rhythm"", ""cui"": ""64730000"", ""category"": ""finding"", ""negated"": false, ""subject"": ""Patient"", ""start"": 874, ""end"": 893}, {""id"": ""ent_13"", ""value"": ""conduction abnormalities"", ""preferred_name"": ""Abnormal cardiac conduction"", ""cui"": ""36358004"", ""category"": ""finding"", ""negated"": false, ""subject"": ""Other"", ""start"": 916, ""end"": 940}, {""id"": ""ent_14"", ""value"": ""vital signs"", ""preferred_name"": ""Vital signs finding"", ""cui"": ""118227000"", ""category"": ""finding"", ""negated"": false, ""subject"": ""Patient"", ""start"": 1058, ""end"": 1069}, {""id"": ""ent_15"", ""value"": ""shortness of breath"", ""preferred_name"": ""Dyspnea"", ""cui"": ""267036007"", ""category"": ""finding"", ""negated"": false, ""subject"": ""Patient"", ""start"": 1091, ""end"": 1110}, {""id"": ""ent_16"", ""value"": ""diabetes_mellitus"", ""preferred_name"": ""Diabetes mellitus"", ""cui"": ""73211009"", ""category"": ""disorder"", ""negated"": false, ""subject"": ""Patient"", ""start"": 1118, ""end"": 1135}, {""id"": ""ent_17"", ""value"": ""fever, chills"", ""preferred_name"": ""Fever with chills"", ""cui"": ""274640006"", ""category"": ""finding"", ""negated"": false, ""subject"": ""Other"", ""start"": 1151, ""end"": 1164}, {""id"": ""ent_18"", ""value"": ""night sweats"", ""preferred_name"": ""Night sweats"", ""cui"": ""42984000"", ""category"": ""finding"", ""negated"": false, ""subject"": ""Patient"", ""start"": 1169, ""end"": 1181}, {""id"": ""ent_19"", ""value"": ""infiltrates"", ""preferred_name"": ""Radiologic infiltrate of lung"", ""cui"": ""409609008"", ""category"": ""disorder"", ""negated"": false, ""subject"": ""Other"", ""start"": 1229, ""end"": 1240}, {""id"": ""ent_20"", ""value"": ""effusions"", ""preferred_name"": ""Effusion"", ""cui"": ""430869004"", ""category"": ""substance"", ""negated"": false, ""subject"": ""Other"", ""start"": 1244, ""end"": 1253}, {""id"": ""ent_21"", ""value"": ""adverse reactions"", ""preferred_name"": ""Adverse reaction"", ""cui"": ""281647001"", ""category"": ""disorder"", ""negated"": false, ""subject"": ""Patient"", ""start"": 1322, ""end"": 1339}, {""id"": ""ent_22"", ""value"": ""Cushing's_syndrome"", ""preferred_name"": ""Hypercortisolism"", ""cui"": ""47270006"", ""category"": ""disorder"", ""negated"": false, ""subject"": ""Other"", ""start"": 1387, ""end"": 1405}]","[{""id"": ""abs_1"", ""value"": ""2024-06"", ""start"": 6, ""end"": 13}, {""id"": ""abs_2"", ""value"": ""Aug 2024"", ""start"": 671, ""end"": 679}, {""id"": ""abs_3"", ""value"": ""Sep 2024"", ""start"": 953, ""end"": 961}, {""id"": ""abs_4"", ""value"": ""Oct 2024"", ""start"": 1360, ""end"": 1368}]","[{""id"": ""rel_1"", ""value"": ""3 months"", ""start"": 807, ""end"": 815, ""pattern_type"": ""numeric_simple""}]"
6,55,"CLINIC VISIT (01 May 2024): dizziness pr Patient given educational materials regarding disease management. Past medical history is non-contributory. Assessment includes osteoarthritis. Patient reports compliance with current medication regimen. Chest X-ray reveals clear lung fields without infiltrates or effusions. Will order additional laboratory studies at next visit if symptoms persist. Patient has a history of soft tissue lesion. ogressive rule out hyperlipidemia refer to Oncology

 Medications were reconciled during the visit. congenital malformation was discussed. The patient's vital signs are stable.
 Patient tolerated the procedure well.Past medical history is non-contributory.Phone note((16 Jun'24)): stable.f/u in 3 months
 EKG shows normal sinus rhythm without ST changes or conduction abnormalities. synovitis was discussed.
 Medication dosages were adjusted based on recent laboratory findings.
Follow-up appointment scheduled in 3 months. Musculoskeletal: Full range of motion in all extremities. No edema or deformity noted. internal carotid artery stenosis was discussed.
Patient tolerated the procedure well. Urinalysis negative for blood, protein, and leukocyte esterase. Will order additional laboratory studies at next visit if symptoms persist. Follow-up appointment scheduled in 3 months.
Patient is afebrile with normal vital signs. Will continue current medication regimen and reassess in 3 months.Phone note((07 Aug 2024)): improved.switch to sumatriptan","[{""id"": ""ent_1"", ""value"": ""dizziness"", ""preferred_name"": ""Dizziness"", ""cui"": ""404640003"", ""category"": ""finding"", ""negated"": false, ""subject"": ""Patient"", ""start"": 28, ""end"": 37}, {""id"": ""ent_2"", ""value"": ""materials"", ""preferred_name"": ""Material"", ""cui"": ""260769002"", ""category"": ""substance"", ""negated"": false, ""subject"": ""Other"", ""start"": 67, ""end"": 76}, {""id"": ""ent_3"", ""value"": ""osteoarthritis"", ""preferred_name"": ""Osteoarthritis"", ""cui"": ""396275006"", ""category"": ""disorder"", ""negated"": false, ""subject"": ""Patient"", ""start"": 169, ""end"": 183}, {""id"": ""ent_4"", ""value"": ""infiltrates"", ""preferred_name"": ""Radiologic infiltrate of lung"", ""cui"": ""409609008"", ""category"": ""disorder"", ""negated"": false, ""subject"": ""Other"", ""start"": 291, ""end"": 302}, {""id"": ""ent_5"", ""value"": ""effusions"", ""preferred_name"": ""Effusion"", ""cui"": ""430869004"", ""category"": ""substance"", ""negated"": false, ""subject"": ""Other"", ""start"": 306, ""end"": 315}, {""id"": ""ent_6"", ""value"": ""soft tissue lesion"", ""preferred_name"": ""Soft tissue lesion"", ""cui"": ""239953001"", ""category"": ""disorder"", ""negated"": false, ""subject"": ""Patient"", ""start"": 418, ""end"": 436}, {""id"": ""ent_7"", ""value"": ""congenital malformation"", ""preferred_name"": ""Congenital malformation"", ""cui"": ""276654001"", ""category"": ""disorder"", ""negated"": false, ""subject"": ""Patient"", ""start"": 538, ""end"": 561}, {""id"": ""ent_8"", ""value"": ""vital signs"", ""preferred_name"": ""Vital signs finding"", ""cui"": ""118227000"", ""category"": ""finding"", ""negated"": false, ""subject"": ""Other"", ""start"": 591, ""end"": 602}, {""id"": ""ent_9"", ""value"": ""normal sinus rhythm"", ""preferred_name"": ""Normal sinus rhythm"", ""cui"": ""64730000"", ""category"": ""finding"", ""negated"": false, ""subject"": ""Other"", ""start"": 753, ""end"": 772}, {""id"": ""ent_10"", ""value"": ""conduction abnormalities"", ""preferred_name"": ""Abnormal cardiac conduction"", ""cui"": ""36358004"", ""category"": ""finding"", ""negated"": false, ""subject"": ""Other"", ""start"": 795, ""end"": 819}, {""id"": ""ent_11"", ""value"": ""synovitis"", ""preferred_name"": ""Synovitis"", ""cui"": ""416209007"", ""category"": ""disorder"", ""negated"": false, ""subject"": ""Other"", ""start"": 821, ""end"": 830}, {""id"": ""ent_12"", ""value"": ""deformity"", ""preferred_name"": ""Deformity"", ""cui"": ""417893002"", ""category"": ""finding"", ""negated"": false, ""subject"": ""Patient"", ""start"": 1032, ""end"": 1041}, {""id"": ""ent_13"", ""value"": ""internal carotid artery stenosis"", ""preferred_name"": ""Internal carotid artery stenosis"", ""cui"": ""233964008"", ""category"": ""disorder"", ""negated"": false, ""subject"": ""Patient"", ""start"": 1049, ""end"": 1081}, {""id"": ""ent_14"", ""value"": ""normal vital signs"", ""preferred_name"": ""Normal vital signs"", ""cui"": ""72970002"", ""category"": ""finding"", ""negated"": false, ""subject"": ""Other"", ""start"": 1345, ""end"": 1363}, {""id"": ""ent_15"", ""value"": ""sumatriptan"", ""preferred_name"": ""Sumatriptan"", ""cui"": ""395892000"", ""category"": ""substance"", ""negated"": false, ""subject"": ""Patient"", ""start"": 1477, ""end"": 1488}]","[{""id"": ""abs_1"", ""value"": ""May 2024"", ""start"": 17, ""end"": 25}, {""id"": ""abs_2"", ""value"": ""Aug 2024"", ""start"": 1446, ""end"": 1454}]","[{""id"": ""rel_1"", ""value"": ""3 months"", ""start"": 733, ""end"": 741, ""pattern_type"": ""numeric_simple""}]"
7,56,"Internal Medicine CONSULT (11 May 2024): resolving bronchitis increase dose


Liver function tests show mild elevation in ALT and AST, likely due to medication effect.Phone note((22nd May 2024)): remission. f/u in 6 months
 Musculoskeletal: Full range of motion in all extremities. No edema or deformity noted.

Urinalysis negative for blood, protein, and leukocyte esterase.Evaluation((11st Jun 2024)): pt presents w/ nausea/vomiting.
Will order additional laboratory studies at next visit if symptoms persist. Referral placed for physical therapy twice weekly for 6 weeks. suspect hyperlipidemia


Basic metabolic panel within normal limits with sodium 140, potassium 4.2, creatinine 0.9.New pt((22 Jun 2024)): pt presents w/ chest pain. Urinalysis negative for blood, protein, and leukocyte esterase. disorder of optic nerve was discussed. rule out Parkinson's_disease


Liver function tests show mild elevation in ALT and AST, likely due to medication effect.Labs (19 Jul 2024): low vitamin D. likely diabetes_mellitus

Labs (24nd Jul 2024): high cortisol. suspe Liver function tests show mild elevation in ALT and AST, likely due to medication effect. The patient was advised to return if symptoms worsen. Lungs clear to auscultation bilaterally. ct tension_headache

X-ray (29th Aug 2024): reveals leukemia. imp: leukemia","[{""id"": ""ent_1"", ""value"": ""bronchitis"", ""preferred_name"": ""Bronchitis"", ""cui"": ""32398004"", ""category"": ""disorder"", ""negated"": false, ""subject"": ""Other"", ""start"": 51, ""end"": 61}, {""id"": ""ent_2"", ""value"": ""Musculoskeletal"", ""preferred_name"": ""Musculoskeletal finding"", ""cui"": ""106028002"", ""category"": ""finding"", ""negated"": false, ""subject"": ""Other"", ""start"": 224, ""end"": 239}, {""id"": ""ent_3"", ""value"": ""deformity"", ""preferred_name"": ""Deformity"", ""cui"": ""417893002"", ""category"": ""finding"", ""negated"": false, ""subject"": ""Other"", ""start"": 294, ""end"": 303}, {""id"": ""ent_4"", ""value"": ""nausea/vomiting"", ""preferred_name"": ""Nausea and vomiting"", ""cui"": ""16932000"", ""category"": ""disorder"", ""negated"": false, ""subject"": ""Other"", ""start"": 419, ""end"": 434}, {""id"": ""ent_5"", ""value"": ""hyperlipidemia"", ""preferred_name"": ""Hyperlipidemia"", ""cui"": ""55822004"", ""category"": ""disorder"", ""negated"": false, ""subject"": ""Other"", ""start"": 583, ""end"": 597}, {""id"": ""ent_6"", ""value"": ""chest pain"", ""preferred_name"": ""Chest pain"", ""cui"": ""29857009"", ""category"": ""finding"", ""negated"": false, ""subject"": ""Other"", ""start"": 728, ""end"": 738}, {""id"": ""ent_7"", ""value"": ""disorder of optic nerve"", ""preferred_name"": ""Disorder of optic nerve"", ""cui"": ""77157004"", ""category"": ""disorder"", ""negated"": false, ""subject"": ""Other"", ""start"": 804, ""end"": 827}, {""id"": ""ent_8"", ""value"": ""Parkinson's_disease"", ""preferred_name"": ""Parkinson's disease"", ""cui"": ""49049000"", ""category"": ""disorder"", ""negated"": false, ""subject"": ""Other"", ""start"": 852, ""end"": 871}, {""id"": ""ent_9"", ""value"": ""vitamin D"", ""preferred_name"": ""Vitamin D"", ""cui"": ""30178006"", ""category"": ""substance"", ""negated"": false, ""subject"": ""Other"", ""start"": 987, ""end"": 996}, {""id"": ""ent_10"", ""value"": ""diabetes_mellitus"", ""preferred_name"": ""Diabetes mellitus"", ""cui"": ""73211009"", ""category"": ""disorder"", ""negated"": false, ""subject"": ""Other"", ""start"": 1005, ""end"": 1022}]","[{""id"": ""abs_1"", ""value"": ""May 2024"", ""start"": 30, ""end"": 38}, {""id"": ""abs_2"", ""value"": ""May 2024"", ""start"": 184, ""end"": 192}, {""id"": ""abs_3"", ""value"": ""Jun 2024"", ""start"": 392, ""end"": 400}, {""id"": ""abs_4"", ""value"": ""Jun 2024"", ""start"": 701, ""end"": 709}, {""id"": ""abs_5"", ""value"": ""Jul 2024"", ""start"": 972, ""end"": 980}, {""id"": ""abs_6"", ""value"": ""Jul 2024"", ""start"": 1035, ""end"": 1043}, {""id"": ""abs_7"", ""value"": ""Aug 2024"", ""start"": 1285, ""end"": 1293}]","[{""id"": ""rel_1"", ""value"": ""6 months"", ""start"": 214, ""end"": 222, ""pattern_type"": ""numeric_simple""}, {""id"": ""rel_2"", ""value"": ""6 weeks"", ""start"": 566, ""end"": 573, ""pattern_type"": ""numeric_simple""}]"
8,57,"URGENT REVIEW (06 Nov 2024): r The patient was advised to return if symptoms worsen.
Patient was instructed on proper medication administration techniques. EKG shows normal sinus rhythm without ST changes or conduction abnormalities.
Medication dosages were adjusted based on recent laboratory findings. ash. likely anemia
 Urinalysis negative for blood, protein, and leukocyte esterase.
 Labs from this morning were unremarkable.F/U (03rd Jan 2025): resolved. rule out le Medication dosages were adjusted based on recent laboratory findings. Assessment includes congenital malformation.
Respiratory: Clear to auscultation bilaterally. No wheezes, rales, or rhonchi. Patient has a history of pituitary macroadenoma. Medications were reconciled during the visit. Urinalysis negative for blood, protein, and leukocyte esterase.
 He denies any fever, chills, or night sweats.Patient instructed to follow up with specialist for further evaluation. ,ukemia increase dose

 Skin: No rashes, lesions, or abnormal pigmentation. Patient has a history of cyst. Good turgor and hydration.
Chest X-ray reveals clear lung fields without infiltrates or effusions.
Recommended lifestyle modifications including diet changes and regular exercise.Neurology CONSULT (24/02/2025): confirmed epilepsy admit to hospital


He denies any fever, chills, or night sweats.
He denies any fever, chills, or night sweats.Labs (28/03/25): low T.SH. confirmed anemia","[{""id"": ""ent_1"", ""value"": ""normal sinus rhythm"", ""preferred_name"": ""Normal sinus rhythm"", ""cui"": ""64730000"", ""category"": ""finding"", ""negated"": false, ""subject"": ""Patient"", ""start"": 166, ""end"": 185}, {""id"": ""ent_2"", ""value"": ""conduction abnormalities"", ""preferred_name"": ""Abnormal cardiac conduction"", ""cui"": ""36358004"", ""category"": ""finding"", ""negated"": false, ""subject"": ""Patient"", ""start"": 208, ""end"": 232}, {""id"": ""ent_3"", ""value"": ""anemia"", ""preferred_name"": ""Anemia"", ""cui"": ""271737000"", ""category"": ""disorder"", ""negated"": false, ""subject"": ""Other"", ""start"": 316, ""end"": 322}, {""id"": ""ent_4"", ""value"": ""congenital malformation"", ""preferred_name"": ""Congenital malformation"", ""cui"": ""276654001"", ""category"": ""disorder"", ""negated"": false, ""subject"": ""Patient"", ""start"": 563, ""end"": 586}, {""id"": ""ent_5"", ""value"": ""wheezes"", ""preferred_name"": ""Wheezing"", ""cui"": ""56018004"", ""category"": ""finding"", ""negated"": false, ""subject"": ""Patient"", ""start"": 639, ""end"": 646}, {""id"": ""ent_6"", ""value"": ""rales"", ""preferred_name"": ""Respiratory crackles"", ""cui"": ""48409008"", ""category"": ""finding"", ""negated"": false, ""subject"": ""Patient"", ""start"": 648, ""end"": 653}, {""id"": ""ent_7"", ""value"": ""rhonchi"", ""preferred_name"": ""Wheeze - rhonchi"", ""cui"": ""24612001"", ""category"": ""finding"", ""negated"": false, ""subject"": ""Other"", ""start"": 658, ""end"": 665}, {""id"": ""ent_8"", ""value"": ""pituitary macroadenoma"", ""preferred_name"": ""Pituitary macroadenoma"", ""cui"": ""254965007"", ""category"": ""disorder"", ""negated"": false, ""subject"": ""Patient"", ""start"": 692, ""end"": 714}, {""id"": ""ent_9"", ""value"": ""fever, chills"", ""preferred_name"": ""Fever with chills"", ""cui"": ""274640006"", ""category"": ""finding"", ""negated"": false, ""subject"": ""Patient"", ""start"": 841, ""end"": 854}, {""id"": ""ent_10"", ""value"": ""night sweats"", ""preferred_name"": ""Night sweats"", ""cui"": ""42984000"", ""category"": ""finding"", ""negated"": false, ""subject"": ""Patient"", ""start"": 859, ""end"": 871}, {""id"": ""ent_11"", ""value"": ""rashes"", ""preferred_name"": ""Eruption of skin"", ""cui"": ""271807003"", ""category"": ""disorder"", ""negated"": false, ""subject"": ""Other"", ""start"": 977, ""end"": 983}, {""id"": ""ent_12"", ""value"": ""cyst"", ""preferred_name"": ""Cyst"", ""cui"": ""441457006"", ""category"": ""disorder"", ""negated"": false, ""subject"": ""Other"", ""start"": 1045, ""end"": 1049}, {""id"": ""ent_13"", ""value"": ""infiltrates"", ""preferred_name"": ""Radiologic infiltrate of lung"", ""cui"": ""409609008"", ""category"": ""disorder"", ""negated"": false, ""subject"": ""Patient"", ""start"": 1124, ""end"": 1135}, {""id"": ""ent_14"", ""value"": ""effusions"", ""preferred_name"": ""Effusion"", ""cui"": ""430869004"", ""category"": ""substance"", ""negated"": false, ""subject"": ""Patient"", ""start"": 1139, ""end"": 1148}, {""id"": ""ent_15"", ""value"": ""lifestyle"", ""preferred_name"": ""Lifestyle"", ""cui"": ""134436002"", ""category"": ""finding"", ""negated"": false, ""subject"": ""Other"", ""start"": 1162, ""end"": 1171}, {""id"": ""ent_16"", ""value"": ""diet"", ""preferred_name"": ""Dietary finding"", ""cui"": ""41829006"", ""category"": ""finding"", ""negated"": false, ""subject"": ""Other"", ""start"": 1196, ""end"": 1200}, {""id"": ""ent_17"", ""value"": ""epilepsy"", ""preferred_name"": ""Epilepsy"", ""cui"": ""84757009"", ""category"": ""disorder"", ""negated"": false, ""subject"": ""Other"", ""start"": 1272, ""end"": 1280}, {""id"": ""ent_18"", ""value"": ""fever, chills"", ""preferred_name"": ""Fever with chills"", ""cui"": ""274640006"", ""category"": ""finding"", ""negated"": false, ""subject"": ""Patient"", ""start"": 1315, ""end"": 1328}, {""id"": ""ent_19"", ""value"": ""night sweats"", ""preferred_name"": ""Night sweats"", ""cui"": ""42984000"", ""category"": ""finding"", ""negated"": false, ""subject"": ""Patient"", ""start"": 1333, ""end"": 1345}, {""id"": ""ent_20"", ""value"": ""fever, chills"", ""preferred_name"": ""Fever with chills"", ""cui"": ""274640006"", ""category"": ""finding"", ""negated"": false, ""subject"": ""Patient"", ""start"": 1361, ""end"": 1374}, {""id"": ""ent_21"", ""value"": ""night sweats"", ""preferred_name"": ""Night sweats"", ""cui"": ""42984000"", ""category"": ""finding"", ""negated"": false, ""subject"": ""Patient"", ""start"": 1379, ""end"": 1391}, {""id"": ""ent_22"", ""value"": ""anemia"", ""preferred_name"": ""Anemia"", ""cui"": ""271737000"", ""category"": ""disorder"", ""negated"": false, ""subject"": ""Other"", ""start"": 1429, ""end"": 1435}]","[{""id"": ""abs_1"", ""value"": ""Nov 2024"", ""start"": 18, ""end"": 26}, {""id"": ""abs_2"", ""value"": ""Jan 2025"", ""start"": 440, ""end"": 448}, {""id"": ""abs_3"", ""value"": ""24/02/2025"", ""start"": 1249, ""end"": 1259}, {""id"": ""abs_4"", ""value"": ""28/03/25"", ""start"": 1398, ""end"": 1406}]","[{""id"": ""rel_1"", ""value"": ""this morning"", ""start"": 399, ""end"": 411, ""pattern_type"": ""part_of_day""}]"
9,58,"F/U (13rd Oct 2024): worsening.confirmed hypertension admit to hospital


GI: Bowel sounds present in all four quadrants. Noted congenital malformation in medical history.
Will order additional laboratory studies at next visit if symptoms persist. No hepatosplenomegaly.CLINIC VISIT (2024-11-07): weight loss relapse new dx of GERD refer to Neurology
 Patient instructed to follow up with specialist for further evaluation.
F/U (01st Jan 2025): resolved.likel Patient reports compliance with current medication regimen. HEENT: Normocephalic, atraumatic. Pupils equal, round, and reactive to light. Patient advised to maintain a symptom diary for review at next appointment. The plan was discussed with the patient, who understands and agrees.
Respiratory: Clear to auscultation bilaterally. No wheezes, rales, or rhonchi. y pneumonia taper medication
 Will order additional laboratory studies at next visit if symptoms persist.
Will order additional laboratory studies at next visit if symptoms persist. Patient has a history of intracranial meningioma.

No known drug allergies or adverse reactions reported. Imaging studies were reviewed with the patient.Labs (2025-01-10): elevated prolactin.confirmed anemia

 A review of systems was otherwise negative.URGENT REVIEW (12/01/2025): cough.likely Cushing's_syndrome

Phone note((02/03/25)): unchanged.observe and reassess","[{""id"": ""ent_1"", ""value"": ""hypertension"", ""preferred_name"": ""Hypertensive disorder, systemic arterial"", ""cui"": ""38341003"", ""category"": ""disorder"", ""negated"": false, ""subject"": ""Patient"", ""start"": 41, ""end"": 53}, {""id"": ""ent_2"", ""value"": ""congenital malformation"", ""preferred_name"": ""Congenital malformation"", ""cui"": ""276654001"", ""category"": ""disorder"", ""negated"": false, ""subject"": ""Other"", ""start"": 128, ""end"": 151}, {""id"": ""ent_3"", ""value"": ""hepatosplenomegaly"", ""preferred_name"": ""Hepatosplenomegaly"", ""cui"": ""36760000"", ""category"": ""disorder"", ""negated"": false, ""subject"": ""Patient"", ""start"": 251, ""end"": 269}, {""id"": ""ent_4"", ""value"": ""weight loss"", ""preferred_name"": ""Weight loss"", ""cui"": ""89362005"", ""category"": ""finding"", ""negated"": false, ""subject"": ""Other"", ""start"": 297, ""end"": 308}, {""id"": ""ent_5"", ""value"": ""GERD"", ""preferred_name"": ""Gastroesophageal reflux disease"", ""cui"": ""235595009"", ""category"": ""disorder"", ""negated"": false, ""subject"": ""Other"", ""start"": 327, ""end"": 331}, {""id"": ""ent_6"", ""value"": ""next appointment"", ""preferred_name"": ""Next appointment"", ""cui"": ""390840006"", ""category"": ""finding"", ""negated"": false, ""subject"": ""Patient"", ""start"": 656, ""end"": 672}, {""id"": ""ent_7"", ""value"": ""wheezes"", ""preferred_name"": ""Wheezing"", ""cui"": ""56018004"", ""category"": ""finding"", ""negated"": false, ""subject"": ""Other"", ""start"": 794, ""end"": 801}, {""id"": ""ent_8"", ""value"": ""rales"", ""preferred_name"": ""Respiratory crackles"", ""cui"": ""48409008"", ""category"": ""finding"", ""negated"": false, ""subject"": ""Patient"", ""start"": 803, ""end"": 808}, {""id"": ""ent_9"", ""value"": ""rhonchi"", ""preferred_name"": ""Wheeze - rhonchi"", ""cui"": ""24612001"", ""category"": ""finding"", ""negated"": false, ""subject"": ""Other"", ""start"": 813, ""end"": 820}, {""id"": ""ent_10"", ""value"": ""pneumonia"", ""preferred_name"": ""Viral pneumonia"", ""cui"": ""75570004"", ""category"": ""disorder"", ""negated"": false, ""subject"": ""Other"", ""start"": 824, ""end"": 833}, {""id"": ""ent_11"", ""value"": ""intracranial meningioma"", ""preferred_name"": ""Intracranial meningioma"", ""cui"": ""302820008"", ""category"": ""disorder"", ""negated"": false, ""subject"": ""Patient"", ""start"": 1029, ""end"": 1052}, {""id"": ""ent_12"", ""value"": ""adverse reactions"", ""preferred_name"": ""Adverse reaction"", ""cui"": ""281647001"", ""category"": ""disorder"", ""negated"": false, ""subject"": ""Patient"", ""start"": 1082, ""end"": 1099}, {""id"": ""ent_13"", ""value"": ""prolactin"", ""preferred_name"": ""Prolactin"", ""cui"": ""70454002"", ""category"": ""substance"", ""negated"": false, ""subject"": ""Patient"", ""start"": 1185, ""end"": 1194}, {""id"": ""ent_14"", ""value"": ""anemia"", ""preferred_name"": ""Anemia"", ""cui"": ""271737000"", ""category"": ""disorder"", ""negated"": false, ""subject"": ""Patient"", ""start"": 1205, ""end"": 1211}, {""id"": ""ent_15"", ""value"": ""cough"", ""preferred_name"": ""Cough"", ""cui"": ""49727002"", ""category"": ""finding"", ""negated"": false, ""subject"": ""Patient"", ""start"": 1285, ""end"": 1290}, {""id"": ""ent_16"", ""value"": ""Cushing's_syndrome"", ""preferred_name"": ""Hypercortisolism"", ""cui"": ""47270006"", ""category"": ""disorder"", ""negated"": false, ""subject"": ""Patient"", ""start"": 1298, ""end"": 1316}]","[{""id"": ""abs_1"", ""value"": ""Oct 2024"", ""start"": 10, ""end"": 18}, {""id"": ""abs_2"", ""value"": ""2024-11"", ""start"": 284, ""end"": 291}, {""id"": ""abs_3"", ""value"": ""Jan 2025"", ""start"": 434, ""end"": 442}, {""id"": ""abs_4"", ""value"": ""2025-01"", ""start"": 1163, ""end"": 1170}, {""id"": ""abs_5"", ""value"": ""12/01/2025"", ""start"": 1272, ""end"": 1282}, {""id"": ""abs_6"", ""value"": ""02/03/25"", ""start"": 1330, ""end"": 1338}]",[]
10,59,"X-ray (1;8st Aug 2024): reveals hypertension. imp: hypertension[,diagnosis]

Referral placed for physical therapy twice weekly for 6 weeks.
Patient instructed to follow up with specialist for further evaluation.
Labs (03-10-2024): positive ANA. Skin: No rashes, lesions, or abnormal pigmentation. Basic metabolic panel within normal limits with sodium 140, potassium 4.2, creatinine 0.9. Good turgor and hydration. Psychiatric: Alert and oriented x3. Mood and affect appropriate. unclear etiology, could be cluster_headache vs IBS
 Medication dosages were adjusted based on recent laboratory findings.

Follow-up appointment scheduled in 3 months.CLINIC VISIT (2024;-11-11): cough fluctuating unclear etiology, could be hypothyroidism vs asthma refer to Psychiatry

Urinalysis negative for blood, protein, and leukocyte esterase.
Consult((22nd Nov 2024)): pt presents w/ headache x3 months.
Follow-up appointment scheduled in 3 months. resolving depression


No known drug allergies or adverse reactions reported.
 Imaging studies were reviewed with the patient.Patient reports compliance with current medication regimen.URGENT REVIEW (19 Dec'24): cough. Patient reports occasional use of over-the-counter analgesics for pain management. Imaging studies were reviewed with the patient. unclear etiology, could be hypertension vs Crohn's_disease","[{""id"": ""ent_1"", ""value"": ""hypertension"", ""preferred_name"": ""Hypertensive disorder, systemic arterial"", ""cui"": ""38341003"", ""category"": ""disorder"", ""negated"": false, ""subject"": ""Patient"", ""start"": 32, ""end"": 44}, {""id"": ""ent_2"", ""value"": ""hypertension"", ""preferred_name"": ""Hypertensive disorder, systemic arterial"", ""cui"": ""38341003"", ""category"": ""disorder"", ""negated"": false, ""subject"": ""Patient"", ""start"": 51, ""end"": 63}, {""id"": ""ent_3"", ""value"": ""positive ANA"", ""preferred_name"": ""Anti-nuclear factor positive"", ""cui"": ""165850001"", ""category"": ""finding"", ""negated"": false, ""subject"": ""Patient"", ""start"": 231, ""end"": 243}, {""id"": ""ent_4"", ""value"": ""rashes"", ""preferred_name"": ""Eruption of skin"", ""cui"": ""271807003"", ""category"": ""disorder"", ""negated"": false, ""subject"": ""Patient"", ""start"": 254, ""end"": 260}, {""id"": ""ent_5"", ""value"": ""cluster_headache"", ""preferred_name"": ""Cluster headache syndrome"", ""cui"": ""193031009"", ""category"": ""disorder"", ""negated"": false, ""subject"": ""Patient"", ""start"": 507, ""end"": 523}, {""id"": ""ent_6"", ""value"": ""IBS"", ""preferred_name"": ""Irritable bowel syndrome"", ""cui"": ""10743008"", ""category"": ""disorder"", ""negated"": false, ""subject"": ""Patient"", ""start"": 527, ""end"": 530}, {""id"": ""ent_7"", ""value"": ""cough"", ""preferred_name"": ""Cough"", ""cui"": ""49727002"", ""category"": ""finding"", ""negated"": false, ""subject"": ""Patient"", ""start"": 675, ""end"": 680}, {""id"": ""ent_8"", ""value"": ""hypothyroidism"", ""preferred_name"": ""Hypothyroidism"", ""cui"": ""40930008"", ""category"": ""disorder"", ""negated"": false, ""subject"": ""Patient"", ""start"": 720, ""end"": 734}, {""id"": ""ent_9"", ""value"": ""asthma"", ""preferred_name"": ""Asthma"", ""cui"": ""195967001"", ""category"": ""disorder"", ""negated"": false, ""subject"": ""Patient"", ""start"": 738, ""end"": 744}, {""id"": ""ent_10"", ""value"": ""headache"", ""preferred_name"": ""Headache"", ""cui"": ""25064002"", ""category"": ""finding"", ""negated"": false, ""subject"": ""Patient"", ""start"": 871, ""end"": 879}, {""id"": ""ent_11"", ""value"": ""depression"", ""preferred_name"": ""Depressive disorder"", ""cui"": ""35489007"", ""category"": ""disorder"", ""negated"": false, ""subject"": ""Patient"", ""start"": 946, ""end"": 956}, {""id"": ""ent_12"", ""value"": ""adverse reactions"", ""preferred_name"": ""Adverse reaction"", ""cui"": ""281647001"", ""category"": ""disorder"", ""negated"": false, ""subject"": ""Patient"", ""start"": 986, ""end"": 1003}, {""id"": ""ent_13"", ""value"": ""cough"", ""preferred_name"": ""Cough"", ""cui"": ""49727002"", ""category"": ""finding"", ""negated"": false, ""subject"": ""Patient"", ""start"": 1148, ""end"": 1153}, {""id"": ""ent_14"", ""value"": ""analgesics"", ""preferred_name"": ""Analgesic"", ""cui"": ""373265006"", ""category"": ""substance"", ""negated"": false, ""subject"": ""Patient"", ""start"": 1206, ""end"": 1216}, {""id"": ""ent_15"", ""value"": ""hypertension"", ""preferred_name"": ""Hypertensive disorder, systemic arterial"", ""cui"": ""38341003"", ""category"": ""disorder"", ""negated"": false, ""subject"": ""Patient"", ""start"": 1313, ""end"": 1325}, {""id"": ""ent_16"", ""value"": ""Crohn's_disease"", ""preferred_name"": ""Crohn's disease"", ""cui"": ""34000006"", ""category"": ""disorder"", ""negated"": false, ""subject"": ""Patient"", ""start"": 1329, ""end"": 1344}]","[{""id"": ""abs_1"", ""value"": ""Aug 2024"", ""start"": 13, ""end"": 21}, {""id"": ""abs_2"", ""value"": ""03-10-2024"", ""start"": 218, ""end"": 228}, {""id"": ""abs_3"", ""value"": ""Nov 2024"", ""start"": 844, ""end"": 852}]","[{""id"": ""rel_1"", ""value"": ""6 weeks"", ""start"": 131, ""end"": 138, ""pattern_type"": ""numeric_simple""}, {""id"": ""rel_2"", ""value"": ""3 months"", ""start"": 638, ""end"": 646, ""pattern_type"": ""numeric_simple""}]"
1,60,"Ultrasound (2024-09-30): evidence of lesion.
Will continue current medication regimen and reassess in 3 months. imp: anxiety
 HEENT: Normocephalic, atraumatic. Pupils equal, round, and reactive to light.
CT scan of the head shows no acute intracranial abnormalities.
CT (05/10/2024): consistent with Parkinson's_disease. Skin: No rashes, lesions, or abnormal pigmentation.
HEENT: Normocephalic, atraumatic. Pupils equal, round, and reactive to light.
Patient advised to maintain a symptom diary for review at next appointment.
Respiratory: Clear to auscultation bilaterally.
Current medications include: lisinopril 10mg daily, metformin 500mg twice daily, and atorvastatin 20mg at bedtime. No wheezes, rales, or rhonchi. No known drug allergies or adverse reactions reported. Good turgor and hydration.
Labs from this morning were unremarkable. Assessment includes hydrocephalus. Assessment includes congenital malformation.

EKG shows normal sinus rhythm without ST changes or conduction abnormalities.MRI of the brain demonstrates age-appropriate atrophy without evidence of mass or stroke.
Neurological exam within normal limits. imp: Parkinson's_disease

New pt((18 Oct'24)): pt presents with headache x1 week.
Psychiatric: Alert and oriented x3. Lungs clear to auscultation bilaterally. Patient has a history of osteoarthritis. Lymphatic: No cervical, axillary, or inguinal lymphadenopathy. Patient has a history of pituitary adenoma. Mood and affect appropriate. suspect anemia","[{""id"": ""ent_1"", ""value"": ""anxiety"", ""preferred_name"": ""Anxiety"", ""cui"": ""48694002"", ""category"": ""finding"", ""negated"": false, ""subject"": ""Patient"", ""start"": 117, ""end"": 124}, {""id"": ""ent_2"", ""value"": ""Parkinson's_disease"", ""preferred_name"": ""Parkinson's disease"", ""cui"": ""49049000"", ""category"": ""disorder"", ""negated"": false, ""subject"": ""Patient"", ""start"": 300, ""end"": 319}, {""id"": ""ent_3"", ""value"": ""rashes"", ""preferred_name"": ""Eruption of skin"", ""cui"": ""271807003"", ""category"": ""disorder"", ""negated"": false, ""subject"": ""Patient"", ""start"": 330, ""end"": 336}, {""id"": ""ent_4"", ""value"": ""next appointment"", ""preferred_name"": ""Next appointment"", ""cui"": ""390840006"", ""category"": ""finding"", ""negated"": false, ""subject"": ""Patient"", ""start"": 509, ""end"": 525}, {""id"": ""ent_5"", ""value"": ""lisinopril"", ""preferred_name"": ""Lisinopril"", ""cui"": ""386873009"", ""category"": ""substance"", ""negated"": false, ""subject"": ""Patient"", ""start"": 604, ""end"": 614}, {""id"": ""ent_6"", ""value"": ""metformin"", ""preferred_name"": ""Metformin"", ""cui"": ""372567009"", ""category"": ""substance"", ""negated"": false, ""subject"": ""Patient"", ""start"": 627, ""end"": 636}, {""id"": ""ent_7"", ""value"": ""atorvastatin"", ""preferred_name"": ""Atorvastatin"", ""cui"": ""373444002"", ""category"": ""substance"", ""negated"": false, ""subject"": ""Patient"", ""start"": 660, ""end"": 672}, {""id"": ""ent_8"", ""value"": ""wheezes"", ""preferred_name"": ""Wheezing"", ""cui"": ""56018004"", ""category"": ""finding"", ""negated"": false, ""subject"": ""Patient"", ""start"": 693, ""end"": 700}, {""id"": ""ent_9"", ""value"": ""rales"", ""preferred_name"": ""Respiratory crackles"", ""cui"": ""48409008"", ""category"": ""finding"", ""negated"": false, ""subject"": ""Patient"", ""start"": 702, ""end"": 707}, {""id"": ""ent_10"", ""value"": ""rhonchi"", ""preferred_name"": ""Wheeze - rhonchi"", ""cui"": ""24612001"", ""category"": ""finding"", ""negated"": false, ""subject"": ""Patient"", ""start"": 712, ""end"": 719}, {""id"": ""ent_11"", ""value"": ""adverse reactions"", ""preferred_name"": ""Adverse reaction"", ""cui"": ""281647001"", ""category"": ""disorder"", ""negated"": false, ""subject"": ""Patient"", ""start"": 748, ""end"": 765}, {""id"": ""ent_12"", ""value"": ""hydrocephalus"", ""preferred_name"": ""Hydrocephalus"", ""cui"": ""230745008"", ""category"": ""disorder"", ""negated"": false, ""subject"": ""Patient"", ""start"": 865, ""end"": 878}, {""id"": ""ent_13"", ""value"": ""congenital malformation"", ""preferred_name"": ""Congenital malformation"", ""cui"": ""276654001"", ""category"": ""disorder"", ""negated"": false, ""subject"": ""Patient"", ""start"": 900, ""end"": 923}, {""id"": ""ent_14"", ""value"": ""normal sinus rhythm"", ""preferred_name"": ""Normal sinus rhythm"", ""cui"": ""64730000"", ""category"": ""finding"", ""negated"": false, ""subject"": ""Patient"", ""start"": 936, ""end"": 955}, {""id"": ""ent_15"", ""value"": ""conduction abnormalities"", ""preferred_name"": ""Abnormal cardiac conduction"", ""cui"": ""36358004"", ""category"": ""finding"", ""negated"": false, ""subject"": ""Patient"", ""start"": 978, ""end"": 1002}, {""id"": ""ent_16"", ""value"": ""stroke"", ""preferred_name"": ""Cerebrovascular accident"", ""cui"": ""230690007"", ""category"": ""disorder"", ""negated"": false, ""subject"": ""Patient"", ""start"": 1085, ""end"": 1091}, {""id"": ""ent_17"", ""value"": ""Parkinson's_disease"", ""preferred_name"": ""Parkinson's disease"", ""cui"": ""49049000"", ""category"": ""disorder"", ""negated"": false, ""subject"": ""Other"", ""start"": 1138, ""end"": 1157}, {""id"": ""ent_18"", ""value"": ""headache"", ""preferred_name"": ""Headache"", ""cui"": ""25064002"", ""category"": ""finding"", ""negated"": false, ""subject"": ""Patient"", ""start"": 1197, ""end"": 1205}, {""id"": ""ent_19"", ""value"": ""inguinal lymphadenopathy"", ""preferred_name"": ""Inguinal lymphadenopathy"", ""cui"": ""127199000"", ""category"": ""disorder"", ""negated"": false, ""subject"": ""Other"", ""start"": 1370, ""end"": 1394}, {""id"": ""ent_20"", ""value"": ""anemia"", ""preferred_name"": ""Anemia"", ""cui"": ""271737000"", ""category"": ""disorder"", ""negated"": false, ""subject"": ""Patient"", ""start"": 1477, ""end"": 1483}]","[{""id"": ""abs_1"", ""value"": ""2024-09"", ""start"": 12, ""end"": 19}, {""id"": ""abs_2"", ""value"": ""05/10/2024"", ""start"": 271, ""end"": 281}]","[{""id"": ""rel_1"", ""value"": ""this morning"", ""start"": 813, ""end"": 825, ""pattern_type"": ""part_of_day""}, {""id"": ""rel_2"", ""value"": ""3 months"", ""start"": 102, ""end"": 110, ""pattern_type"": ""numeric_simple""}]"
2,61,"URGENT REVIEW (2024-11-20): headache x6 months.
 Basic metabolic panel within normal limits with sodium 140, potassium 4.2, creatinine 0.9.Abdomen: Soft, non-tender, non-distended. unclear etiology, could be bronchitis vs IBS

Phone note((20/12/2024)): progressive. refer to Endocrinology


 Past medical history is non-contributory.Will order additional laboratory studies at next visit if symptoms persist.The patient's vital signs are stable. Cardiovascular: Regular rate and rhythm. Patient has a history of anxiety disorder. No murmurs, rubs, or gallops. Normal S1 and S2.
 No acute distress noted on examination.X-ray (03rd Feb 2025):  CT scan of the head shows no acute intracranial abnormalities.
HEENT: Normocephalic, atraumatic. Follow-up appointment scheduled in 3 months. Noted cerebral hemorrhage in medical history.
GI: Bowel sounds present in all four quadrants. No hepatosplenomegaly. Pupils equal, round, and reactive to light.

Patient instructed to follow up with specialist for further evaluation.Lymphatic: No cervical, axillary, or inguinal lymphadenopathy. disorder of optic nerve was discussed. Abdomen: Soft, non-tender, non-distended. evidence of atrophy. He denies any fever, chills, or night sweats. MRI of the brain demonstrates age-appropriate atrophy without evidence of mass or stroke. Neurological exam within normal limits. HEENT: Normocephalic, atraumatic. Pupils equal, round, and reactive to light. imp: hypothyroidism","[{""id"": ""ent_1"", ""value"": ""headache"", ""preferred_name"": ""Headache"", ""cui"": ""25064002"", ""category"": ""finding"", ""negated"": false, ""subject"": ""Patient"", ""start"": 28, ""end"": 36}, {""id"": ""ent_2"", ""value"": ""bronchitis"", ""preferred_name"": ""Bronchitis"", ""cui"": ""32398004"", ""category"": ""disorder"", ""negated"": false, ""subject"": ""Patient"", ""start"": 208, ""end"": 218}, {""id"": ""ent_3"", ""value"": ""IBS"", ""preferred_name"": ""Irritable bowel syndrome"", ""cui"": ""10743008"", ""category"": ""disorder"", ""negated"": false, ""subject"": ""Patient"", ""start"": 222, ""end"": 225}, {""id"": ""ent_4"", ""value"": ""vital signs"", ""preferred_name"": ""Vital signs finding"", ""cui"": ""118227000"", ""category"": ""finding"", ""negated"": false, ""subject"": ""Patient"", ""start"": 422, ""end"": 433}, {""id"": ""ent_5"", ""value"": ""anxiety disorder"", ""preferred_name"": ""Anxiety disorder"", ""cui"": ""197480006"", ""category"": ""disorder"", ""negated"": false, ""subject"": ""Patient"", ""start"": 512, ""end"": 528}, {""id"": ""ent_6"", ""value"": ""murmurs"", ""preferred_name"": ""Murmur"", ""cui"": ""414786004"", ""category"": ""finding"", ""negated"": false, ""subject"": ""Other"", ""start"": 533, ""end"": 540}, {""id"": ""ent_7"", ""value"": ""rubs"", ""preferred_name"": ""Pericardial friction rub"", ""cui"": ""7036007"", ""category"": ""finding"", ""negated"": false, ""subject"": ""Patient"", ""start"": 542, ""end"": 546}, {""id"": ""ent_8"", ""value"": ""hepatosplenomegaly"", ""preferred_name"": ""Hepatosplenomegaly"", ""cui"": ""36760000"", ""category"": ""disorder"", ""negated"": false, ""subject"": ""Other"", ""start"": 881, ""end"": 899}, {""id"": ""ent_9"", ""value"": ""inguinal lymphadenopathy"", ""preferred_name"": ""Inguinal lymphadenopathy"", ""cui"": ""127199000"", ""category"": ""disorder"", ""negated"": false, ""subject"": ""Patient"", ""start"": 1054, ""end"": 1078}, {""id"": ""ent_10"", ""value"": ""disorder of optic nerve"", ""preferred_name"": ""Disorder of optic nerve"", ""cui"": ""77157004"", ""category"": ""disorder"", ""negated"": false, ""subject"": ""Patient"", ""start"": 1080, ""end"": 1103}, {""id"": ""ent_11"", ""value"": ""fever, chills"", ""preferred_name"": ""Fever with chills"", ""cui"": ""274640006"", ""category"": ""finding"", ""negated"": false, ""subject"": ""Patient"", ""start"": 1196, ""end"": 1209}, {""id"": ""ent_12"", ""value"": ""night sweats"", ""preferred_name"": ""Night sweats"", ""cui"": ""42984000"", ""category"": ""finding"", ""negated"": false, ""subject"": ""Patient"", ""start"": 1214, ""end"": 1226}, {""id"": ""ent_13"", ""value"": ""stroke"", ""preferred_name"": ""Cerebrovascular accident"", ""cui"": ""230690007"", ""category"": ""disorder"", ""negated"": false, ""subject"": ""Patient"", ""start"": 1310, ""end"": 1316}, {""id"": ""ent_14"", ""value"": ""hypothyroidism"", ""preferred_name"": ""Hypothyroidism"", ""cui"": ""40930008"", ""category"": ""disorder"", ""negated"": false, ""subject"": ""Patient"", ""start"": 1441, ""end"": 1455}]","[{""id"": ""abs_1"", ""value"": ""2024-11"", ""start"": 15, ""end"": 22}, {""id"": ""abs_2"", ""value"": ""20/12/2024"", ""start"": 239, ""end"": 249}, {""id"": ""abs_3"", ""value"": ""Feb 2025"", ""start"": 630, ""end"": 638}]","[{""id"": ""rel_1"", ""value"": ""3 months"", ""start"": 774, ""end"": 782, ""pattern_type"": ""numeric_simple""}]"
3,62,"New pt((04 Nov 2024)): pt presents w/ mood changes.new d Patient given educational materials regarding disease management. The plan was discussed with the patient, who understands and agrees. pituitary macroadenoma was discussed. Follow-up appointment scheduled in 3 months. x of prolactinoma
 Skin: No rashes, lesions, or abnormal pigmentation. Good turgor and hydration.
X-ray (02 Jan 2025): r Recommended lifestyle modifications including diet changes and regular exercise. Current medications include: lisinopril 10mg daily, metformin 500mg twice daily, and atorvastatin 20mg at bedtime.
The patient's vital signs are stable.
Patient was instructed on proper medication administration techniques. Patient tolerated the procedure well. eveals multiple_sclerosis.imp: multiple_sclerosis



Complete blood count shows WBC 7.2, Hgb 13.5, Plt 250.Labs from this morning were unremarkable.Patient tolerated the procedure well.

 Labs from this morning were unremarkable.No known drug allergies or adverse reactions reported.Labs (08/01/25): high cortisol.rule out rheumatoid_arthritis

 He denies any fever, chills, or night sweats. Patient reports compliance with current medication regimen. The patient's vital signs are stable.MRI (29/01/25): shows 1.2cm mass in kidney.imp: diabetes_mellitus

Labs (10th Feb 2025): abnormal LFTs.consistent w/ gout","[{""id"": ""ent_1"", ""value"": ""mood changes"", ""preferred_name"": ""Mood swings"", ""cui"": ""18963009"", ""category"": ""finding"", ""negated"": false, ""subject"": ""Other"", ""start"": 38, ""end"": 50}, {""id"": ""ent_2"", ""value"": ""materials"", ""preferred_name"": ""Material"", ""cui"": ""260769002"", ""category"": ""substance"", ""negated"": false, ""subject"": ""Other"", ""start"": 83, ""end"": 92}, {""id"": ""ent_3"", ""value"": ""pituitary macroadenoma"", ""preferred_name"": ""Pituitary macroadenoma"", ""cui"": ""254965007"", ""category"": ""disorder"", ""negated"": false, ""subject"": ""Other"", ""start"": 192, ""end"": 214}, {""id"": ""ent_4"", ""value"": ""prolactinoma"", ""preferred_name"": ""Prolactinoma"", ""cui"": ""134209002"", ""category"": ""disorder"", ""negated"": false, ""subject"": ""Other"", ""start"": 280, ""end"": 292}, {""id"": ""ent_5"", ""value"": ""rashes"", ""preferred_name"": ""Eruption of skin"", ""cui"": ""271807003"", ""category"": ""disorder"", ""negated"": false, ""subject"": ""Other"", ""start"": 303, ""end"": 309}, {""id"": ""ent_6"", ""value"": ""lifestyle"", ""preferred_name"": ""Lifestyle"", ""cui"": ""134436002"", ""category"": ""finding"", ""negated"": false, ""subject"": ""Other"", ""start"": 408, ""end"": 417}, {""id"": ""ent_7"", ""value"": ""diet"", ""preferred_name"": ""Dietary finding"", ""cui"": ""41829006"", ""category"": ""finding"", ""negated"": false, ""subject"": ""Other"", ""start"": 442, ""end"": 446}, {""id"": ""ent_8"", ""value"": ""lisinopril"", ""preferred_name"": ""Lisinopril"", ""cui"": ""386873009"", ""category"": ""substance"", ""negated"": false, ""subject"": ""Other"", ""start"": 506, ""end"": 516}, {""id"": ""ent_9"", ""value"": ""metformin"", ""preferred_name"": ""Metformin"", ""cui"": ""372567009"", ""category"": ""substance"", ""negated"": false, ""subject"": ""Other"", ""start"": 529, ""end"": 538}, {""id"": ""ent_10"", ""value"": ""atorvastatin"", ""preferred_name"": ""Atorvastatin"", ""cui"": ""373444002"", ""category"": ""substance"", ""negated"": false, ""subject"": ""Other"", ""start"": 562, ""end"": 574}, {""id"": ""ent_11"", ""value"": ""vital signs"", ""preferred_name"": ""Vital signs finding"", ""cui"": ""118227000"", ""category"": ""finding"", ""negated"": false, ""subject"": ""Other"", ""start"": 606, ""end"": 617}, {""id"": ""ent_12"", ""value"": ""multiple_sclerosis"", ""preferred_name"": ""Multiple sclerosis"", ""cui"": ""24700007"", ""category"": ""disorder"", ""negated"": false, ""subject"": ""Other"", ""start"": 746, ""end"": 764}, {""id"": ""ent_13"", ""value"": ""multiple_sclerosis"", ""preferred_name"": ""Multiple sclerosis"", ""cui"": ""24700007"", ""category"": ""disorder"", ""negated"": false, ""subject"": ""Other"", ""start"": 770, ""end"": 788}, {""id"": ""ent_14"", ""value"": ""adverse reactions"", ""preferred_name"": ""Adverse reaction"", ""cui"": ""281647001"", ""category"": ""disorder"", ""negated"": false, ""subject"": ""Other"", ""start"": 995, ""end"": 1012}, {""id"": ""ent_15"", ""value"": ""rheumatoid_arthritis"", ""preferred_name"": ""Rheumatoid arthritis"", ""cui"": ""69896004"", ""category"": ""disorder"", ""negated"": false, ""subject"": ""Patient"", ""start"": 1062, ""end"": 1082}, {""id"": ""ent_16"", ""value"": ""fever, chills"", ""preferred_name"": ""Fever with chills"", ""cui"": ""274640006"", ""category"": ""finding"", ""negated"": false, ""subject"": ""Patient"", ""start"": 1099, ""end"": 1112}, {""id"": ""ent_17"", ""value"": ""night sweats"", ""preferred_name"": ""Night sweats"", ""cui"": ""42984000"", ""category"": ""finding"", ""negated"": false, ""subject"": ""Other"", ""start"": 1117, ""end"": 1129}, {""id"": ""ent_18"", ""value"": ""vital signs"", ""preferred_name"": ""Vital signs finding"", ""cui"": ""118227000"", ""category"": ""finding"", ""negated"": false, ""subject"": ""Other"", ""start"": 1205, ""end"": 1216}, {""id"": ""ent_19"", ""value"": ""diabetes_mellitus"", ""preferred_name"": ""Diabetes mellitus"", ""cui"": ""73211009"", ""category"": ""disorder"", ""negated"": false, ""subject"": ""Other"", ""start"": 1276, ""end"": 1293}, {""id"": ""ent_20"", ""value"": ""abnormal LFTs"", ""preferred_name"": ""Liver function tests abnormal"", ""cui"": ""166603001"", ""category"": ""finding"", ""negated"": false, ""subject"": ""Patient"", ""start"": 1317, ""end"": 1330}]","[{""id"": ""abs_1"", ""value"": ""Nov 2024"", ""start"": 11, ""end"": 19}, {""id"": ""abs_2"", ""value"": ""Jan 2025"", ""start"": 383, ""end"": 391}, {""id"": ""abs_3"", ""value"": ""08/01/25"", ""start"": 1028, ""end"": 1036}, {""id"": ""abs_4"", ""value"": ""29/01/25"", ""start"": 1233, ""end"": 1241}, {""id"": ""abs_5"", ""value"": ""Feb 2025"", ""start"": 1306, ""end"": 1314}]","[{""id"": ""rel_1"", ""value"": ""this morning"", ""start"": 856, ""end"": 868, ""pattern_type"": ""part_of_day""}, {""id"": ""rel_2"", ""value"": ""3 months"", ""start"": 265, ""end"": 273, ""pattern_type"": ""numeric_simple""}]"
4,63,"Visit((11 May 2024)): pt Lymphatic: No cervical, axillary, or inguinal lymphadenopathy. Patient is afebrile with normal vital signs. Imaging studies were reviewed with the patient.  presents w/ fat igue. unclear etiology, could be depress Heart: Regular rate and rhythm, no murmurs. Patient advised to maintain a symptom diary for review at next appointment.
He denies any fever, chills, or night sweats. Patient reports compliance with current medication regimen.
Will continue current medication regimen and reassess in 3 months. Patient is afebrile with normal vital signs. Basic metabolic panel within normal limits with sodium 140, potassium 4.2, creatinine 0.9. ion vs COPD

Phone note((17rd Jun 2024)): worsening. observe and reassess

URGENT REVIEW (10st Jul 2024): fever. new dx of pneumonia

Psychiatry CONSULT (03-09-2024): consistent w/ rheumatoid_arthritis switch to lisinopril

Phone note((18-10-2024)): resolved. cont current medications

Urinalysis negative for blood, protein, and leukocyte esterase.
A review of systems was otherwise negative.
 GI: Bowel sounds present in all four quadrants. No hepatosplenomegaly.F/U (16-12-2024): remission. rule out pituitary_adenoma refer to Rheumatology

Phone note((02/02/2025)): unchanged. increase dose

Rheumatology CONSULT (22 Mar 2025): suspect leukemia f/u in 2 weeks","[{""id"": ""ent_1"", ""value"": ""inguinal lymphadenopathy"", ""preferred_name"": ""Inguinal lymphadenopathy"", ""cui"": ""127199000"", ""category"": ""disorder"", ""negated"": false, ""subject"": ""Other"", ""start"": 62, ""end"": 86}, {""id"": ""ent_2"", ""value"": ""normal vital signs"", ""preferred_name"": ""Normal vital signs"", ""cui"": ""72970002"", ""category"": ""finding"", ""negated"": false, ""subject"": ""Other"", ""start"": 113, ""end"": 131}, {""id"": ""ent_3"", ""value"": ""murmurs"", ""preferred_name"": ""Murmur"", ""cui"": ""414786004"", ""category"": ""finding"", ""negated"": false, ""subject"": ""Other"", ""start"": 274, ""end"": 281}, {""id"": ""ent_4"", ""value"": ""next appointment"", ""preferred_name"": ""Next appointment"", ""cui"": ""390840006"", ""category"": ""finding"", ""negated"": false, ""subject"": ""Other"", ""start"": 341, ""end"": 357}, {""id"": ""ent_5"", ""value"": ""fever, chills"", ""preferred_name"": ""Fever with chills"", ""cui"": ""274640006"", ""category"": ""finding"", ""negated"": false, ""subject"": ""Other"", ""start"": 373, ""end"": 386}, {""id"": ""ent_6"", ""value"": ""night sweats"", ""preferred_name"": ""Night sweats"", ""cui"": ""42984000"", ""category"": ""finding"", ""negated"": false, ""subject"": ""Other"", ""start"": 391, ""end"": 403}, {""id"": ""ent_7"", ""value"": ""normal vital signs"", ""preferred_name"": ""Normal vital signs"", ""cui"": ""72970002"", ""category"": ""finding"", ""negated"": false, ""subject"": ""Other"", ""start"": 557, ""end"": 575}, {""id"": ""ent_8"", ""value"": ""COPD"", ""preferred_name"": ""Chronic obstructive lung disease"", ""cui"": ""13645005"", ""category"": ""disorder"", ""negated"": false, ""subject"": ""Other"", ""start"": 675, ""end"": 679}, {""id"": ""ent_9"", ""value"": ""fever"", ""preferred_name"": ""Fever"", ""cui"": ""386661006"", ""category"": ""finding"", ""negated"": false, ""subject"": ""Other"", ""start"": 774, ""end"": 779}, {""id"": ""ent_10"", ""value"": ""pneumonia"", ""preferred_name"": ""Viral pneumonia"", ""cui"": ""75570004"", ""category"": ""disorder"", ""negated"": false, ""subject"": ""Other"", ""start"": 791, ""end"": 800}, {""id"": ""ent_11"", ""value"": ""rheumatoid_arthritis"", ""preferred_name"": ""Rheumatoid arthritis"", ""cui"": ""69896004"", ""category"": ""disorder"", ""negated"": false, ""subject"": ""Other"", ""start"": 849, ""end"": 869}, {""id"": ""ent_12"", ""value"": ""lisinopril"", ""preferred_name"": ""Lisinopril"", ""cui"": ""386873009"", ""category"": ""substance"", ""negated"": false, ""subject"": ""Other"", ""start"": 880, ""end"": 890}, {""id"": ""ent_13"", ""value"": ""hepatosplenomegaly"", ""preferred_name"": ""Hepatosplenomegaly"", ""cui"": ""36760000"", ""category"": ""disorder"", ""negated"": false, ""subject"": ""Other"", ""start"": 1114, ""end"": 1132}, {""id"": ""ent_14"", ""value"": ""pituitary_adenoma"", ""preferred_name"": ""Pituitary adenoma"", ""cui"": ""254956000"", ""category"": ""disorder"", ""negated"": false, ""subject"": ""Other"", ""start"": 1171, ""end"": 1188}]","[{""id"": ""abs_1"", ""value"": ""May 2024"", ""start"": 10, ""end"": 18}, {""id"": ""abs_2"", ""value"": ""Jun 2024"", ""start"": 698, ""end"": 706}, {""id"": ""abs_3"", ""value"": ""Jul 2024"", ""start"": 763, ""end"": 771}, {""id"": ""abs_4"", ""value"": ""03-09-2024"", ""start"": 822, ""end"": 832}, {""id"": ""abs_5"", ""value"": ""18-10-2024"", ""start"": 904, ""end"": 914}, {""id"": ""abs_6"", ""value"": ""16-12-2024"", ""start"": 1138, ""end"": 1148}, {""id"": ""abs_7"", ""value"": ""02/02/2025"", ""start"": 1224, ""end"": 1234}, {""id"": ""abs_8"", ""value"": ""Mar 2025"", ""start"": 1289, ""end"": 1297}]","[{""id"": ""rel_1"", ""value"": ""3 months"", ""start"": 522, ""end"": 530, ""pattern_type"": ""numeric_simple""}, {""id"": ""rel_2"", ""value"": ""2 weeks"", ""start"": 1321, ""end"": 1328, ""pattern_type"": ""numeric_simple""}]"
5,64,"Labs (31st May 2024):  Urinalysis negative for blood, protein, and leukocyte esterase. Imaging studies were reviewed with the patient.
Will order additional laboratory studies at next visit if symptoms persist.
Recommended lifestyle modifications including diet changes and regular exercise. WBC elevated. Complete blood count shows WBC 7.2, Hgb 13.5, Plt 250. Patient has a history of hydrocephalus. likely hypertension

New pt((14 Ju Chest X-ray reveals clear lung fields without infiltrates or effusions. Skin: No rashes, lesions, or abnormal pigmentation. Patient advised to maintain a symptom diary for review at next appointment. Good turgor and hydration. HEENT: Normocephalic, atraumatic. Pupils equal, round, and reactive to light. Psychiatric: Alert and oriented x3. Mood and affect appropriate. obesity was discussed. l 2024)): pt presents w/ frequent urination.
Patient given educational materials regarding disease management. Urinalysis negative for blood, protein, and leukocyte esterase. Current medications include: lisinopril 10mg daily, metformin 500mg twice daily, and atorvastatin 20mg at bedtime. Assessment includes anxiety disorder. resolving schizophrenia

URGENT REVIEW (05.08.24): frequent urination. Patient reports compliance with current medication regimen. suspect hypertension

Cardiology CONSULT (12/08/2024): confirmed myeloma admit to hospital","[{""id"": ""ent_1"", ""value"": ""lifestyle"", ""preferred_name"": ""Lifestyle"", ""cui"": ""134436002"", ""category"": ""finding"", ""negated"": false, ""subject"": ""Other"", ""start"": 223, ""end"": 232}, {""id"": ""ent_2"", ""value"": ""diet"", ""preferred_name"": ""Dietary finding"", ""cui"": ""41829006"", ""category"": ""finding"", ""negated"": false, ""subject"": ""Other"", ""start"": 257, ""end"": 261}, {""id"": ""ent_3"", ""value"": ""WBC elevated"", ""preferred_name"": ""Increased blood leukocyte number"", ""cui"": ""414478003"", ""category"": ""finding"", ""negated"": false, ""subject"": ""Other"", ""start"": 292, ""end"": 304}, {""id"": ""ent_4"", ""value"": ""hydrocephalus"", ""preferred_name"": ""Hydrocephalus"", ""cui"": ""230745008"", ""category"": ""disorder"", ""negated"": false, ""subject"": ""Other"", ""start"": 386, ""end"": 399}, {""id"": ""ent_5"", ""value"": ""hypertension"", ""preferred_name"": ""Hypertensive disorder, systemic arterial"", ""cui"": ""38341003"", ""category"": ""disorder"", ""negated"": false, ""subject"": ""Other"", ""start"": 408, ""end"": 420}, {""id"": ""ent_6"", ""value"": ""infiltrates"", ""preferred_name"": ""Radiologic infiltrate of lung"", ""cui"": ""409609008"", ""category"": ""disorder"", ""negated"": false, ""subject"": ""Other"", ""start"": 482, ""end"": 493}, {""id"": ""ent_7"", ""value"": ""effusions"", ""preferred_name"": ""Effusion"", ""cui"": ""430869004"", ""category"": ""substance"", ""negated"": false, ""subject"": ""Other"", ""start"": 497, ""end"": 506}, {""id"": ""ent_8"", ""value"": ""rashes"", ""preferred_name"": ""Eruption of skin"", ""cui"": ""271807003"", ""category"": ""disorder"", ""negated"": false, ""subject"": ""Other"", ""start"": 517, ""end"": 523}, {""id"": ""ent_9"", ""value"": ""next appointment"", ""preferred_name"": ""Next appointment"", ""cui"": ""390840006"", ""category"": ""finding"", ""negated"": false, ""subject"": ""Other"", ""start"": 618, ""end"": 634}, {""id"": ""ent_10"", ""value"": ""frequent urination"", ""preferred_name"": ""Increased frequency of urination"", ""cui"": ""162116003"", ""category"": ""finding"", ""negated"": false, ""subject"": ""Other"", ""start"": 854, ""end"": 872}, {""id"": ""ent_11"", ""value"": ""materials"", ""preferred_name"": ""Material"", ""cui"": ""260769002"", ""category"": ""substance"", ""negated"": false, ""subject"": ""Other"", ""start"": 900, ""end"": 909}, {""id"": ""ent_12"", ""value"": ""lisinopril"", ""preferred_name"": ""Lisinopril"", ""cui"": ""386873009"", ""category"": ""substance"", ""negated"": false, ""subject"": ""Other"", ""start"": 1033, ""end"": 1043}, {""id"": ""ent_13"", ""value"": ""metformin"", ""preferred_name"": ""Metformin"", ""cui"": ""372567009"", ""category"": ""substance"", ""negated"": false, ""subject"": ""Other"", ""start"": 1056, ""end"": 1065}, {""id"": ""ent_14"", ""value"": ""atorvastatin"", ""preferred_name"": ""Atorvastatin"", ""cui"": ""373444002"", ""category"": ""substance"", ""negated"": false, ""subject"": ""Other"", ""start"": 1089, ""end"": 1101}, {""id"": ""ent_15"", ""value"": ""anxiety disorder"", ""preferred_name"": ""Anxiety disorder"", ""cui"": ""197480006"", ""category"": ""disorder"", ""negated"": false, ""subject"": ""Other"", ""start"": 1139, ""end"": 1155}, {""id"": ""ent_16"", ""value"": ""schizophrenia"", ""preferred_name"": ""Schizophrenia"", ""cui"": ""58214004"", ""category"": ""disorder"", ""negated"": false, ""subject"": ""Other"", ""start"": 1167, ""end"": 1180}, {""id"": ""ent_17"", ""value"": ""hypertension"", ""preferred_name"": ""Hypertensive disorder, systemic arterial"", ""cui"": ""38341003"", ""category"": ""disorder"", ""negated"": false, ""subject"": ""Other"", ""start"": 1296, ""end"": 1308}, {""id"": ""ent_18"", ""value"": ""myeloma"", ""preferred_name"": ""Multiple myeloma"", ""cui"": ""109989006"", ""category"": ""disorder"", ""negated"": false, ""subject"": ""Other"", ""start"": 1353, ""end"": 1360}]","[{""id"": ""abs_1"", ""value"": ""May 2024"", ""start"": 11, ""end"": 19}, {""id"": ""abs_2"", ""value"": ""12/08/2024"", ""start"": 1330, ""end"": 1340}]",[]
6,65,"Phone note((05nd Sep 2024)): worsening.refer to Oncology
 Urinalysis negative for blood, protein, and leukocyte esterase.
Will continue current medication regimen and reassess in 3 months. Patient has a history of depression. HEENT: Normocephalic, atraumatic. Pupils equal, round, and reactive to light.
 The patient was counseled on lifestyle modifications.Rheumatology CONSULT (09/09/24): n Labs from this morning were unremarkable. A review of systems was otherwise negative. Psychiatric: Alert and oriented x3.
Urinalysis negative for blood, protein, and leukocyte esterase. disorder of optic nerve was discussed.
Lungs clear to auscultation bilaterally. Mood and affect appropriate. ew dx of GERD follow up in 6 months
 Chest X-ray reveals clear lung fields without infiltrates or effusions.
Medication dosages were adjusted based on recent laboratory findings. Lungs clear to auscultation bilaterally. Patient reports occasional use of over-the-counter analgesics for pain management.
Ultrasound (16nd Oct 2024): reveals schizophrenia.imp: schizophrenia

 CT scan of the head shows no acute intracranial abnormalities.Consult((19rd Nov 2024)): pt presents w/ rash.new dx of asthma

Chest X-ray reveals clear lung fields without infiltrates or effusions.
 Skin: No rashes, lesions, or abnormal pigmentation. Good turgor and hydration.Labs (23 Dec'24): abnormal LFTs.rule out migraine","[{""id"": ""ent_1"", ""value"": ""lifestyle"", ""preferred_name"": ""Lifestyle"", ""cui"": ""134436002"", ""category"": ""finding"", ""negated"": false, ""subject"": ""Other"", ""start"": 334, ""end"": 343}, {""id"": ""ent_2"", ""value"": ""disorder of optic nerve"", ""preferred_name"": ""Disorder of optic nerve"", ""cui"": ""77157004"", ""category"": ""disorder"", ""negated"": false, ""subject"": ""Other"", ""start"": 579, ""end"": 602}, {""id"": ""ent_3"", ""value"": ""GERD"", ""preferred_name"": ""Gastroesophageal reflux disease"", ""cui"": ""235595009"", ""category"": ""disorder"", ""negated"": false, ""subject"": ""Other"", ""start"": 697, ""end"": 701}, {""id"": ""ent_4"", ""value"": ""infiltrates"", ""preferred_name"": ""Radiologic infiltrate of lung"", ""cui"": ""409609008"", ""category"": ""disorder"", ""negated"": false, ""subject"": ""Other"", ""start"": 771, ""end"": 782}, {""id"": ""ent_5"", ""value"": ""effusions"", ""preferred_name"": ""Effusion"", ""cui"": ""430869004"", ""category"": ""substance"", ""negated"": false, ""subject"": ""Other"", ""start"": 786, ""end"": 795}, {""id"": ""ent_6"", ""value"": ""analgesics"", ""preferred_name"": ""Analgesic"", ""cui"": ""373265006"", ""category"": ""substance"", ""negated"": false, ""subject"": ""Other"", ""start"": 959, ""end"": 969}, {""id"": ""ent_7"", ""value"": ""schizophrenia"", ""preferred_name"": ""Schizophrenia"", ""cui"": ""58214004"", ""category"": ""disorder"", ""negated"": false, ""subject"": ""Other"", ""start"": 1027, ""end"": 1040}, {""id"": ""ent_8"", ""value"": ""schizophrenia"", ""preferred_name"": ""Schizophrenia"", ""cui"": ""58214004"", ""category"": ""disorder"", ""negated"": false, ""subject"": ""Other"", ""start"": 1046, ""end"": 1059}, {""id"": ""ent_9"", ""value"": ""rash"", ""preferred_name"": ""Eruption of skin"", ""cui"": ""271807003"", ""category"": ""disorder"", ""negated"": false, ""subject"": ""Other"", ""start"": 1165, ""end"": 1169}, {""id"": ""ent_10"", ""value"": ""asthma"", ""preferred_name"": ""Asthma"", ""cui"": ""195967001"", ""category"": ""disorder"", ""negated"": false, ""subject"": ""Other"", ""start"": 1180, ""end"": 1186}, {""id"": ""ent_11"", ""value"": ""infiltrates"", ""preferred_name"": ""Radiologic infiltrate of lung"", ""cui"": ""409609008"", ""category"": ""disorder"", ""negated"": false, ""subject"": ""Other"", ""start"": 1234, ""end"": 1245}, {""id"": ""ent_12"", ""value"": ""effusions"", ""preferred_name"": ""Effusion"", ""cui"": ""430869004"", ""category"": ""substance"", ""negated"": false, ""subject"": ""Other"", ""start"": 1249, ""end"": 1258}, {""id"": ""ent_13"", ""value"": ""rashes"", ""preferred_name"": ""Eruption of skin"", ""cui"": ""271807003"", ""category"": ""disorder"", ""negated"": false, ""subject"": ""Other"", ""start"": 1270, ""end"": 1276}, {""id"": ""ent_14"", ""value"": ""abnormal LFTs"", ""preferred_name"": ""Liver function tests abnormal"", ""cui"": ""166603001"", ""category"": ""finding"", ""negated"": false, ""subject"": ""Other"", ""start"": 1357, ""end"": 1370}, {""id"": ""ent_15"", ""value"": ""migraine"", ""preferred_name"": ""Migraine"", ""cui"": ""37796009"", ""category"": ""disorder"", ""negated"": false, ""subject"": ""Other"", ""start"": 1380, ""end"": 1388}]","[{""id"": ""abs_1"", ""value"": ""Sep 2024"", ""start"": 17, ""end"": 25}, {""id"": ""abs_2"", ""value"": ""09/09/24"", ""start"": 380, ""end"": 388}, {""id"": ""abs_3"", ""value"": ""Oct 2024"", ""start"": 1008, ""end"": 1016}, {""id"": ""abs_4"", ""value"": ""Nov 2024"", ""start"": 1138, ""end"": 1146}]","[{""id"": ""rel_1"", ""value"": ""this morning"", ""start"": 403, ""end"": 415, ""pattern_type"": ""part_of_day""}, {""id"": ""rel_2"", ""value"": ""3 months"", ""start"": 179, ""end"": 187, ""pattern_type"": ""numeric_simple""}, {""id"": ""rel_3"", ""value"": ""6 months"", ""start"": 715, ""end"": 723, ""pattern_type"": ""numeric_simple""}]"
7,66,"Endocrinology CONSULT (12nd Apr 2024): rule out  Past medical history is non-contributory.
Cardiovascular: Regular rate and rhythm. No murmurs, rubs, or gallops. Normal S1 and S2. No acute distress noted on examination.
MRI of the brain demonstrates age-appropriate atrophy without evidence of mass or stroke. Will order additional laboratory studies at next visit if symptoms persist. Patient was instructed on proper medication administration techniques. Assessment includes cerebral hemorrhage. Assessment includes hydrocephalus. bipolar_disorder refer to  Chest X-ray reveals clear lung fields without infiltrates or effusions. She denies any nausea, vomiting, or diarrhea. Noted ebola virus disease in medical history. Rheumatology
 Urinalysis negative for blood, protein, and leukocyte esterase.
Rheumatology CONSULT (13.04.24): likely asthma follow up in 6 months

Evaluation((21/04/2024)): pt presents w/ visual changes. new diagnosis of bipolar_disorder
 The patient's vital signs are stable.
 Liver function tests show mild elevation in ALT and AST, likely due to medication effect.URGENT REVIEW (24 May'24): cough. rule out Parkinson's_disease

Patient instructed to follow up with specialist for further evaluation.
 EKG shows normal sinus rhythm without ST changes or conduction abnormalities.Consult((08nd Jun 2024)): pt presents w/ fever. Assessment includes congenital malformation. confirmed Parkinson's_disease","[{""id"": ""ent_1"", ""value"": ""murmurs"", ""preferred_name"": ""Murmur"", ""cui"": ""414786004"", ""category"": ""finding"", ""negated"": false, ""subject"": ""Other"", ""start"": 135, ""end"": 142}, {""id"": ""ent_2"", ""value"": ""rubs"", ""preferred_name"": ""Pericardial friction rub"", ""cui"": ""7036007"", ""category"": ""finding"", ""negated"": false, ""subject"": ""Other"", ""start"": 144, ""end"": 148}, {""id"": ""ent_3"", ""value"": ""cerebral hemorrhage"", ""preferred_name"": ""Cerebral hemorrhage"", ""cui"": ""274100004"", ""category"": ""disorder"", ""negated"": false, ""subject"": ""Other"", ""start"": 477, ""end"": 496}, {""id"": ""ent_4"", ""value"": ""hydrocephalus"", ""preferred_name"": ""Hydrocephalus"", ""cui"": ""230745008"", ""category"": ""disorder"", ""negated"": false, ""subject"": ""Other"", ""start"": 518, ""end"": 531}, {""id"": ""ent_5"", ""value"": ""bipolar_disorder"", ""preferred_name"": ""Bipolar disorder"", ""cui"": ""13746004"", ""category"": ""disorder"", ""negated"": false, ""subject"": ""Other"", ""start"": 533, ""end"": 549}, {""id"": ""ent_6"", ""value"": ""infiltrates"", ""preferred_name"": ""Radiologic infiltrate of lung"", ""cui"": ""409609008"", ""category"": ""disorder"", ""negated"": false, ""subject"": ""Other"", ""start"": 606, ""end"": 617}, {""id"": ""ent_7"", ""value"": ""effusions"", ""preferred_name"": ""Effusion"", ""cui"": ""430869004"", ""category"": ""substance"", ""negated"": false, ""subject"": ""Other"", ""start"": 621, ""end"": 630}, {""id"": ""ent_8"", ""value"": ""nausea, vomiting"", ""preferred_name"": ""Nausea and vomiting"", ""cui"": ""16932000"", ""category"": ""disorder"", ""negated"": false, ""subject"": ""Other"", ""start"": 647, ""end"": 663}, {""id"": ""ent_9"", ""value"": ""diarrhea"", ""preferred_name"": ""Diarrhea"", ""cui"": ""62315008"", ""category"": ""finding"", ""negated"": false, ""subject"": ""Other"", ""start"": 668, ""end"": 676}, {""id"": ""ent_10"", ""value"": ""ebola virus disease"", ""preferred_name"": ""Ebola virus disease"", ""cui"": ""37109004"", ""category"": ""disorder"", ""negated"": false, ""subject"": ""Other"", ""start"": 684, ""end"": 703}, {""id"": ""ent_11"", ""value"": ""bipolar_disorder"", ""preferred_name"": ""Bipolar disorder"", ""cui"": ""13746004"", ""category"": ""disorder"", ""negated"": false, ""subject"": ""Other"", ""start"": 946, ""end"": 962}, {""id"": ""ent_12"", ""value"": ""vital signs"", ""preferred_name"": ""Vital signs finding"", ""cui"": ""118227000"", ""category"": ""finding"", ""negated"": false, ""subject"": ""Other"", ""start"": 978, ""end"": 989}, {""id"": ""ent_13"", ""value"": ""cough"", ""preferred_name"": ""Cough"", ""cui"": ""49727002"", ""category"": ""finding"", ""negated"": false, ""subject"": ""Other"", ""start"": 1119, ""end"": 1124}, {""id"": ""ent_14"", ""value"": ""Parkinson's_disease"", ""preferred_name"": ""Parkinson's disease"", ""cui"": ""49049000"", ""category"": ""disorder"", ""negated"": false, ""subject"": ""Other"", ""start"": 1135, ""end"": 1154}, {""id"": ""ent_15"", ""value"": ""normal sinus rhythm"", ""preferred_name"": ""Normal sinus rhythm"", ""cui"": ""64730000"", ""category"": ""finding"", ""negated"": false, ""subject"": ""Other"", ""start"": 1239, ""end"": 1258}, {""id"": ""ent_16"", ""value"": ""conduction abnormalities"", ""preferred_name"": ""Abnormal cardiac conduction"", ""cui"": ""36358004"", ""category"": ""finding"", ""negated"": false, ""subject"": ""Other"", ""start"": 1281, ""end"": 1305}, {""id"": ""ent_17"", ""value"": ""fever"", ""preferred_name"": ""Fever"", ""cui"": ""386661006"", ""category"": ""finding"", ""negated"": false, ""subject"": ""Other"", ""start"": 1347, ""end"": 1352}, {""id"": ""ent_18"", ""value"": ""congenital malformation"", ""preferred_name"": ""Congenital malformation"", ""cui"": ""276654001"", ""category"": ""disorder"", ""negated"": false, ""subject"": ""Other"", ""start"": 1374, ""end"": 1397}, {""id"": ""ent_19"", ""value"": ""Parkinson's_disease"", ""preferred_name"": ""Parkinson's disease"", ""cui"": ""49049000"", ""category"": ""disorder"", ""negated"": false, ""subject"": ""Other"", ""start"": 1409, ""end"": 1428}]","[{""id"": ""abs_1"", ""value"": ""Apr 2024"", ""start"": 28, ""end"": 36}, {""id"": ""abs_2"", ""value"": ""21/04/2024"", ""start"": 884, ""end"": 894}, {""id"": ""abs_3"", ""value"": ""Jun 2024"", ""start"": 1320, ""end"": 1328}]","[{""id"": ""rel_1"", ""value"": ""6 months"", ""start"": 862, ""end"": 870, ""pattern_type"": ""numeric_simple""}]"
8,67,"Internal Medicine CONSULT (28.02.25): uncl Basic metabolic panel within normal limits with sodium 140, potassium 4.2, creati Patient instructed to follow up with specialist for further evaluation. Patient was instructed on proper medication administration techniques. Patient has a history of chronic kidney disease. She denies any nausea, vomiting, or diarrhea. nine 0.9. No acute distress noted on examination.
Patient tolerated the procedure well. Imaging studies were reviewed with the patient. Respiratory: Clear to auscultation bilaterally. No wheezes, rales, or rhonchi. Follow-up appointment scheduled in 3 months. Basic metabolic panel within normal limits with sodium 140, potassium 4.2, creatinine 0.9. The patient was advised to return if symptoms worsen. ear etiology,could be leukemia vs macroadenoma cont current medications

Labs (07nd Mar 2025): low TSH. rule out myeloma

Patient reports occasional use of over-the-counter analgesics for pain management.
Abdomen: Soft, non-tender, non-distended. MRI of the brain demonstrates age-appropriate atrophy without evidence of mass or stroke. Lungs clear to auscultation bilaterally.
PET scan (23rd Mar 2025): evidence of enlargement. imp: schizophrenia
 Referral placed for physical therapy twice weekly for 6 weeks.
Psychiatry CONSULT (12nd Apr 2025): likely bronchitis cont current medications","[{""id"": ""ent_1"", ""value"": ""nausea, vomiting"", ""preferred_name"": ""Nausea and vomiting"", ""cui"": ""16932000"", ""category"": ""disorder"", ""negated"": false, ""subject"": ""Patient"", ""start"": 332, ""end"": 348}, {""id"": ""ent_2"", ""value"": ""diarrhea"", ""preferred_name"": ""Diarrhea"", ""cui"": ""62315008"", ""category"": ""finding"", ""negated"": false, ""subject"": ""Other"", ""start"": 353, ""end"": 361}, {""id"": ""ent_3"", ""value"": ""wheezes"", ""preferred_name"": ""Wheezing"", ""cui"": ""56018004"", ""category"": ""finding"", ""negated"": false, ""subject"": ""Patient"", ""start"": 550, ""end"": 557}, {""id"": ""ent_4"", ""value"": ""rales"", ""preferred_name"": ""Respiratory crackles"", ""cui"": ""48409008"", ""category"": ""finding"", ""negated"": false, ""subject"": ""Patient"", ""start"": 559, ""end"": 564}, {""id"": ""ent_5"", ""value"": ""rhonchi"", ""preferred_name"": ""Wheeze - rhonchi"", ""cui"": ""24612001"", ""category"": ""finding"", ""negated"": false, ""subject"": ""Other"", ""start"": 569, ""end"": 576}, {""id"": ""ent_6"", ""value"": ""leukemia"", ""preferred_name"": ""Leukemia, disease"", ""cui"": ""93143009"", ""category"": ""disorder"", ""negated"": false, ""subject"": ""Patient"", ""start"": 790, ""end"": 798}, {""id"": ""ent_7"", ""value"": ""myeloma"", ""preferred_name"": ""Multiple myeloma"", ""cui"": ""109989006"", ""category"": ""disorder"", ""negated"": false, ""subject"": ""Other"", ""start"": 881, ""end"": 888}, {""id"": ""ent_8"", ""value"": ""analgesics"", ""preferred_name"": ""Analgesic"", ""cui"": ""373265006"", ""category"": ""substance"", ""negated"": false, ""subject"": ""Other"", ""start"": 941, ""end"": 951}, {""id"": ""ent_9"", ""value"": ""schizophrenia"", ""preferred_name"": ""Schizophrenia"", ""cui"": ""58214004"", ""category"": ""disorder"", ""negated"": false, ""subject"": ""Patient"", ""start"": 1202, ""end"": 1215}, {""id"": ""ent_10"", ""value"": ""bronchitis"", ""preferred_name"": ""Bronchitis"", ""cui"": ""32398004"", ""category"": ""disorder"", ""negated"": false, ""subject"": ""Other"", ""start"": 1323, ""end"": 1333}]","[{""id"": ""abs_1"", ""value"": ""Mar 2025"", ""start"": 852, ""end"": 860}, {""id"": ""abs_2"", ""value"": ""Mar 2025"", ""start"": 1161, ""end"": 1169}, {""id"": ""abs_3"", ""value"": ""Apr 2025"", ""start"": 1305, ""end"": 1313}]","[{""id"": ""rel_1"", ""value"": ""3 months"", ""start"": 610, ""end"": 618, ""pattern_type"": ""numeric_simple""}, {""id"": ""rel_2"", ""value"": ""6 weeks"", ""start"": 1268, ""end"": 1275, ""pattern_type"": ""numeric_simple""}]"
9,68,"Labs (08.02.25): high cortisol.resolvin Heart: Regular rate and rhythm, no murmurs. Heart: Regular rate and rhythm, no murmurs. Assessment includes pituitary macroadenoma.
She denies any nausea, vomiting, or diarrhea.
Current medications include: lisinopril 10mg daily, metformin 500mg twice daily, and atorvastatin 20mg at bedtime.
 Heart: Regular rate and rhythm, no murmurs.Neurological exam within normal limits. Noted obesity in medical history.
Referral placed for physical therapy twice weekly for 6 weeks. Patient was instructed on proper medication administration techniques. g prolactinoma

Consult((25nd Mar 2025)): pt presents w/ abdominal pain.confirmed cluster_headache

MRI of the brain demonstrates age-appropriate atrophy without evidence of mass or stroke.
F/U (08/05/25):  Referral placed for physical therapy twice weekly for 6 weeks. Referral placed for physical therapy twice weekly for 6 weeks. Urinalysis negative for blood, protein, and leukocyte esterase. The plan was discussed with the patient, who understands and agrees. Musculoskeletal: Full range of motion in all extremities. No edema or deformity noted. unchanged.suspect migraine observe and reassess


Patient reports occasional use of over-the-counter analgesics for pain management.CLINIC VISIT (04 Jun 2025): fatigue slightly improved likely microadenoma admit to hospital","[{""id"": ""ent_1"", ""value"": ""murmurs"", ""preferred_name"": ""Murmur"", ""cui"": ""414786004"", ""category"": ""finding"", ""negated"": false, ""subject"": ""Other"", ""start"": 75, ""end"": 82}, {""id"": ""ent_2"", ""value"": ""murmurs"", ""preferred_name"": ""Murmur"", ""cui"": ""414786004"", ""category"": ""finding"", ""negated"": false, ""subject"": ""Other"", ""start"": 119, ""end"": 126}, {""id"": ""ent_3"", ""value"": ""pituitary macroadenoma"", ""preferred_name"": ""Pituitary macroadenoma"", ""cui"": ""254965007"", ""category"": ""disorder"", ""negated"": false, ""subject"": ""Patient"", ""start"": 148, ""end"": 170}, {""id"": ""ent_4"", ""value"": ""nausea, vomiting"", ""preferred_name"": ""Nausea and vomiting"", ""cui"": ""16932000"", ""category"": ""disorder"", ""negated"": false, ""subject"": ""Patient"", ""start"": 187, ""end"": 203}, {""id"": ""ent_5"", ""value"": ""diarrhea"", ""preferred_name"": ""Diarrhea"", ""cui"": ""62315008"", ""category"": ""finding"", ""negated"": false, ""subject"": ""Patient"", ""start"": 208, ""end"": 216}, {""id"": ""ent_6"", ""value"": ""lisinopril"", ""preferred_name"": ""Lisinopril"", ""cui"": ""386873009"", ""category"": ""substance"", ""negated"": false, ""subject"": ""Patient"", ""start"": 247, ""end"": 257}, {""id"": ""ent_7"", ""value"": ""metformin"", ""preferred_name"": ""Metformin"", ""cui"": ""372567009"", ""category"": ""substance"", ""negated"": false, ""subject"": ""Patient"", ""start"": 270, ""end"": 279}, {""id"": ""ent_8"", ""value"": ""atorvastatin"", ""preferred_name"": ""Atorvastatin"", ""cui"": ""373444002"", ""category"": ""substance"", ""negated"": false, ""subject"": ""Patient"", ""start"": 303, ""end"": 315}, {""id"": ""ent_9"", ""value"": ""murmurs"", ""preferred_name"": ""Murmur"", ""cui"": ""414786004"", ""category"": ""finding"", ""negated"": false, ""subject"": ""Other"", ""start"": 369, ""end"": 376}, {""id"": ""ent_10"", ""value"": ""abdominal pain"", ""preferred_name"": ""Abdominal pain"", ""cui"": ""21522001"", ""category"": ""finding"", ""negated"": false, ""subject"": ""Patient"", ""start"": 642, ""end"": 656}, {""id"": ""ent_11"", ""value"": ""cluster_headache"", ""preferred_name"": ""Cluster headache syndrome"", ""cui"": ""193031009"", ""category"": ""disorder"", ""negated"": false, ""subject"": ""Patient"", ""start"": 667, ""end"": 683}, {""id"": ""ent_12"", ""value"": ""stroke"", ""preferred_name"": ""Cerebrovascular accident"", ""cui"": ""230690007"", ""category"": ""disorder"", ""negated"": false, ""subject"": ""Patient"", ""start"": 767, ""end"": 773}, {""id"": ""ent_13"", ""value"": ""Musculoskeletal"", ""preferred_name"": ""Musculoskeletal finding"", ""cui"": ""106028002"", ""category"": ""finding"", ""negated"": false, ""subject"": ""Patient"", ""start"": 1051, ""end"": 1066}, {""id"": ""ent_14"", ""value"": ""deformity"", ""preferred_name"": ""Deformity"", ""cui"": ""417893002"", ""category"": ""finding"", ""negated"": false, ""subject"": ""Patient"", ""start"": 1121, ""end"": 1130}, {""id"": ""ent_15"", ""value"": ""migraine"", ""preferred_name"": ""Migraine"", ""cui"": ""37796009"", ""category"": ""disorder"", ""negated"": false, ""subject"": ""Patient"", ""start"": 1156, ""end"": 1164}, {""id"": ""ent_16"", ""value"": ""analgesics"", ""preferred_name"": ""Analgesic"", ""cui"": ""373265006"", ""category"": ""substance"", ""negated"": false, ""subject"": ""Patient"", ""start"": 1239, ""end"": 1249}, {""id"": ""ent_17"", ""value"": ""fatigue"", ""preferred_name"": ""Fatigue"", ""cui"": ""84229001"", ""category"": ""finding"", ""negated"": false, ""subject"": ""Patient"", ""start"": 1298, ""end"": 1305}]","[{""id"": ""abs_1"", ""value"": ""Mar 2025"", ""start"": 615, ""end"": 623}, {""id"": ""abs_2"", ""value"": ""08/05/25"", ""start"": 780, ""end"": 788}, {""id"": ""abs_3"", ""value"": ""Jun 2025"", ""start"": 1287, ""end"": 1295}]","[{""id"": ""rel_1"", ""value"": ""6 weeks"", ""start"": 505, ""end"": 512, ""pattern_type"": ""numeric_simple""}]"
10,69,"Phone note((18st Sep 2024)): improved.
EKG shows normal sinus rhythm without ST changes or conduction abnormalities.
The plan was discussed with the patient, who understands and agrees. switch to metformin

 Recommended lifestyle modifications including diet changes and regular exercise.URGENT REVIEW (29/09/24): excessive thirst. Assessment includes disorder of liver. rule out bipolar_disorder
 Past medical history is non-contributory.
The patient was counseled on lifestyle modifications. The patient's vital signs are stable.
Phone note((07 Oct'24)): fluctuating. Patient has a history of congenital malformation.
 Neurological exam within normal limits.The patient's vital signs are stable. GI: Bowel sounds present in all four quadrants. No hepatosplenomegaly. Assessment includes anxiety disorder.

She denies any nausea, vomiting, or diarrhea.EKG shows normal sinus rhythm without ST changes or conduction abnormalities. switch to insulin

F/U (11st Oct 2024): relapse.
Chest X-ray reveals clear lung fields without infiltrates or effusions. Skin: No rashes, lesions, or abnormal pigmentation. Good turgor and hydration.

Recommended lifestyle modifications including diet changes and regular exercise. Lungs clear to auscultation bilaterally. Follow-up appointment scheduled in 3 months.Liver function tests show mild elevation in ALT and AST, likely due to medication effect. unclear etiology, could be bronchitis vs lymphoma switch to insulin","[{""id"": ""ent_1"", ""value"": ""normal sinus rhythm"", ""preferred_name"": ""Normal sinus rhythm"", ""cui"": ""64730000"", ""category"": ""finding"", ""negated"": false, ""subject"": ""Patient"", ""start"": 49, ""end"": 68}, {""id"": ""ent_2"", ""value"": ""conduction abnormalities"", ""preferred_name"": ""Abnormal cardiac conduction"", ""cui"": ""36358004"", ""category"": ""finding"", ""negated"": false, ""subject"": ""Patient"", ""start"": 91, ""end"": 115}, {""id"": ""ent_3"", ""value"": ""metformin"", ""preferred_name"": ""Metformin"", ""cui"": ""372567009"", ""category"": ""substance"", ""negated"": false, ""subject"": ""Patient"", ""start"": 196, ""end"": 205}, {""id"": ""ent_4"", ""value"": ""lifestyle"", ""preferred_name"": ""Lifestyle"", ""cui"": ""134436002"", ""category"": ""finding"", ""negated"": false, ""subject"": ""Other"", ""start"": 220, ""end"": 229}, {""id"": ""ent_5"", ""value"": ""diet"", ""preferred_name"": ""Dietary finding"", ""cui"": ""41829006"", ""category"": ""finding"", ""negated"": false, ""subject"": ""Other"", ""start"": 254, ""end"": 258}, {""id"": ""ent_6"", ""value"": ""excessive thirst"", ""preferred_name"": ""Excessive thirst"", ""cui"": ""17173007"", ""category"": ""finding"", ""negated"": false, ""subject"": ""Patient"", ""start"": 314, ""end"": 330}, {""id"": ""ent_7"", ""value"": ""disorder of liver"", ""preferred_name"": ""Disorder of liver"", ""cui"": ""235856003"", ""category"": ""disorder"", ""negated"": false, ""subject"": ""Other"", ""start"": 352, ""end"": 369}, {""id"": ""ent_8"", ""value"": ""bipolar_disorder"", ""preferred_name"": ""Bipolar disorder"", ""cui"": ""13746004"", ""category"": ""disorder"", ""negated"": false, ""subject"": ""Other"", ""start"": 380, ""end"": 396}, {""id"": ""ent_9"", ""value"": ""lifestyle"", ""preferred_name"": ""Lifestyle"", ""cui"": ""134436002"", ""category"": ""finding"", ""negated"": false, ""subject"": ""Other"", ""start"": 469, ""end"": 478}, {""id"": ""ent_10"", ""value"": ""vital signs"", ""preferred_name"": ""Vital signs finding"", ""cui"": ""118227000"", ""category"": ""finding"", ""negated"": false, ""subject"": ""Patient"", ""start"": 508, ""end"": 519}, {""id"": ""ent_11"", ""value"": ""congenital malformation"", ""preferred_name"": ""Congenital malformation"", ""cui"": ""276654001"", ""category"": ""disorder"", ""negated"": false, ""subject"": ""Other"", ""start"": 595, ""end"": 618}, {""id"": ""ent_12"", ""value"": ""vital signs"", ""preferred_name"": ""Vital signs finding"", ""cui"": ""118227000"", ""category"": ""finding"", ""negated"": false, ""subject"": ""Patient"", ""start"": 674, ""end"": 685}, {""id"": ""ent_13"", ""value"": ""hepatosplenomegaly"", ""preferred_name"": ""Hepatosplenomegaly"", ""cui"": ""36760000"", ""category"": ""disorder"", ""negated"": false, ""subject"": ""Other"", ""start"": 749, ""end"": 767}, {""id"": ""ent_14"", ""value"": ""anxiety disorder"", ""preferred_name"": ""Anxiety disorder"", ""cui"": ""197480006"", ""category"": ""disorder"", ""negated"": false, ""subject"": ""Other"", ""start"": 789, ""end"": 805}, {""id"": ""ent_15"", ""value"": ""nausea, vomiting"", ""preferred_name"": ""Nausea and vomiting"", ""cui"": ""16932000"", ""category"": ""disorder"", ""negated"": false, ""subject"": ""Patient"", ""start"": 823, ""end"": 839}, {""id"": ""ent_16"", ""value"": ""diarrhea"", ""preferred_name"": ""Diarrhea"", ""cui"": ""62315008"", ""category"": ""finding"", ""negated"": false, ""subject"": ""Other"", ""start"": 844, ""end"": 852}, {""id"": ""ent_17"", ""value"": ""normal sinus rhythm"", ""preferred_name"": ""Normal sinus rhythm"", ""cui"": ""64730000"", ""category"": ""finding"", ""negated"": false, ""subject"": ""Patient"", ""start"": 863, ""end"": 882}, {""id"": ""ent_18"", ""value"": ""conduction abnormalities"", ""preferred_name"": ""Abnormal cardiac conduction"", ""cui"": ""36358004"", ""category"": ""finding"", ""negated"": false, ""subject"": ""Patient"", ""start"": 905, ""end"": 929}, {""id"": ""ent_19"", ""value"": ""insulin"", ""preferred_name"": ""Insulin"", ""cui"": ""67866001"", ""category"": ""substance"", ""negated"": false, ""subject"": ""Other"", ""start"": 941, ""end"": 948}, {""id"": ""ent_20"", ""value"": ""infiltrates"", ""preferred_name"": ""Radiologic infiltrate of lung"", ""cui"": ""409609008"", ""category"": ""disorder"", ""negated"": false, ""subject"": ""Other"", ""start"": 1026, ""end"": 1037}, {""id"": ""ent_21"", ""value"": ""effusions"", ""preferred_name"": ""Effusion"", ""cui"": ""430869004"", ""category"": ""substance"", ""negated"": false, ""subject"": ""Other"", ""start"": 1041, ""end"": 1050}, {""id"": ""ent_22"", ""value"": ""rashes"", ""preferred_name"": ""Eruption of skin"", ""cui"": ""271807003"", ""category"": ""disorder"", ""negated"": false, ""subject"": ""Other"", ""start"": 1061, ""end"": 1067}, {""id"": ""ent_23"", ""value"": ""lifestyle"", ""preferred_name"": ""Lifestyle"", ""cui"": ""134436002"", ""category"": ""finding"", ""negated"": false, ""subject"": ""Other"", ""start"": 1144, ""end"": 1153}, {""id"": ""ent_24"", ""value"": ""diet"", ""preferred_name"": ""Dietary finding"", ""cui"": ""41829006"", ""category"": ""finding"", ""negated"": false, ""subject"": ""Other"", ""start"": 1178, ""end"": 1182}, {""id"": ""ent_25"", ""value"": ""bronchitis"", ""preferred_name"": ""Bronchitis"", ""cui"": ""32398004"", ""category"": ""disorder"", ""negated"": false, ""subject"": ""Other"", ""start"": 1415, ""end"": 1425}, {""id"": ""ent_26"", ""value"": ""lymphoma"", ""preferred_name"": ""Malignant lymphoma"", ""cui"": ""118600007"", ""category"": ""disorder"", ""negated"": false, ""subject"": ""Other"", ""start"": 1429, ""end"": 1437}, {""id"": ""ent_27"", ""value"": ""insulin"", ""preferred_name"": ""Insulin"", ""cui"": ""67866001"", ""category"": ""substance"", ""negated"": false, ""subject"": ""Other"", ""start"": 1448, ""end"": 1455}]","[{""id"": ""abs_1"", ""value"": ""Sep 2024"", ""start"": 17, ""end"": 25}, {""id"": ""abs_2"", ""value"": ""29/09/24"", ""start"": 303, ""end"": 311}, {""id"": ""abs_3"", ""value"": ""Oct 2024"", ""start"": 960, ""end"": 968}]","[{""id"": ""rel_1"", ""value"": ""3 months"", ""start"": 1286, ""end"": 1294, ""pattern_type"": ""numeric_simple""}]"
1,70,"Labs (24.06.24): elevated glucos No acute distress noted on examination. Lungs clear to auscultation bilaterally. Assessment includes hypertension. Patient reports occasional use of over-the-counter analgesics for pain management. Liver function tests show mild elevation in ALT and AST, likely due to medication effect. e.resolving depression

No acute distress noted on examination.
F/U (11-08-2024): remis The patient was counseled on lifestyle modifications. Respiratory: Clear to auscultation bilaterally. No wheezes, rales, or rhonchi. The patient was counseled on lifestyle modifications.
GI: Bowel sounds present in all four quadrants. No hepatosplenomegaly. Noted asthma in medical history. The plan was discussed with the patient, who understands and agrees.
The patient was counseled on lifestyle modifications. sion.resolving adrenal_insufficiency switch to prednisone
 Patient instructed to follow up with specialist for further evaluation.
 The plan was discussed with the patient, who understands and agrees.Labs (28/09/24): low TSH.likely prolactinoma
 Current medications include: lisinopril 10mg daily, metformin 500mg twice daily, and atorvastatin 20mg at bedtime.
CLINIC VISIT (06.11.24): excessive thirst relapse new dx of pituitary_adenoma refer to Internal Medicine

CLINIC VISIT (05rd Jan 2025): cough remission consistent with pituitary_adenoma admit to hospital","[{""id"": ""ent_1"", ""value"": ""hypertension"", ""preferred_name"": ""Hypertensive disorder, systemic arterial"", ""cui"": ""38341003"", ""category"": ""disorder"", ""negated"": false, ""subject"": ""Patient"", ""start"": 134, ""end"": 146}, {""id"": ""ent_2"", ""value"": ""analgesics"", ""preferred_name"": ""Analgesic"", ""cui"": ""373265006"", ""category"": ""substance"", ""negated"": false, ""subject"": ""Patient"", ""start"": 199, ""end"": 209}, {""id"": ""ent_3"", ""value"": ""depression"", ""preferred_name"": ""Depressive disorder"", ""cui"": ""35489007"", ""category"": ""disorder"", ""negated"": false, ""subject"": ""Patient"", ""start"": 333, ""end"": 343}, {""id"": ""ent_4"", ""value"": ""wheezes"", ""preferred_name"": ""Wheezing"", ""cui"": ""56018004"", ""category"": ""finding"", ""negated"": false, ""subject"": ""Patient"", ""start"": 514, ""end"": 521}, {""id"": ""ent_5"", ""value"": ""rales"", ""preferred_name"": ""Respiratory crackles"", ""cui"": ""48409008"", ""category"": ""finding"", ""negated"": false, ""subject"": ""Other"", ""start"": 523, ""end"": 528}, {""id"": ""ent_6"", ""value"": ""rhonchi"", ""preferred_name"": ""Wheeze - rhonchi"", ""cui"": ""24612001"", ""category"": ""finding"", ""negated"": false, ""subject"": ""Patient"", ""start"": 533, ""end"": 540}, {""id"": ""ent_7"", ""value"": ""lifestyle"", ""preferred_name"": ""Lifestyle"", ""cui"": ""134436002"", ""category"": ""finding"", ""negated"": false, ""subject"": ""Patient"", ""start"": 571, ""end"": 580}, {""id"": ""ent_8"", ""value"": ""hepatosplenomegaly"", ""preferred_name"": ""Hepatosplenomegaly"", ""cui"": ""36760000"", ""category"": ""disorder"", ""negated"": false, ""subject"": ""Patient"", ""start"": 647, ""end"": 665}, {""id"": ""ent_9"", ""value"": ""asthma"", ""preferred_name"": ""Asthma"", ""cui"": ""195967001"", ""category"": ""disorder"", ""negated"": false, ""subject"": ""Patient"", ""start"": 673, ""end"": 679}, {""id"": ""ent_10"", ""value"": ""lifestyle"", ""preferred_name"": ""Lifestyle"", ""cui"": ""134436002"", ""category"": ""finding"", ""negated"": false, ""subject"": ""Patient"", ""start"": 798, ""end"": 807}, {""id"": ""ent_11"", ""value"": ""prednisone"", ""preferred_name"": ""Prednisone"", ""cui"": ""116602009"", ""category"": ""substance"", ""negated"": false, ""subject"": ""Patient"", ""start"": 870, ""end"": 880}, {""id"": ""ent_12"", ""value"": ""lisinopril"", ""preferred_name"": ""Lisinopril"", ""cui"": ""386873009"", ""category"": ""substance"", ""negated"": false, ""subject"": ""Other"", ""start"": 1098, ""end"": 1108}, {""id"": ""ent_13"", ""value"": ""metformin"", ""preferred_name"": ""Metformin"", ""cui"": ""372567009"", ""category"": ""substance"", ""negated"": false, ""subject"": ""Other"", ""start"": 1121, ""end"": 1130}, {""id"": ""ent_14"", ""value"": ""atorvastatin"", ""preferred_name"": ""Atorvastatin"", ""cui"": ""373444002"", ""category"": ""substance"", ""negated"": false, ""subject"": ""Patient"", ""start"": 1154, ""end"": 1166}, {""id"": ""ent_15"", ""value"": ""excessive thirst"", ""preferred_name"": ""Excessive thirst"", ""cui"": ""17173007"", ""category"": ""finding"", ""negated"": false, ""subject"": ""Patient"", ""start"": 1209, ""end"": 1225}, {""id"": ""ent_16"", ""value"": ""pituitary_adenoma"", ""preferred_name"": ""Pituitary adenoma"", ""cui"": ""254956000"", ""category"": ""disorder"", ""negated"": false, ""subject"": ""Patient"", ""start"": 1244, ""end"": 1261}, {""id"": ""ent_17"", ""value"": ""cough"", ""preferred_name"": ""Cough"", ""cui"": ""49727002"", ""category"": ""finding"", ""negated"": false, ""subject"": ""Patient"", ""start"": 1320, ""end"": 1325}, {""id"": ""ent_18"", ""value"": ""pituitary_adenoma"", ""preferred_name"": ""Pituitary adenoma"", ""cui"": ""254956000"", ""category"": ""disorder"", ""negated"": false, ""subject"": ""Patient"", ""start"": 1352, ""end"": 1369}]","[{""id"": ""abs_1"", ""value"": ""11-08-2024"", ""start"": 390, ""end"": 400}, {""id"": ""abs_2"", ""value"": ""28/09/24"", ""start"": 1029, ""end"": 1037}, {""id"": ""abs_3"", ""value"": ""Jan 2025"", ""start"": 1309, ""end"": 1317}]",[]
2,71,"New pt((18nd Jun 2024)): pt presents w/ back pain. rule out anemia
 Recommended lifestyle modifications including diet changes and regular exercise.

No acute distress noted on examination.CLINIC VISIT (16.08.24): rash remission new diagnosis of ulcerative_colitis increase dose

 A review of systems was otherwise negative.Internal Medicine CONSULT (08th Sep 2024): resolving asthma schedule PET scan

Respiratory: Clear to auscultation bilaterally. No wheezes, rales, or rhonchi.
F/U (27 Sep 2024): reso Complete blood count shows WBC 7.2, Hgb 13.5, Plt 250. Basic metabolic panel within normal limits with sodium 140, potassium 4.2, creatinine 0.9. Abdomen: Soft, non-tender, non-distended.
HEENT: Normocephalic, atraumatic. Pupils equal, round, and reactive to light. Patient instructed to follow up with specialist for further evaluation.

Referral placed for physical therapy twice weekly for 6 weeks.Lymphatic: No cervical, axillary, or inguinal lymphadenopathy. Heart: Regular rate and rhythm, no murmurs. lved. The patient was advised to return if symptoms worsen. The patient's vital signs are stable. consistent w/ migraine taper medication

 Cardiovascular: Regular rate and rhythm. No murmurs, rubs, or gallops. Normal S1 and S2.Phone note((01.11.24)): improved. neoplasm of pituitary gland was discussed. Assessment includes cyst. increase dose","[{""id"": ""ent_1"", ""value"": ""back pain"", ""preferred_name"": ""Backache"", ""cui"": ""161891005"", ""category"": ""finding"", ""negated"": false, ""subject"": ""Patient"", ""start"": 40, ""end"": 49}, {""id"": ""ent_2"", ""value"": ""anemia"", ""preferred_name"": ""Anemia"", ""cui"": ""271737000"", ""category"": ""disorder"", ""negated"": false, ""subject"": ""Patient"", ""start"": 60, ""end"": 66}, {""id"": ""ent_3"", ""value"": ""lifestyle"", ""preferred_name"": ""Lifestyle"", ""cui"": ""134436002"", ""category"": ""finding"", ""negated"": false, ""subject"": ""Patient"", ""start"": 80, ""end"": 89}, {""id"": ""ent_4"", ""value"": ""diet"", ""preferred_name"": ""Dietary finding"", ""cui"": ""41829006"", ""category"": ""finding"", ""negated"": false, ""subject"": ""Patient"", ""start"": 114, ""end"": 118}, {""id"": ""ent_5"", ""value"": ""rash"", ""preferred_name"": ""Eruption of skin"", ""cui"": ""271807003"", ""category"": ""disorder"", ""negated"": false, ""subject"": ""Patient"", ""start"": 214, ""end"": 218}, {""id"": ""ent_6"", ""value"": ""ulcerative_colitis"", ""preferred_name"": ""Ulcerative colitis"", ""cui"": ""64766004"", ""category"": ""disorder"", ""negated"": false, ""subject"": ""Patient"", ""start"": 246, ""end"": 264}, {""id"": ""ent_7"", ""value"": ""asthma"", ""preferred_name"": ""Asthma"", ""cui"": ""195967001"", ""category"": ""disorder"", ""negated"": false, ""subject"": ""Patient"", ""start"": 377, ""end"": 383}, {""id"": ""ent_8"", ""value"": ""wheezes"", ""preferred_name"": ""Wheezing"", ""cui"": ""56018004"", ""category"": ""finding"", ""negated"": false, ""subject"": ""Patient"", ""start"": 454, ""end"": 461}, {""id"": ""ent_9"", ""value"": ""rales"", ""preferred_name"": ""Respiratory crackles"", ""cui"": ""48409008"", ""category"": ""finding"", ""negated"": false, ""subject"": ""Other"", ""start"": 463, ""end"": 468}, {""id"": ""ent_10"", ""value"": ""rhonchi"", ""preferred_name"": ""Wheeze - rhonchi"", ""cui"": ""24612001"", ""category"": ""finding"", ""negated"": false, ""subject"": ""Other"", ""start"": 473, ""end"": 480}, {""id"": ""ent_11"", ""value"": ""inguinal lymphadenopathy"", ""preferred_name"": ""Inguinal lymphadenopathy"", ""cui"": ""127199000"", ""category"": ""disorder"", ""negated"": false, ""subject"": ""Patient"", ""start"": 944, ""end"": 968}, {""id"": ""ent_12"", ""value"": ""murmurs"", ""preferred_name"": ""Murmur"", ""cui"": ""414786004"", ""category"": ""finding"", ""negated"": false, ""subject"": ""Patient"", ""start"": 1005, ""end"": 1012}, {""id"": ""ent_13"", ""value"": ""vital signs"", ""preferred_name"": ""Vital signs finding"", ""cui"": ""118227000"", ""category"": ""finding"", ""negated"": false, ""subject"": ""Other"", ""start"": 1088, ""end"": 1099}, {""id"": ""ent_14"", ""value"": ""migraine"", ""preferred_name"": ""Migraine"", ""cui"": ""37796009"", ""category"": ""disorder"", ""negated"": false, ""subject"": ""Other"", ""start"": 1126, ""end"": 1134}, {""id"": ""ent_15"", ""value"": ""murmurs"", ""preferred_name"": ""Murmur"", ""cui"": ""414786004"", ""category"": ""finding"", ""negated"": false, ""subject"": ""Patient"", ""start"": 1198, ""end"": 1205}, {""id"": ""ent_16"", ""value"": ""rubs"", ""preferred_name"": ""Pericardial friction rub"", ""cui"": ""7036007"", ""category"": ""finding"", ""negated"": false, ""subject"": ""Other"", ""start"": 1207, ""end"": 1211}, {""id"": ""ent_17"", ""value"": ""neoplasm of pituitary gland"", ""preferred_name"": ""Neoplasm of pituitary gland"", ""cui"": ""127024001"", ""category"": ""disorder"", ""negated"": false, ""subject"": ""Patient"", ""start"": 1276, ""end"": 1303}, {""id"": ""ent_18"", ""value"": ""cyst"", ""preferred_name"": ""Cyst"", ""cui"": ""441457006"", ""category"": ""disorder"", ""negated"": false, ""subject"": ""Patient"", ""start"": 1339, ""end"": 1343}]","[{""id"": ""abs_1"", ""value"": ""Jun 2024"", ""start"": 13, ""end"": 21}, {""id"": ""abs_2"", ""value"": ""Sep 2024"", ""start"": 356, ""end"": 364}, {""id"": ""abs_3"", ""value"": ""Sep 2024"", ""start"": 490, ""end"": 498}]","[{""id"": ""rel_1"", ""value"": ""6 weeks"", ""start"": 899, ""end"": 906, ""pattern_type"": ""numeric_simple""}]"
3,72,"PET scan (03-07-2024): reveals prolactinoma.imp: prolactinoma[.dx]

Liver function tests show mild elevation in ALT and AST, likely due to medication effect. Urinalysis negative for blood, protein, and leukocyte esterase. Musculoskeletal: Full range of motion in all extremities. CT scan of the head shows no acute intracranial abnormalities. No edema or deformity noted.

Liver function tests show mild elevation in ALT and AST, likely due to medication effect.URGENT REVIEW (17.07.24;): mood changes.confirmed hypothyroidism

CLINIC VISI T (02 Aug 2024):  Recommended lifestyle modifications including diet changes and regular exercise. CT scan of the head shows no acute intracranial abnormalities. Patient was instructed on proper medication administration techniques. Current medications include: lisinopril 10mg daily, metformin 500mg twice daily, and atorvastatin 20mg at bedtime. excessive thirst improved unclear etiology, could be lymphoma vs tension_headache observe.and reassess
 Respiratory: Clear to auscultation bilaterally. No wheezes, rales, or rhonchi.

Patient instructed to follow up with specialist for further evaluation.F/U (03rd .Aug 2024): resolved.likely anxiety increase dose

Complete blood count shows WBC 7.2, Hgb 13.5, Plt 250.
Phone note((12/08/2024)): slightly improved.observe and reassess","[{""id"": ""ent_1"", ""value"": ""Musculoskeletal"", ""preferred_name"": ""Musculoskeletal finding"", ""cui"": ""106028002"", ""category"": ""finding"", ""negated"": false, ""subject"": ""Patient"", ""start"": 222, ""end"": 237}, {""id"": ""ent_2"", ""value"": ""deformity"", ""preferred_name"": ""Deformity"", ""cui"": ""417893002"", ""category"": ""finding"", ""negated"": false, ""subject"": ""Other"", ""start"": 355, ""end"": 364}, {""id"": ""ent_3"", ""value"": ""mood changes"", ""preferred_name"": ""Mood swings"", ""cui"": ""18963009"", ""category"": ""finding"", ""negated"": false, ""subject"": ""Patient"", ""start"": 489, ""end"": 501}, {""id"": ""ent_4"", ""value"": ""hypothyroidism"", ""preferred_name"": ""Hypothyroidism"", ""cui"": ""40930008"", ""category"": ""disorder"", ""negated"": false, ""subject"": ""Other"", ""start"": 512, ""end"": 526}, {""id"": ""ent_5"", ""value"": ""lifestyle"", ""preferred_name"": ""Lifestyle"", ""cui"": ""134436002"", ""category"": ""finding"", ""negated"": false, ""subject"": ""Other"", ""start"": 570, ""end"": 579}, {""id"": ""ent_6"", ""value"": ""diet"", ""preferred_name"": ""Dietary finding"", ""cui"": ""41829006"", ""category"": ""finding"", ""negated"": false, ""subject"": ""Other"", ""start"": 604, ""end"": 608}, {""id"": ""ent_7"", ""value"": ""lisinopril"", ""preferred_name"": ""Lisinopril"", ""cui"": ""386873009"", ""category"": ""substance"", ""negated"": false, ""subject"": ""Patient"", ""start"": 802, ""end"": 812}, {""id"": ""ent_8"", ""value"": ""metformin"", ""preferred_name"": ""Metformin"", ""cui"": ""372567009"", ""category"": ""substance"", ""negated"": false, ""subject"": ""Patient"", ""start"": 825, ""end"": 834}, {""id"": ""ent_9"", ""value"": ""atorvastatin"", ""preferred_name"": ""Atorvastatin"", ""cui"": ""373444002"", ""category"": ""substance"", ""negated"": false, ""subject"": ""Other"", ""start"": 858, ""end"": 870}, {""id"": ""ent_10"", ""value"": ""excessive thirst"", ""preferred_name"": ""Excessive thirst"", ""cui"": ""17173007"", ""category"": ""finding"", ""negated"": false, ""subject"": ""Other"", ""start"": 888, ""end"": 904}, {""id"": ""ent_11"", ""value"": ""lymphoma"", ""preferred_name"": ""Malignant lymphoma"", ""cui"": ""118600007"", ""category"": ""disorder"", ""negated"": false, ""subject"": ""Other"", ""start"": 941, ""end"": 949}, {""id"": ""ent_12"", ""value"": ""tension_headache"", ""preferred_name"": ""Tension-type headache"", ""cui"": ""398057008"", ""category"": ""disorder"", ""negated"": false, ""subject"": ""Other"", ""start"": 953, ""end"": 969}, {""id"": ""ent_13"", ""value"": ""wheezes"", ""preferred_name"": ""Wheezing"", ""cui"": ""56018004"", ""category"": ""finding"", ""negated"": false, ""subject"": ""Other"", ""start"": 1043, ""end"": 1050}, {""id"": ""ent_14"", ""value"": ""rales"", ""preferred_name"": ""Respiratory crackles"", ""cui"": ""48409008"", ""category"": ""finding"", ""negated"": false, ""subject"": ""Patient"", ""start"": 1052, ""end"": 1057}, {""id"": ""ent_15"", ""value"": ""rhonchi"", ""preferred_name"": ""Wheeze - rhonchi"", ""cui"": ""24612001"", ""category"": ""finding"", ""negated"": false, ""subject"": ""Other"", ""start"": 1062, ""end"": 1069}, {""id"": ""ent_16"", ""value"": ""anxiety"", ""preferred_name"": ""Anxiety"", ""cui"": ""48694002"", ""category"": ""finding"", ""negated"": false, ""subject"": ""Other"", ""start"": 1181, ""end"": 1188}]","[{""id"": ""abs_1"", ""value"": ""03-07-2024"", ""start"": 10, ""end"": 20}, {""id"": ""abs_2"", ""value"": ""Aug 2024"", ""start"": 546, ""end"": 554}, {""id"": ""abs_3"", ""value"": ""Aug 2024"", ""start"": 1154, ""end"": 1162}, {""id"": ""abs_4"", ""value"": ""12/08/2024"", ""start"": 1271, ""end"": 1281}]",[]
4,73,"CLINIC VISIT (05/07/24): e MRI of the brain demonstrates age-appropriate atrophy without evidence of mass or stroke. Lungs clear to auscultation bilaterally. Psychiatric: Alert and oriented x3. Mood and affect appropriate. xcessive thirst improved rule out asthma schedule CT
 Labs from this morning were unremarkable.
F/U (27.08.24): prog The patient was advised to return if symptoms worsen. Medication dosages were adjusted based on recent laboratory findings. Patient reports occasional use of over-the-counter analgesics for pain management.
Medication dosages were adjusted based on recent laboratory findings. ressive.
Heart: Regular rate and rhythm, no murmurs. likely leukemia f/u in 1 week


Respiratory: Clear to auscultation bilaterally. No wheezes, rales, or rhonchi.Patient was instructed on proper medication administration techniques.

No acute distress noted on examination.F/U (31st Aug 2024): resolved. confirmed diabetes_mellitus increase dose

X-ray (28nd Oct 2024): reveals rheumatoid_arthritis. imp: rheumatoid_arthritis

 Current medications include: lisinopril 10mg daily, metformin 500mg twice daily, and atorvastatin 20mg at bedtime.URGENT REVIEW (18nd Dec 2024): fatigue. Medication dosages were adjusted based on recent laboratory findings. Patient has a history of pneumocephalus. new dx of schizophrenia","[{""id"": ""ent_1"", ""value"": ""xcessive thirst"", ""preferred_name"": ""Excessive thirst"", ""cui"": ""17173007"", ""category"": ""finding"", ""negated"": false, ""subject"": ""Other"", ""start"": 223, ""end"": 238}, {""id"": ""ent_2"", ""value"": ""asthma"", ""preferred_name"": ""Asthma"", ""cui"": ""195967001"", ""category"": ""disorder"", ""negated"": false, ""subject"": ""Other"", ""start"": 257, ""end"": 263}, {""id"": ""ent_3"", ""value"": ""analgesics"", ""preferred_name"": ""Analgesic"", ""cui"": ""373265006"", ""category"": ""substance"", ""negated"": false, ""subject"": ""Other"", ""start"": 515, ""end"": 525}, {""id"": ""ent_4"", ""value"": ""murmurs"", ""preferred_name"": ""Murmur"", ""cui"": ""414786004"", ""category"": ""finding"", ""negated"": false, ""subject"": ""Other"", ""start"": 661, ""end"": 668}, {""id"": ""ent_5"", ""value"": ""wheezes"", ""preferred_name"": ""Wheezing"", ""cui"": ""56018004"", ""category"": ""finding"", ""negated"": false, ""subject"": ""Other"", ""start"": 753, ""end"": 760}, {""id"": ""ent_6"", ""value"": ""rales"", ""preferred_name"": ""Respiratory crackles"", ""cui"": ""48409008"", ""category"": ""finding"", ""negated"": false, ""subject"": ""Other"", ""start"": 762, ""end"": 767}, {""id"": ""ent_7"", ""value"": ""rhonchi"", ""preferred_name"": ""Wheeze - rhonchi"", ""cui"": ""24612001"", ""category"": ""finding"", ""negated"": false, ""subject"": ""Other"", ""start"": 772, ""end"": 779}, {""id"": ""ent_8"", ""value"": ""diabetes_mellitus"", ""preferred_name"": ""Diabetes mellitus"", ""cui"": ""73211009"", ""category"": ""disorder"", ""negated"": false, ""subject"": ""Other"", ""start"": 932, ""end"": 949}, {""id"": ""ent_9"", ""value"": ""rheumatoid_arthritis"", ""preferred_name"": ""Rheumatoid arthritis"", ""cui"": ""69896004"", ""category"": ""disorder"", ""negated"": false, ""subject"": ""Other"", ""start"": 996, ""end"": 1016}, {""id"": ""ent_10"", ""value"": ""rheumatoid_arthritis"", ""preferred_name"": ""Rheumatoid arthritis"", ""cui"": ""69896004"", ""category"": ""disorder"", ""negated"": false, ""subject"": ""Other"", ""start"": 1023, ""end"": 1043}, {""id"": ""ent_11"", ""value"": ""lisinopril"", ""preferred_name"": ""Lisinopril"", ""cui"": ""386873009"", ""category"": ""substance"", ""negated"": false, ""subject"": ""Other"", ""start"": 1075, ""end"": 1085}, {""id"": ""ent_12"", ""value"": ""metformin"", ""preferred_name"": ""Metformin"", ""cui"": ""372567009"", ""category"": ""substance"", ""negated"": false, ""subject"": ""Other"", ""start"": 1098, ""end"": 1107}, {""id"": ""ent_13"", ""value"": ""atorvastatin"", ""preferred_name"": ""Atorvastatin"", ""cui"": ""373444002"", ""category"": ""substance"", ""negated"": false, ""subject"": ""Other"", ""start"": 1131, ""end"": 1143}, {""id"": ""ent_14"", ""value"": ""fatigue"", ""preferred_name"": ""Fatigue"", ""cui"": ""84229001"", ""category"": ""finding"", ""negated"": false, ""subject"": ""Patient"", ""start"": 1191, ""end"": 1198}, {""id"": ""ent_15"", ""value"": ""pneumocephalus"", ""preferred_name"": ""Pneumocephalus"", ""cui"": ""14415006"", ""category"": ""disorder"", ""negated"": false, ""subject"": ""Other"", ""start"": 1295, ""end"": 1309}, {""id"": ""ent_16"", ""value"": ""schizophrenia"", ""preferred_name"": ""Schizophrenia"", ""cui"": ""58214004"", ""category"": ""disorder"", ""negated"": false, ""subject"": ""Other"", ""start"": 1321, ""end"": 1334}]","[{""id"": ""abs_1"", ""value"": ""05/07/24"", ""start"": 14, ""end"": 22}, {""id"": ""abs_2"", ""value"": ""Aug 2024"", ""start"": 901, ""end"": 909}, {""id"": ""abs_3"", ""value"": ""Oct 2024"", ""start"": 977, ""end"": 985}, {""id"": ""abs_4"", ""value"": ""Dec 2024"", ""start"": 1180, ""end"": 1188}]","[{""id"": ""rel_1"", ""value"": ""this morning"", ""start"": 287, ""end"": 299, ""pattern_type"": ""part_of_day""}, {""id"": ""rel_2"", ""value"": ""1 week"", ""start"": 693, ""end"": 699, ""pattern_type"": ""numeric_simple""}]"
5,74,"CLINIC VISIT (17nd Sep 2024): weight loss worsening suspect epilepsy switch to topiramate
 Basic metabolic panel within normal limits with sodium 140, potassium 4.2, creatinine 0.9.
Evaluation((18-10-2024)): pt presents with insomnia Patient advised to maintain a symptom diary for review at next appointment. Patient is afebrile with normal vital signs. He denies any fever, chills, or night sweats. EKG shows normal sinus rhythm without ST changes or conduction abnormalities. No known drug allergies or adverse reactions reported. .
GI: Bowel sounds present in all four quadrants. disorder of optic nerve was discussed. Assessment includes congenital malformation. No hepatosplenomegaly. consistent with bipolar_disorder
 Cardiovascular: Regular rate and rhythm. GI: Bowel sounds present in all four quadrants. No hepatosplenomegaly. No murmurs, rubs, or gallops.
Liver function tests show mild elevation in ALT and AST, likely due to medication effect.
Current medications include: lisinopril 10mg daily, metformin 500mg twice daily, and atorvastatin 20mg at bedtime. Referral placed for physical therapy twice weekly for 6 weeks. Normal S1 and S2. Recommended lifestyle modifications including diet changes and regular exercise.
CLINIC VISIT (2024-11-26): mood changes worsening suspect prolactinoma refer to Oncology

Imaging studies were reviewed with the patient.
CLINIC VISIT (2024-12-02): rash relapse likely multiple_sclerosis observe and reassess","[{""id"": ""ent_1"", ""value"": ""weight loss"", ""preferred_name"": ""Weight loss"", ""cui"": ""89362005"", ""category"": ""finding"", ""negated"": false, ""subject"": ""Patient"", ""start"": 30, ""end"": 41}, {""id"": ""ent_2"", ""value"": ""epilepsy"", ""preferred_name"": ""Epilepsy"", ""cui"": ""84757009"", ""category"": ""disorder"", ""negated"": false, ""subject"": ""Other"", ""start"": 60, ""end"": 68}, {""id"": ""ent_3"", ""value"": ""topiramate"", ""preferred_name"": ""Topiramate"", ""cui"": ""386844006"", ""category"": ""substance"", ""negated"": false, ""subject"": ""Other"", ""start"": 79, ""end"": 89}, {""id"": ""ent_4"", ""value"": ""next appointment"", ""preferred_name"": ""Next appointment"", ""cui"": ""390840006"", ""category"": ""finding"", ""negated"": false, ""subject"": ""Other"", ""start"": 292, ""end"": 308}, {""id"": ""ent_5"", ""value"": ""normal vital signs"", ""preferred_name"": ""Normal vital signs"", ""cui"": ""72970002"", ""category"": ""finding"", ""negated"": false, ""subject"": ""Other"", ""start"": 335, ""end"": 353}, {""id"": ""ent_6"", ""value"": ""fever, chills"", ""preferred_name"": ""Fever with chills"", ""cui"": ""274640006"", ""category"": ""finding"", ""negated"": false, ""subject"": ""Patient"", ""start"": 369, ""end"": 382}, {""id"": ""ent_7"", ""value"": ""night sweats"", ""preferred_name"": ""Night sweats"", ""cui"": ""42984000"", ""category"": ""finding"", ""negated"": false, ""subject"": ""Other"", ""start"": 387, ""end"": 399}, {""id"": ""ent_8"", ""value"": ""normal sinus rhythm"", ""preferred_name"": ""Normal sinus rhythm"", ""cui"": ""64730000"", ""category"": ""finding"", ""negated"": false, ""subject"": ""Other"", ""start"": 411, ""end"": 430}, {""id"": ""ent_9"", ""value"": ""conduction abnormalities"", ""preferred_name"": ""Abnormal cardiac conduction"", ""cui"": ""36358004"", ""category"": ""finding"", ""negated"": false, ""subject"": ""Other"", ""start"": 453, ""end"": 477}, {""id"": ""ent_10"", ""value"": ""adverse reactions"", ""preferred_name"": ""Adverse reaction"", ""cui"": ""281647001"", ""category"": ""disorder"", ""negated"": false, ""subject"": ""Other"", ""start"": 506, ""end"": 523}, {""id"": ""ent_11"", ""value"": ""disorder of optic nerve"", ""preferred_name"": ""Disorder of optic nerve"", ""cui"": ""77157004"", ""category"": ""disorder"", ""negated"": false, ""subject"": ""Patient"", ""start"": 584, ""end"": 607}, {""id"": ""ent_12"", ""value"": ""congenital malformation"", ""preferred_name"": ""Congenital malformation"", ""cui"": ""276654001"", ""category"": ""disorder"", ""negated"": false, ""subject"": ""Other"", ""start"": 643, ""end"": 666}, {""id"": ""ent_13"", ""value"": ""hepatosplenomegaly"", ""preferred_name"": ""Hepatosplenomegaly"", ""cui"": ""36760000"", ""category"": ""disorder"", ""negated"": false, ""subject"": ""Other"", ""start"": 671, ""end"": 689}, {""id"": ""ent_14"", ""value"": ""disorder\n Cardiovascular"", ""preferred_name"": ""Disorder of cardiovascular system"", ""cui"": ""49601007"", ""category"": ""disorder"", ""negated"": false, ""subject"": ""Other"", ""start"": 715, ""end"": 739}, {""id"": ""ent_15"", ""value"": ""hepatosplenomegaly"", ""preferred_name"": ""Hepatosplenomegaly"", ""cui"": ""36760000"", ""category"": ""disorder"", ""negated"": false, ""subject"": ""Other"", ""start"": 817, ""end"": 835}, {""id"": ""ent_16"", ""value"": ""murmurs"", ""preferred_name"": ""Murmur"", ""cui"": ""414786004"", ""category"": ""finding"", ""negated"": false, ""subject"": ""Other"", ""start"": 840, ""end"": 847}, {""id"": ""ent_17"", ""value"": ""rubs"", ""preferred_name"": ""Pericardial friction rub"", ""cui"": ""7036007"", ""category"": ""finding"", ""negated"": false, ""subject"": ""Other"", ""start"": 849, ""end"": 853}, {""id"": ""ent_18"", ""value"": ""lisinopril"", ""preferred_name"": ""Lisinopril"", ""cui"": ""386873009"", ""category"": ""substance"", ""negated"": false, ""subject"": ""Other"", ""start"": 986, ""end"": 996}, {""id"": ""ent_19"", ""value"": ""metformin"", ""preferred_name"": ""Metformin"", ""cui"": ""372567009"", ""category"": ""substance"", ""negated"": false, ""subject"": ""Other"", ""start"": 1009, ""end"": 1018}, {""id"": ""ent_20"", ""value"": ""atorvastatin"", ""preferred_name"": ""Atorvastatin"", ""cui"": ""373444002"", ""category"": ""substance"", ""negated"": false, ""subject"": ""Other"", ""start"": 1042, ""end"": 1054}, {""id"": ""ent_21"", ""value"": ""lifestyle"", ""preferred_name"": ""Lifestyle"", ""cui"": ""134436002"", ""category"": ""finding"", ""negated"": false, ""subject"": ""Other"", ""start"": 1165, ""end"": 1174}, {""id"": ""ent_22"", ""value"": ""diet"", ""preferred_name"": ""Dietary finding"", ""cui"": ""41829006"", ""category"": ""finding"", ""negated"": false, ""subject"": ""Other"", ""start"": 1199, ""end"": 1203}, {""id"": ""ent_23"", ""value"": ""mood changes"", ""preferred_name"": ""Mood swings"", ""cui"": ""18963009"", ""category"": ""finding"", ""negated"": false, ""subject"": ""Patient"", ""start"": 1261, ""end"": 1273}, {""id"": ""ent_24"", ""value"": ""rash"", ""preferred_name"": ""Eruption of skin"", ""cui"": ""271807003"", ""category"": ""disorder"", ""negated"": false, ""subject"": ""Patient"", ""start"": 1399, ""end"": 1403}, {""id"": ""ent_25"", ""value"": ""multiple_sclerosis"", ""preferred_name"": ""Multiple sclerosis"", ""cui"": ""24700007"", ""category"": ""disorder"", ""negated"": false, ""subject"": ""Other"", ""start"": 1419, ""end"": 1437}]","[{""id"": ""abs_1"", ""value"": ""Sep 2024"", ""start"": 19, ""end"": 27}, {""id"": ""abs_2"", ""value"": ""18-10-2024"", ""start"": 194, ""end"": 204}, {""id"": ""abs_3"", ""value"": ""2024-11"", ""start"": 1248, ""end"": 1255}, {""id"": ""abs_4"", ""value"": ""2024-12"", ""start"": 1386, ""end"": 1393}]","[{""id"": ""rel_1"", ""value"": ""6 weeks"", ""start"": 1120, ""end"": 1127, ""pattern_type"": ""numeric_simple""}]"
6,75,"Psychiatry CONSULT (10th Dec.2024): confirmed depression refer to Internal Medicine


Recommended lifestyle modifications including diet changes and regular exercise.Ultrasound (12nd Dec 2024): shows 1.5cm mass in liver.imp: Cushing's_syndrome

Labs (04-01-2025): low vitamin D.new dx of anxiety
 EKG shows normal sinus rhythm without ST changes or conduction abnormalities. Imaging studies were reviewed with the patient.
F/U (05/03/25): slightly improved.consistent with bronchitis admit to hospital
 Patient tolerated the procedure well.
F/U (03 Apr'25): remission.resolving bipolar_disorder switch to cabergoline

MRI (30/05/2025): no significant findings.imp: hypothyroidism[diagno;sis]

Labs (23rd Jul 2025): norm Psychiatric: Alert and oriented x3.
Cardiovascular: Regular rate and rhythm. No murmurs, rubs, or gallops. Normal S1 and S2. Mood and affect appropriate.
GI: Bowel sounds present in all four quadrants. No hepatosplenomegaly. A review of systems was otherwise negative. Abdomen: Soft, non-tender, non-distended. Recommended lifestyle modifications including diet changes and regular exercise.
 He denies any fever, chills, or night sweats.HEENT: Normocephalic, atraumatic. Pupils equal, round, and reactive to light. CT scan of the head shows no acute intracranial abnormalities. al chemistry panel.likely GERD","[{""id"": ""ent_1"", ""value"": ""lifestyle"", ""preferred_name"": ""Lifestyle"", ""cui"": ""134436002"", ""category"": ""finding"", ""negated"": false, ""subject"": ""Other"", ""start"": 98, ""end"": 107}, {""id"": ""ent_2"", ""value"": ""diet"", ""preferred_name"": ""Dietary finding"", ""cui"": ""41829006"", ""category"": ""finding"", ""negated"": false, ""subject"": ""Other"", ""start"": 132, ""end"": 136}, {""id"": ""ent_3"", ""value"": ""Cushing's_syndrome"", ""preferred_name"": ""Hypercortisolism"", ""cui"": ""47270006"", ""category"": ""disorder"", ""negated"": false, ""subject"": ""Other"", ""start"": 225, ""end"": 243}, {""id"": ""ent_4"", ""value"": ""vitamin D"", ""preferred_name"": ""Vitamin D"", ""cui"": ""30178006"", ""category"": ""substance"", ""negated"": false, ""subject"": ""Other"", ""start"": 268, ""end"": 277}, {""id"": ""ent_5"", ""value"": ""anxiety"", ""preferred_name"": ""Anxiety"", ""cui"": ""48694002"", ""category"": ""finding"", ""negated"": false, ""subject"": ""Other"", ""start"": 288, ""end"": 295}, {""id"": ""ent_6"", ""value"": ""normal sinus rhythm"", ""preferred_name"": ""Normal sinus rhythm"", ""cui"": ""64730000"", ""category"": ""finding"", ""negated"": false, ""subject"": ""Other"", ""start"": 307, ""end"": 326}, {""id"": ""ent_7"", ""value"": ""conduction abnormalities"", ""preferred_name"": ""Abnormal cardiac conduction"", ""cui"": ""36358004"", ""category"": ""finding"", ""negated"": false, ""subject"": ""Other"", ""start"": 349, ""end"": 373}, {""id"": ""ent_8"", ""value"": ""bronchitis"", ""preferred_name"": ""Bronchitis"", ""cui"": ""32398004"", ""category"": ""disorder"", ""negated"": false, ""subject"": ""Other"", ""start"": 473, ""end"": 483}, {""id"": ""ent_9"", ""value"": ""bipolar_disorder"", ""preferred_name"": ""Bipolar disorder"", ""cui"": ""13746004"", ""category"": ""disorder"", ""negated"": false, ""subject"": ""Other"", ""start"": 578, ""end"": 594}, {""id"": ""ent_10"", ""value"": ""cabergoline"", ""preferred_name"": ""Cabergoline"", ""cui"": ""386979007"", ""category"": ""substance"", ""negated"": false, ""subject"": ""Other"", ""start"": 605, ""end"": 616}, {""id"": ""ent_11"", ""value"": ""hypothyroidism"", ""preferred_name"": ""Hypothyroidism"", ""cui"": ""40930008"", ""category"": ""disorder"", ""negated"": false, ""subject"": ""Other"", ""start"": 665, ""end"": 679}, {""id"": ""ent_12"", ""value"": ""murmurs"", ""preferred_name"": ""Murmur"", ""cui"": ""414786004"", ""category"": ""finding"", ""negated"": false, ""subject"": ""Other"", ""start"": 800, ""end"": 807}, {""id"": ""ent_13"", ""value"": ""rubs"", ""preferred_name"": ""Pericardial friction rub"", ""cui"": ""7036007"", ""category"": ""finding"", ""negated"": false, ""subject"": ""Other"", ""start"": 809, ""end"": 813}, {""id"": ""ent_14"", ""value"": ""hepatosplenomegaly"", ""preferred_name"": ""Hepatosplenomegaly"", ""cui"": ""36760000"", ""category"": ""disorder"", ""negated"": false, ""subject"": ""Other"", ""start"": 925, ""end"": 943}, {""id"": ""ent_15"", ""value"": ""lifestyle"", ""preferred_name"": ""Lifestyle"", ""cui"": ""134436002"", ""category"": ""finding"", ""negated"": false, ""subject"": ""Other"", ""start"": 1043, ""end"": 1052}, {""id"": ""ent_16"", ""value"": ""diet"", ""preferred_name"": ""Dietary finding"", ""cui"": ""41829006"", ""category"": ""finding"", ""negated"": false, ""subject"": ""Other"", ""start"": 1077, ""end"": 1081}, {""id"": ""ent_17"", ""value"": ""fever, chills"", ""preferred_name"": ""Fever with chills"", ""cui"": ""274640006"", ""category"": ""finding"", ""negated"": false, ""subject"": ""Other"", ""start"": 1127, ""end"": 1140}, {""id"": ""ent_18"", ""value"": ""night sweats"", ""preferred_name"": ""Night sweats"", ""cui"": ""42984000"", ""category"": ""finding"", ""negated"": false, ""subject"": ""Other"", ""start"": 1145, ""end"": 1157}, {""id"": ""ent_19"", ""value"": ""GERD"", ""preferred_name"": ""Gastroesophageal reflux disease"", ""cui"": ""235595009"", ""category"": ""disorder"", ""negated"": false, ""subject"": ""Other"", ""start"": 1325, ""end"": 1329}]","[{""id"": ""abs_1"", ""value"": ""Dec 2024"", ""start"": 183, ""end"": 191}, {""id"": ""abs_2"", ""value"": ""04-01-2025"", ""start"": 251, ""end"": 261}, {""id"": ""abs_3"", ""value"": ""05/03/25"", ""start"": 428, ""end"": 436}, {""id"": ""abs_4"", ""value"": ""30/05/2025"", ""start"": 623, ""end"": 633}, {""id"": ""abs_5"", ""value"": ""Jul 2025"", ""start"": 704, ""end"": 712}]",[]
7,76,"F/U (27st Sep 2024): remission. unclear etiology, could be tension_headache vs diabetes_mellitus f/u in 6 months

Will continue current medication regimen and reassess in 3 months. Imaging studies were reviewed with the patient.
Labs (05/10/2024): low Current medications include: lisinopril 10mg daily, metformin 500mg twice daily, and atorvastatin 20mg at bedtime. Medications were reconciled during the visit. HEENT: Normocephalic, atraumatic. Pupils equal, round, and reactive to light.  vitamin D. new dx of ulcerative_colitis


Will continue current medication regimen and reassess in 3 months.Oncology CONSULT (21st Nov 2024): unclear etiology, could be prolactinoma vs hypothyroidism continue current medications

 Patient reports compliance with current medication regimen.F/U (29/11/2024): fluctuating. likely bipolar_disorder increase dose

Complete blood count shows WBC 7.2, Hgb 13.5, Plt 250.
F/U (17-01-2025): relapse. unclear etiology, could be hyperthyroidism vs COPD f/u in 3 months

Rheumatology CONSULT (23 Feb'25): resolvin Medication dosages were adjusted based on recent laboratory findings.
Complete blood count shows WBC 7.2, Hgb 13.5, Plt 250. The plan was discussed with the patient, who understands and agrees. g pneumonia increase dose","[{""id"": ""ent_1"", ""value"": ""tension_headache"", ""preferred_name"": ""Tension-type headache"", ""cui"": ""398057008"", ""category"": ""disorder"", ""negated"": false, ""subject"": ""Other"", ""start"": 59, ""end"": 75}, {""id"": ""ent_2"", ""value"": ""diabetes_mellitus"", ""preferred_name"": ""Diabetes mellitus"", ""cui"": ""73211009"", ""category"": ""disorder"", ""negated"": false, ""subject"": ""Other"", ""start"": 79, ""end"": 96}, {""id"": ""ent_3"", ""value"": ""lisinopril"", ""preferred_name"": ""Lisinopril"", ""cui"": ""386873009"", ""category"": ""substance"", ""negated"": false, ""subject"": ""Other"", ""start"": 281, ""end"": 291}, {""id"": ""ent_4"", ""value"": ""metformin"", ""preferred_name"": ""Metformin"", ""cui"": ""372567009"", ""category"": ""substance"", ""negated"": false, ""subject"": ""Other"", ""start"": 304, ""end"": 313}, {""id"": ""ent_5"", ""value"": ""atorvastatin"", ""preferred_name"": ""Atorvastatin"", ""cui"": ""373444002"", ""category"": ""substance"", ""negated"": false, ""subject"": ""Patient"", ""start"": 337, ""end"": 349}, {""id"": ""ent_6"", ""value"": ""vitamin D"", ""preferred_name"": ""Vitamin D"", ""cui"": ""30178006"", ""category"": ""substance"", ""negated"": false, ""subject"": ""Other"", ""start"": 492, ""end"": 501}, {""id"": ""ent_7"", ""value"": ""ulcerative_colitis"", ""preferred_name"": ""Ulcerative colitis"", ""cui"": ""64766004"", ""category"": ""disorder"", ""negated"": false, ""subject"": ""Other"", ""start"": 513, ""end"": 531}, {""id"": ""ent_8"", ""value"": ""hypothyroidism"", ""preferred_name"": ""Hypothyroidism"", ""cui"": ""40930008"", ""category"": ""disorder"", ""negated"": false, ""subject"": ""Other"", ""start"": 677, ""end"": 691}, {""id"": ""ent_9"", ""value"": ""bipolar_disorder"", ""preferred_name"": ""Bipolar disorder"", ""cui"": ""13746004"", ""category"": ""disorder"", ""negated"": false, ""subject"": ""Other"", ""start"": 820, ""end"": 836}, {""id"": ""ent_10"", ""value"": ""hyperthyroidism"", ""preferred_name"": ""Hyperthyroidism"", ""cui"": ""34486009"", ""category"": ""disorder"", ""negated"": false, ""subject"": ""Other"", ""start"": 961, ""end"": 976}, {""id"": ""ent_11"", ""value"": ""COPD"", ""preferred_name"": ""Chronic obstructive lung disease"", ""cui"": ""13645005"", ""category"": ""disorder"", ""negated"": false, ""subject"": ""Other"", ""start"": 980, ""end"": 984}]","[{""id"": ""abs_1"", ""value"": ""Sep 2024"", ""start"": 10, ""end"": 18}, {""id"": ""abs_2"", ""value"": ""05/10/2024"", ""start"": 235, ""end"": 245}, {""id"": ""abs_3"", ""value"": ""Nov 2024"", ""start"": 623, ""end"": 631}, {""id"": ""abs_4"", ""value"": ""29/11/2024"", ""start"": 787, ""end"": 797}, {""id"": ""abs_5"", ""value"": ""17-01-2025"", ""start"": 912, ""end"": 922}]","[{""id"": ""rel_1"", ""value"": ""6 months"", ""start"": 104, ""end"": 112, ""pattern_type"": ""numeric_simple""}, {""id"": ""rel_2"", ""value"": ""3 months"", ""start"": 171, ""end"": 179, ""pattern_type"": ""numeric_simple""}]"
8,77,"Labs (15/07/2024): elevated prolactin. new dx of hyperthyroidism

Lymphatic: No cervical, axillary, or inguinal lymphadenopathy. Noted sleep apnea in medical history. Patient reports compliance with current medication regimen.
Labs (07/08/24): nor Past medical history is non-contributory. He denies any fever, chills, or night sweats. The patient was advised to return if symptoms worsen. mal CBC.
Patient given educational materials regarding disease management. resolving ulcerative_colitis

HEENT: Normocephalic, atraumatic. Pupils equal, round, and reactive to light.
CT (07st Sep 2024): reveals hypertension. imp: hypertension

 Patient was instructed on proper medication administration techniques.
GI: Bowel sounds present in all four quadrants. No hepatosplenomegaly.Labs (11/09/2024): low vitamin The patient was counseled on lifestyle modifications. Liver function tests show mild elevation in ALT and AST, likely due to medication effect. Will continue current medication regimen and reassess in 3 months.  D. resolving bronchitis

CT (24-10-2024): reveals hypertension. imp: hypertension

 The plan was discussed with the patient, who understands and agrees.CLINIC VISIT (17/12/2024): dizziness improved rule out myeloma admit to hospital

URGENT REVIEW (29/01/25): mood changes. resolving hyperthyroidism","[{""id"": ""ent_1"", ""value"": ""prolactin"", ""preferred_name"": ""Prolactin"", ""cui"": ""70454002"", ""category"": ""substance"", ""negated"": false, ""subject"": ""Other"", ""start"": 28, ""end"": 37}, {""id"": ""ent_2"", ""value"": ""hyperthyroidism"", ""preferred_name"": ""Hyperthyroidism"", ""cui"": ""34486009"", ""category"": ""disorder"", ""negated"": false, ""subject"": ""Other"", ""start"": 49, ""end"": 64}, {""id"": ""ent_3"", ""value"": ""inguinal lymphadenopathy"", ""preferred_name"": ""Inguinal lymphadenopathy"", ""cui"": ""127199000"", ""category"": ""disorder"", ""negated"": false, ""subject"": ""Other"", ""start"": 103, ""end"": 127}, {""id"": ""ent_4"", ""value"": ""sleep apnea"", ""preferred_name"": ""Sleep apnea"", ""cui"": ""73430006"", ""category"": ""disorder"", ""negated"": false, ""subject"": ""Other"", ""start"": 135, ""end"": 146}, {""id"": ""ent_5"", ""value"": ""fever, chills"", ""preferred_name"": ""Fever with chills"", ""cui"": ""274640006"", ""category"": ""finding"", ""negated"": false, ""subject"": ""Patient"", ""start"": 304, ""end"": 317}, {""id"": ""ent_6"", ""value"": ""night sweats"", ""preferred_name"": ""Night sweats"", ""cui"": ""42984000"", ""category"": ""finding"", ""negated"": false, ""subject"": ""Other"", ""start"": 322, ""end"": 334}, {""id"": ""ent_7"", ""value"": ""materials"", ""preferred_name"": ""Material"", ""cui"": ""260769002"", ""category"": ""substance"", ""negated"": false, ""subject"": ""Other"", ""start"": 425, ""end"": 434}, {""id"": ""ent_8"", ""value"": ""ulcerative_colitis"", ""preferred_name"": ""Ulcerative colitis"", ""cui"": ""64766004"", ""category"": ""disorder"", ""negated"": false, ""subject"": ""Other"", ""start"": 475, ""end"": 493}, {""id"": ""ent_9"", ""value"": ""hypertension"", ""preferred_name"": ""Hypertensive disorder, systemic arterial"", ""cui"": ""38341003"", ""category"": ""disorder"", ""negated"": false, ""subject"": ""Patient"", ""start"": 601, ""end"": 613}, {""id"": ""ent_10"", ""value"": ""hypertension"", ""preferred_name"": ""Hypertensive disorder, systemic arterial"", ""cui"": ""38341003"", ""category"": ""disorder"", ""negated"": false, ""subject"": ""Other"", ""start"": 620, ""end"": 632}, {""id"": ""ent_11"", ""value"": ""hepatosplenomegaly"", ""preferred_name"": ""Hepatosplenomegaly"", ""cui"": ""36760000"", ""category"": ""disorder"", ""negated"": false, ""subject"": ""Other"", ""start"": 757, ""end"": 775}, {""id"": ""ent_12"", ""value"": ""vitamin"", ""preferred_name"": ""Vitamin"", ""cui"": ""87708000"", ""category"": ""substance"", ""negated"": false, ""subject"": ""Patient"", ""start"": 799, ""end"": 806}, {""id"": ""ent_13"", ""value"": ""lifestyle"", ""preferred_name"": ""Lifestyle"", ""cui"": ""134436002"", ""category"": ""finding"", ""negated"": false, ""subject"": ""Other"", ""start"": 836, ""end"": 845}, {""id"": ""ent_14"", ""value"": ""bronchitis"", ""preferred_name"": ""Bronchitis"", ""cui"": ""32398004"", ""category"": ""disorder"", ""negated"": false, ""subject"": ""Patient"", ""start"": 1032, ""end"": 1042}, {""id"": ""ent_15"", ""value"": ""hypertension"", ""preferred_name"": ""Hypertensive disorder, systemic arterial"", ""cui"": ""38341003"", ""category"": ""disorder"", ""negated"": false, ""subject"": ""Patient"", ""start"": 1069, ""end"": 1081}, {""id"": ""ent_16"", ""value"": ""hypertension"", ""preferred_name"": ""Hypertensive disorder, systemic arterial"", ""cui"": ""38341003"", ""category"": ""disorder"", ""negated"": false, ""subject"": ""Other"", ""start"": 1088, ""end"": 1100}, {""id"": ""ent_17"", ""value"": ""myeloma"", ""preferred_name"": ""Multiple myeloma"", ""cui"": ""109989006"", ""category"": ""disorder"", ""negated"": false, ""subject"": ""Patient"", ""start"": 1226, ""end"": 1233}, {""id"": ""ent_18"", ""value"": ""mood changes"", ""preferred_name"": ""Mood swings"", ""cui"": ""18963009"", ""category"": ""finding"", ""negated"": false, ""subject"": ""Patient"", ""start"": 1279, ""end"": 1291}, {""id"": ""ent_19"", ""value"": ""hyperthyroidism"", ""preferred_name"": ""Hyperthyroidism"", ""cui"": ""34486009"", ""category"": ""disorder"", ""negated"": false, ""subject"": ""Patient"", ""start"": 1303, ""end"": 1318}]","[{""id"": ""abs_1"", ""value"": ""15/07/2024"", ""start"": 6, ""end"": 16}, {""id"": ""abs_2"", ""value"": ""07/08/24"", ""start"": 233, ""end"": 241}, {""id"": ""abs_3"", ""value"": ""Sep 2024"", ""start"": 582, ""end"": 590}, {""id"": ""abs_4"", ""value"": ""11/09/2024"", ""start"": 782, ""end"": 792}, {""id"": ""abs_5"", ""value"": ""24-10-2024"", ""start"": 1048, ""end"": 1058}, {""id"": ""abs_6"", ""value"": ""17/12/2024"", ""start"": 1185, ""end"": 1195}, {""id"": ""abs_7"", ""value"": ""29/01/25"", ""start"": 1268, ""end"": 1276}]","[{""id"": ""rel_1"", ""value"": ""3 months"", ""start"": 1005, ""end"": 1013, ""pattern_type"": ""numeric_simple""}]"
9,78,"MRI (30/06/2024): consistent w/ migraine. imp: migraine

PET scan (18 Aug'24): no signific Neurological exam within normal limits. Chest X-ray reveals clear lung fields without infiltrates or effusions.
 The plan was discussed with the patient, who understands and agrees.Liver function tests show mild elevation in ALT and AST, likely due to medication effect. Assessment includes intracranial meningioma.
Lymphatic: No cervical, axillary, or inguinal lymphadenopathy. Medication dosages were adjusted based on recent laboratory findings. MRI of the brain demonstrates age-appropriate atrophy without evidence of mass or stroke.
Patient advised to maintain a symptom diary for review at next appointment. Patient has a history of congenital malformation. ant findings. imp: rheumatoid_arthritis
 The patient was counseled on lifestyle modifications.
Will continue current medication regimen and reassess in 3 months. CT scan of the head shows no acute intracranial abnormalities.
Phone note((2024-09-08)): remission. observe and reassess

Follow-up appointment scheduled in 3 months.
 The patient was advised to return if symptoms worsen.He denies any fever, chills, or night sweats.
X-ray (30-09-2024): consi Respiratory: Clear to auscultation bilaterally.
No known drug allergies or adverse reactions reported. No wheezes, rales, or rhonchi. Heart: Regular rate and rhythm, no murmurs. stent w/ COPD. Assessment includes radiologic infiltrate of lung. imp: COPD","[{""id"": ""ent_1"", ""value"": ""migraine"", ""preferred_name"": ""Migraine"", ""cui"": ""37796009"", ""category"": ""disorder"", ""negated"": false, ""subject"": ""Other"", ""start"": 32, ""end"": 40}, {""id"": ""ent_2"", ""value"": ""migraine"", ""preferred_name"": ""Migraine"", ""cui"": ""37796009"", ""category"": ""disorder"", ""negated"": false, ""subject"": ""Other"", ""start"": 47, ""end"": 55}, {""id"": ""ent_3"", ""value"": ""infiltrates"", ""preferred_name"": ""Radiologic infiltrate of lung"", ""cui"": ""409609008"", ""category"": ""disorder"", ""negated"": false, ""subject"": ""Other"", ""start"": 177, ""end"": 188}, {""id"": ""ent_4"", ""value"": ""effusions"", ""preferred_name"": ""Effusion"", ""cui"": ""430869004"", ""category"": ""substance"", ""negated"": false, ""subject"": ""Other"", ""start"": 192, ""end"": 201}, {""id"": ""ent_5"", ""value"": ""intracranial meningioma"", ""preferred_name"": ""Intracranial meningioma"", ""cui"": ""302820008"", ""category"": ""disorder"", ""negated"": false, ""subject"": ""Other"", ""start"": 382, ""end"": 405}, {""id"": ""ent_6"", ""value"": ""inguinal lymphadenopathy"", ""preferred_name"": ""Inguinal lymphadenopathy"", ""cui"": ""127199000"", ""category"": ""disorder"", ""negated"": false, ""subject"": ""Other"", ""start"": 444, ""end"": 468}, {""id"": ""ent_7"", ""value"": ""next appointment"", ""preferred_name"": ""Next appointment"", ""cui"": ""390840006"", ""category"": ""finding"", ""negated"": false, ""subject"": ""Other"", ""start"": 688, ""end"": 704}, {""id"": ""ent_8"", ""value"": ""congenital malformation"", ""preferred_name"": ""Congenital malformation"", ""cui"": ""276654001"", ""category"": ""disorder"", ""negated"": false, ""subject"": ""Other"", ""start"": 731, ""end"": 754}, {""id"": ""ent_9"", ""value"": ""rheumatoid_arthritis"", ""preferred_name"": ""Rheumatoid arthritis"", ""cui"": ""69896004"", ""category"": ""disorder"", ""negated"": false, ""subject"": ""Other"", ""start"": 775, ""end"": 795}, {""id"": ""ent_10"", ""value"": ""lifestyle"", ""preferred_name"": ""Lifestyle"", ""cui"": ""134436002"", ""category"": ""finding"", ""negated"": false, ""subject"": ""Other"", ""start"": 826, ""end"": 835}, {""id"": ""ent_11"", ""value"": ""fever, chills"", ""preferred_name"": ""Fever with chills"", ""cui"": ""274640006"", ""category"": ""finding"", ""negated"": false, ""subject"": ""Patient"", ""start"": 1153, ""end"": 1166}, {""id"": ""ent_12"", ""value"": ""night sweats"", ""preferred_name"": ""Night sweats"", ""cui"": ""42984000"", ""category"": ""finding"", ""negated"": false, ""subject"": ""Other"", ""start"": 1171, ""end"": 1183}, {""id"": ""ent_13"", ""value"": ""adverse reactions"", ""preferred_name"": ""Adverse reaction"", ""cui"": ""281647001"", ""category"": ""disorder"", ""negated"": false, ""subject"": ""Other"", ""start"": 1286, ""end"": 1303}, {""id"": ""ent_14"", ""value"": ""wheezes"", ""preferred_name"": ""Wheezing"", ""cui"": ""56018004"", ""category"": ""finding"", ""negated"": false, ""subject"": ""Other"", ""start"": 1317, ""end"": 1324}, {""id"": ""ent_15"", ""value"": ""rales"", ""preferred_name"": ""Respiratory crackles"", ""cui"": ""48409008"", ""category"": ""finding"", ""negated"": false, ""subject"": ""Other"", ""start"": 1326, ""end"": 1331}, {""id"": ""ent_16"", ""value"": ""rhonchi"", ""preferred_name"": ""Wheeze - rhonchi"", ""cui"": ""24612001"", ""category"": ""finding"", ""negated"": false, ""subject"": ""Other"", ""start"": 1336, ""end"": 1343}, {""id"": ""ent_17"", ""value"": ""murmurs"", ""preferred_name"": ""Murmur"", ""cui"": ""414786004"", ""category"": ""finding"", ""negated"": false, ""subject"": ""Patient"", ""start"": 1380, ""end"": 1387}, {""id"": ""ent_18"", ""value"": ""COPD"", ""preferred_name"": ""Chronic obstructive lung disease"", ""cui"": ""13645005"", ""category"": ""disorder"", ""negated"": false, ""subject"": ""Other"", ""start"": 1398, ""end"": 1402}, {""id"": ""ent_19"", ""value"": ""radiologic infiltrate of lung"", ""preferred_name"": ""Radiologic infiltrate of lung"", ""cui"": ""409609008"", ""category"": ""disorder"", ""negated"": false, ""subject"": ""Other"", ""start"": 1424, ""end"": 1453}, {""id"": ""ent_20"", ""value"": ""COPD"", ""preferred_name"": ""Chronic obstructive lung disease"", ""cui"": ""13645005"", ""category"": ""disorder"", ""negated"": false, ""subject"": ""Other"", ""start"": 1460, ""end"": 1464}]","[{""id"": ""abs_1"", ""value"": ""30/06/2024"", ""start"": 5, ""end"": 15}, {""id"": ""abs_2"", ""value"": ""2024-09"", ""start"": 993, ""end"": 1000}, {""id"": ""abs_3"", ""value"": ""30-09-2024"", ""start"": 1192, ""end"": 1202}]","[{""id"": ""rel_1"", ""value"": ""3 months"", ""start"": 908, ""end"": 916, ""pattern_type"": ""numeric_simple""}]"
10,79,"F/U (05 Sep'24): rem Patient reports compliance with current medication regimen. He denies any fever, chills, or night sweats. Patient is afebrile with normal vital signs. She denies any nausea, vomiting, or diarrhea. ission.rule out anxiety cont current medications

 Patient reports occasional use of over-the-counter analgesics for pain management.CLINIC VISIT (02nd Nov 2024): back pain  Follow-up appointment scheduled in 3 months. GI: Bowel sounds present in all four quadrants. cerebral hemorrhage was discussed. The plan was discussed with the patient, who understands and agrees. No hepatosplenomegaly. HEENT: Normocephalic, atraumatic. Pupils equal, round, and reactive to light.
 Medications were reconciled during the visit.CT scan of the head shows no acute intracranial abnormalities.
Cardiovascular: Regular rate and rhythm. No murmurs, rubs, or gallops. Normal S1 and S2. remission suspect microadenoma increase dose

Labs (09th Dec 2024): abnormal LFTs.rule out bronchitis

He denies any fever, chills, or night sweats.
 Recommended lifestyle modifications including diet changes and regular exercise.URGENT REVIEW (13rd Jan 2025): headache x6 months.unclear etiology, could be adrenal_insufficiency vs epilepsy

 The patient was counseled on lifestyle modifications.CT (09/03/25): no significant findings.imp: anxiety","[{""id"": ""ent_1"", ""value"": ""fever, chills"", ""preferred_name"": ""Fever with chills"", ""cui"": ""274640006"", ""category"": ""finding"", ""negated"": false, ""subject"": ""Patient"", ""start"": 95, ""end"": 108}, {""id"": ""ent_2"", ""value"": ""night sweats"", ""preferred_name"": ""Night sweats"", ""cui"": ""42984000"", ""category"": ""finding"", ""negated"": false, ""subject"": ""Patient"", ""start"": 113, ""end"": 125}, {""id"": ""ent_3"", ""value"": ""normal vital signs"", ""preferred_name"": ""Normal vital signs"", ""cui"": ""72970002"", ""category"": ""finding"", ""negated"": false, ""subject"": ""Patient"", ""start"": 152, ""end"": 170}, {""id"": ""ent_4"", ""value"": ""nausea, vomiting"", ""preferred_name"": ""Nausea and vomiting"", ""cui"": ""16932000"", ""category"": ""disorder"", ""negated"": false, ""subject"": ""Other"", ""start"": 187, ""end"": 203}, {""id"": ""ent_5"", ""value"": ""diarrhea"", ""preferred_name"": ""Diarrhea"", ""cui"": ""62315008"", ""category"": ""finding"", ""negated"": false, ""subject"": ""Other"", ""start"": 208, ""end"": 216}, {""id"": ""ent_6"", ""value"": ""anxiety"", ""preferred_name"": ""Anxiety"", ""cui"": ""48694002"", ""category"": ""finding"", ""negated"": false, ""subject"": ""Other"", ""start"": 234, ""end"": 241}, {""id"": ""ent_7"", ""value"": ""analgesics"", ""preferred_name"": ""Analgesic"", ""cui"": ""373265006"", ""category"": ""substance"", ""negated"": false, ""subject"": ""Other"", ""start"": 320, ""end"": 330}, {""id"": ""ent_8"", ""value"": ""back pain"", ""preferred_name"": ""Backache"", ""cui"": ""161891005"", ""category"": ""finding"", ""negated"": false, ""subject"": ""Patient"", ""start"": 381, ""end"": 390}, {""id"": ""ent_9"", ""value"": ""hepatosplenomegaly"", ""preferred_name"": ""Hepatosplenomegaly"", ""cui"": ""36760000"", ""category"": ""disorder"", ""negated"": false, ""subject"": ""Patient"", ""start"": 592, ""end"": 610}, {""id"": ""ent_10"", ""value"": ""murmurs"", ""preferred_name"": ""Murmur"", ""cui"": ""414786004"", ""category"": ""finding"", ""negated"": false, ""subject"": ""Patient"", ""start"": 843, ""end"": 850}, {""id"": ""ent_11"", ""value"": ""rubs"", ""preferred_name"": ""Pericardial friction rub"", ""cui"": ""7036007"", ""category"": ""finding"", ""negated"": false, ""subject"": ""Patient"", ""start"": 852, ""end"": 856}, {""id"": ""ent_12"", ""value"": ""abnormal LFTs"", ""preferred_name"": ""Liver function tests abnormal"", ""cui"": ""166603001"", ""category"": ""finding"", ""negated"": false, ""subject"": ""Patient"", ""start"": 956, ""end"": 969}, {""id"": ""ent_13"", ""value"": ""bronchitis"", ""preferred_name"": ""Bronchitis"", ""cui"": ""32398004"", ""category"": ""disorder"", ""negated"": false, ""subject"": ""Other"", ""start"": 979, ""end"": 989}, {""id"": ""ent_14"", ""value"": ""fever, chills"", ""preferred_name"": ""Fever with chills"", ""cui"": ""274640006"", ""category"": ""finding"", ""negated"": false, ""subject"": ""Patient"", ""start"": 1005, ""end"": 1018}, {""id"": ""ent_15"", ""value"": ""night sweats"", ""preferred_name"": ""Night sweats"", ""cui"": ""42984000"", ""category"": ""finding"", ""negated"": false, ""subject"": ""Patient"", ""start"": 1023, ""end"": 1035}, {""id"": ""ent_16"", ""value"": ""lifestyle"", ""preferred_name"": ""Lifestyle"", ""cui"": ""134436002"", ""category"": ""finding"", ""negated"": false, ""subject"": ""Other"", ""start"": 1050, ""end"": 1059}, {""id"": ""ent_17"", ""value"": ""diet"", ""preferred_name"": ""Dietary finding"", ""cui"": ""41829006"", ""category"": ""finding"", ""negated"": false, ""subject"": ""Other"", ""start"": 1084, ""end"": 1088}, {""id"": ""ent_18"", ""value"": ""headache"", ""preferred_name"": ""Headache"", ""cui"": ""25064002"", ""category"": ""finding"", ""negated"": false, ""subject"": ""Other"", ""start"": 1149, ""end"": 1157}, {""id"": ""ent_19"", ""value"": ""adrenal_insufficiency"", ""preferred_name"": ""Adrenal cortical hypofunction"", ""cui"": ""386584007"", ""category"": ""disorder"", ""negated"": false, ""subject"": ""Patient"", ""start"": 1195, ""end"": 1216}, {""id"": ""ent_20"", ""value"": ""epilepsy"", ""preferred_name"": ""Epilepsy"", ""cui"": ""84757009"", ""category"": ""disorder"", ""negated"": false, ""subject"": ""Patient"", ""start"": 1220, ""end"": 1228}, {""id"": ""ent_21"", ""value"": ""lifestyle"", ""preferred_name"": ""Lifestyle"", ""cui"": ""134436002"", ""category"": ""finding"", ""negated"": false, ""subject"": ""Patient"", ""start"": 1260, ""end"": 1269}, {""id"": ""ent_22"", ""value"": ""anxiety"", ""preferred_name"": ""Anxiety"", ""cui"": ""48694002"", ""category"": ""finding"", ""negated"": false, ""subject"": ""Patient"", ""start"": 1328, ""end"": 1335}]","[{""id"": ""abs_1"", ""value"": ""Nov 2024"", ""start"": 370, ""end"": 378}, {""id"": ""abs_2"", ""value"": ""Dec 2024"", ""start"": 945, ""end"": 953}, {""id"": ""abs_3"", ""value"": ""Jan 2025"", ""start"": 1138, ""end"": 1146}, {""id"": ""abs_4"", ""value"": ""09/03/25"", ""start"": 1288, ""end"": 1296}]","[{""id"": ""rel_1"", ""value"": ""3 months"", ""start"": 427, ""end"": 435, ""pattern_type"": ""numeric_simple""}]"
1,80,"Evaluation((24/11/24)): pt presents with abdomi No acute distress noted on examination. Patient is afebrile with normal vital signs. Noted neoplasm of pituitary gland in medical history. Abdomen: Soft, non-tender, non-distended. nal pain. suspect COPD

Endocrinology CONSULT (09/12/2024): confirmed osteoarthritis schedule CT

EKG shows normal sinus rhythm without ST changes or conduction abnormalities.
Phone note((27 Dec 2024)): relapse. Patient tolerated the procedure well. f/u in 6 months
 HEENT: Normocephalic, atraumatic. Pupils equal, round, and reactive to light.
Phone note((13rd Jan 2025)): worsening. taper medication

Phone note((08/02/2025)): improved. Noted congenital malformation in medical history.
 Neurological exam within normal limits.The patient was counseled on lifestyle modifications. cont current medications

A review of systems was otherwise negative.
CLINIC VISIT (07 Apr'25): joint pain unchanged rule out gout admit to hospital

 Liver function tests show mild elevation in ALT and AST, likely due to medication effect.URGENT REVIEW (03rd Jun 2025): mood changes.
Labs from this morning were unremarkable. Patient advised to maintain a symptom diary for review at next appointment. Patient tolerated the procedure well.
 The patient's vital signs are stable.Follow-up appointment scheduled in 3 months.
Labs from this morning were unremarkable. Noted hydrocephalus in medical history. confirmed Crohn's_disease","[{""id"": ""ent_1"", ""value"": ""normal vital signs"", ""preferred_name"": ""Normal vital signs"", ""cui"": ""72970002"", ""category"": ""finding"", ""negated"": false, ""subject"": ""Other"", ""start"": 113, ""end"": 131}, {""id"": ""ent_2"", ""value"": ""neoplasm of pituitary gland"", ""preferred_name"": ""Neoplasm of pituitary gland"", ""cui"": ""127024001"", ""category"": ""disorder"", ""negated"": false, ""subject"": ""Other"", ""start"": 139, ""end"": 166}, {""id"": ""ent_3"", ""value"": ""pain"", ""preferred_name"": ""Pain"", ""cui"": ""22253000"", ""category"": ""finding"", ""negated"": false, ""subject"": ""Other"", ""start"": 233, ""end"": 237}, {""id"": ""ent_4"", ""value"": ""COPD"", ""preferred_name"": ""Chronic obstructive lung disease"", ""cui"": ""13645005"", ""category"": ""disorder"", ""negated"": false, ""subject"": ""Other"", ""start"": 247, ""end"": 251}, {""id"": ""ent_5"", ""value"": ""osteoarthritis"", ""preferred_name"": ""Osteoarthritis"", ""cui"": ""396275006"", ""category"": ""disorder"", ""negated"": false, ""subject"": ""Other"", ""start"": 299, ""end"": 313}, {""id"": ""ent_6"", ""value"": ""normal sinus rhythm"", ""preferred_name"": ""Normal sinus rhythm"", ""cui"": ""64730000"", ""category"": ""finding"", ""negated"": false, ""subject"": ""Other"", ""start"": 337, ""end"": 356}, {""id"": ""ent_7"", ""value"": ""conduction abnormalities"", ""preferred_name"": ""Abnormal cardiac conduction"", ""cui"": ""36358004"", ""category"": ""finding"", ""negated"": false, ""subject"": ""Other"", ""start"": 379, ""end"": 403}, {""id"": ""ent_8"", ""value"": ""congenital malformation"", ""preferred_name"": ""Congenital malformation"", ""cui"": ""276654001"", ""category"": ""disorder"", ""negated"": false, ""subject"": ""Patient"", ""start"": 674, ""end"": 697}, {""id"": ""ent_9"", ""value"": ""lifestyle"", ""preferred_name"": ""Lifestyle"", ""cui"": ""134436002"", ""category"": ""finding"", ""negated"": false, ""subject"": ""Other"", ""start"": 787, ""end"": 796}, {""id"": ""ent_10"", ""value"": ""joint pain"", ""preferred_name"": ""Joint pain"", ""cui"": ""57676002"", ""category"": ""finding"", ""negated"": false, ""subject"": ""Patient"", ""start"": 908, ""end"": 918}, {""id"": ""ent_11"", ""value"": ""mood changes"", ""preferred_name"": ""Mood swings"", ""cui"": ""18963009"", ""category"": ""finding"", ""negated"": false, ""subject"": ""Patient"", ""start"": 1083, ""end"": 1095}, {""id"": ""ent_12"", ""value"": ""next appointment"", ""preferred_name"": ""Next appointment"", ""cui"": ""390840006"", ""category"": ""finding"", ""negated"": false, ""subject"": ""Other"", ""start"": 1197, ""end"": 1213}, {""id"": ""ent_13"", ""value"": ""hydrocephalus"", ""preferred_name"": ""Hydrocephalus"", ""cui"": ""230745008"", ""category"": ""disorder"", ""negated"": false, ""subject"": ""Other"", ""start"": 1384, ""end"": 1397}, {""id"": ""ent_14"", ""value"": ""Crohn's_disease"", ""preferred_name"": ""Crohn's disease"", ""cui"": ""34000006"", ""category"": ""disorder"", ""negated"": false, ""subject"": ""Other"", ""start"": 1428, ""end"": 1443}]","[{""id"": ""abs_1"", ""value"": ""24/11/24"", ""start"": 12, ""end"": 20}, {""id"": ""abs_2"", ""value"": ""09/12/2024"", ""start"": 276, ""end"": 286}, {""id"": ""abs_3"", ""value"": ""Dec 2024"", ""start"": 420, ""end"": 428}, {""id"": ""abs_4"", ""value"": ""Jan 2025"", ""start"": 591, ""end"": 599}, {""id"": ""abs_5"", ""value"": ""08/02/2025"", ""start"": 644, ""end"": 654}, {""id"": ""abs_6"", ""value"": ""Jun 2025"", ""start"": 1072, ""end"": 1080}]","[{""id"": ""rel_1"", ""value"": ""this morning"", ""start"": 1107, ""end"": 1119, ""pattern_type"": ""part_of_day""}, {""id"": ""rel_2"", ""value"": ""6 months"", ""start"": 486, ""end"": 494, ""pattern_type"": ""numeric_simple""}, {""id"": ""rel_3"", ""value"": ""3 months"", ""start"": 1326, ""end"": 1334, ""pattern_type"": ""numeric_simple""}]"
2,81,"CT (06/06/2024): evidence of s She denies any nausea, vomiting, or diarrhea. Patient was instructed on proper medication administration techniques. tenosis.imp: ulcerative_colitis

No known drug allergies or adverse reactions reported.
No known drug allergies or adverse reactions reported. Patient has a history of hyperlipidemia.
Endocrinology CONSULT (16-06-2024): likely epilepsy f/u in 1 week

URGENT REVIEW (20rd Jul 2024): shortness of breath.confirmed depression

Phone note((06 Sep 2,024)): relapse.admit to hospital

 No known drug allergies or adverse reactions reported.
Basic metabolic panel within normal limits with sodium 140, potassium 4.2, creatinine 0.9.He denies any fever, chills, or night sweats.

He denies any fever, chills, or night sweats. Medications were reconciled during the visit.CLINIC VISIT (07rd Oct 2024): he Chest X-ray reveals clear lung fields without infiltrates or effusions. EKG shows normal sinus rhythm without ST changes or conduction abnormalities. hydrocephalus was discussed. Follow-up appointment scheduled in 3 months. adache x1 week improved confirmed adrenal_insufficiency taper medication

Liver function tests show mild elevation in ALT and AST, likely due to medication effect.
Referral placed for physical therapy twice weekly for 6 weeks.
MR,I (22 Oct'24): shows 3.1cm mass in kidney.imp: ulcerative_colitis","[{""id"": ""ent_1"", ""value"": ""nausea, vomiting"", ""preferred_name"": ""Nausea and vomiting"", ""cui"": ""16932000"", ""category"": ""disorder"", ""negated"": false, ""subject"": ""Patient"", ""start"": 46, ""end"": 62}, {""id"": ""ent_2"", ""value"": ""diarrhea"", ""preferred_name"": ""Diarrhea"", ""cui"": ""62315008"", ""category"": ""finding"", ""negated"": false, ""subject"": ""Other"", ""start"": 67, ""end"": 75}, {""id"": ""ent_3"", ""value"": ""ulcerative_colitis"", ""preferred_name"": ""Ulcerative colitis"", ""cui"": ""64766004"", ""category"": ""disorder"", ""negated"": false, ""subject"": ""Patient"", ""start"": 161, ""end"": 179}, {""id"": ""ent_4"", ""value"": ""adverse reactions"", ""preferred_name"": ""Adverse reaction"", ""cui"": ""281647001"", ""category"": ""disorder"", ""negated"": false, ""subject"": ""Other"", ""start"": 208, ""end"": 225}, {""id"": ""ent_5"", ""value"": ""adverse reactions"", ""preferred_name"": ""Adverse reaction"", ""cui"": ""281647001"", ""category"": ""disorder"", ""negated"": false, ""subject"": ""Other"", ""start"": 263, ""end"": 280}, {""id"": ""ent_6"", ""value"": ""hyperlipidemia"", ""preferred_name"": ""Hyperlipidemia"", ""cui"": ""55822004"", ""category"": ""disorder"", ""negated"": false, ""subject"": ""Other"", ""start"": 316, ""end"": 330}, {""id"": ""ent_7"", ""value"": ""epilepsy"", ""preferred_name"": ""Epilepsy"", ""cui"": ""84757009"", ""category"": ""disorder"", ""negated"": false, ""subject"": ""Other"", ""start"": 375, ""end"": 383}, {""id"": ""ent_8"", ""value"": ""shortness of breath"", ""preferred_name"": ""Dyspnea"", ""cui"": ""267036007"", ""category"": ""finding"", ""negated"": false, ""subject"": ""Patient"", ""start"": 430, ""end"": 449}, {""id"": ""ent_9"", ""value"": ""depression"", ""preferred_name"": ""Depressive disorder"", ""cui"": ""35489007"", ""category"": ""disorder"", ""negated"": false, ""subject"": ""Other"", ""start"": 460, ""end"": 470}, {""id"": ""ent_10"", ""value"": ""adverse reactions"", ""preferred_name"": ""Adverse reaction"", ""cui"": ""281647001"", ""category"": ""disorder"", ""negated"": false, ""subject"": ""Other"", ""start"": 555, ""end"": 572}, {""id"": ""ent_11"", ""value"": ""fever, chills"", ""preferred_name"": ""Fever with chills"", ""cui"": ""274640006"", ""category"": ""finding"", ""negated"": false, ""subject"": ""Patient"", ""start"": 687, ""end"": 700}, {""id"": ""ent_12"", ""value"": ""night sweats"", ""preferred_name"": ""Night sweats"", ""cui"": ""42984000"", ""category"": ""finding"", ""negated"": false, ""subject"": ""Other"", ""start"": 705, ""end"": 717}, {""id"": ""ent_13"", ""value"": ""fever, chills"", ""preferred_name"": ""Fever with chills"", ""cui"": ""274640006"", ""category"": ""finding"", ""negated"": false, ""subject"": ""Patient"", ""start"": 734, ""end"": 747}, {""id"": ""ent_14"", ""value"": ""night sweats"", ""preferred_name"": ""Night sweats"", ""cui"": ""42984000"", ""category"": ""finding"", ""negated"": false, ""subject"": ""Other"", ""start"": 752, ""end"": 764}, {""id"": ""ent_15"", ""value"": ""infiltrates"", ""preferred_name"": ""Radiologic infiltrate of lung"", ""cui"": ""409609008"", ""category"": ""disorder"", ""negated"": false, ""subject"": ""Other"", ""start"": 890, ""end"": 901}, {""id"": ""ent_16"", ""value"": ""effusions"", ""preferred_name"": ""Effusion"", ""cui"": ""430869004"", ""category"": ""substance"", ""negated"": false, ""subject"": ""Other"", ""start"": 905, ""end"": 914}, {""id"": ""ent_17"", ""value"": ""normal sinus rhythm"", ""preferred_name"": ""Normal sinus rhythm"", ""cui"": ""64730000"", ""category"": ""finding"", ""negated"": false, ""subject"": ""Other"", ""start"": 926, ""end"": 945}, {""id"": ""ent_18"", ""value"": ""conduction abnormalities"", ""preferred_name"": ""Abnormal cardiac conduction"", ""cui"": ""36358004"", ""category"": ""finding"", ""negated"": false, ""subject"": ""Other"", ""start"": 968, ""end"": 992}, {""id"": ""ent_19"", ""value"": ""hydrocephalus"", ""preferred_name"": ""Hydrocephalus"", ""cui"": ""230745008"", ""category"": ""disorder"", ""negated"": false, ""subject"": ""Other"", ""start"": 994, ""end"": 1007}, {""id"": ""ent_20"", ""value"": ""adrenal_insufficiency"", ""preferred_name"": ""Adrenal cortical hypofunction"", ""cui"": ""386584007"", ""category"": ""disorder"", ""negated"": false, ""subject"": ""Other"", ""start"": 1102, ""end"": 1123}, {""id"": ""ent_21"", ""value"": ""ulcerative_colitis"", ""preferred_name"": ""Ulcerative colitis"", ""cui"": ""64766004"", ""category"": ""disorder"", ""negated"": false, ""subject"": ""Patient"", ""start"": 1345, ""end"": 1363}]","[{""id"": ""abs_1"", ""value"": ""06/06/2024"", ""start"": 4, ""end"": 14}, {""id"": ""abs_2"", ""value"": ""16-06-2024"", ""start"": 355, ""end"": 365}, {""id"": ""abs_3"", ""value"": ""Jul 2024"", ""start"": 419, ""end"": 427}, {""id"": ""abs_4"", ""value"": ""Oct 2024"", ""start"": 830, ""end"": 838}]","[{""id"": ""rel_1"", ""value"": ""1 week"", ""start"": 391, ""end"": 397, ""pattern_type"": ""numeric_simple""}, {""id"": ""rel_2"", ""value"": ""3 months"", ""start"": 1058, ""end"": 1066, ""pattern_type"": ""numeric_simple""}, {""id"": ""rel_3"", ""value"": ""6 weeks"", ""start"": 1286, ""end"": 1293, ""pattern_type"": ""numeric_simple""}]"
3,82,"PET scan (2024-12-23): evidence of lesion. Noted disorder of optic nerve in medical history. Musculoskeletal: Full range of motion in all extremities. No edema or deformity noted.
Patient tolerated the procedure well. imp: Parkinson's_disease

The patient was counseled on lifestyle modifications.
Abdomen: Soft, non-tender, non-distended. cerebral hemorrhage was discussed.
Labs (13.02.25): anemia. Patient given educational materials regarding disease management. unclear etiology,could be bronchitis vs depression

New pt((07.04.25)): pt presents with visual changes. consistent with tension_headache
 Patient reports occasional use of over-the-counter analgesics for pain management. Neurological exam within normal limits.
 Complete blood count shows WBC 7.2, Hgb 13.5, Plt 250.Phone note((13 May 2025)): worsening. observe and reassess
 Current medications include: lisinopril 10mg daily, metformin 500mg twice daily, and atorvastatin 20mg at bedtime.
Consult((29nd Jun 2025)): pt pr Skin: No rashes, lesions, or abnormal pigmentation. Good turgor and hydration. Urinalysis negative for blood, protein, and leukocyte esterase. Patient reports occasional use of over-the-counter analgesics for pain management. No acute distress noted on examination. esents with frequent urination.
A review of systems was otherwise negative. new dx of ulcerative_colitis","[{""id"": ""ent_1"", ""value"": ""disorder of optic nerve"", ""preferred_name"": ""Disorder of optic nerve"", ""cui"": ""77157004"", ""category"": ""disorder"", ""negated"": false, ""subject"": ""Patient"", ""start"": 49, ""end"": 72}, {""id"": ""ent_2"", ""value"": ""Musculoskeletal"", ""preferred_name"": ""Musculoskeletal finding"", ""cui"": ""106028002"", ""category"": ""finding"", ""negated"": false, ""subject"": ""Other"", ""start"": 93, ""end"": 108}, {""id"": ""ent_3"", ""value"": ""deformity"", ""preferred_name"": ""Deformity"", ""cui"": ""417893002"", ""category"": ""finding"", ""negated"": false, ""subject"": ""Patient"", ""start"": 163, ""end"": 172}, {""id"": ""ent_4"", ""value"": ""Parkinson's_disease"", ""preferred_name"": ""Parkinson's disease"", ""cui"": ""49049000"", ""category"": ""disorder"", ""negated"": false, ""subject"": ""Patient"", ""start"": 223, ""end"": 242}, {""id"": ""ent_5"", ""value"": ""lifestyle"", ""preferred_name"": ""Lifestyle"", ""cui"": ""134436002"", ""category"": ""finding"", ""negated"": false, ""subject"": ""Patient"", ""start"": 273, ""end"": 282}, {""id"": ""ent_6"", ""value"": ""cerebral hemorrhage"", ""preferred_name"": ""Cerebral hemorrhage"", ""cui"": ""274100004"", ""category"": ""disorder"", ""negated"": false, ""subject"": ""Patient"", ""start"": 340, ""end"": 359}, {""id"": ""ent_7"", ""value"": ""anemia"", ""preferred_name"": ""Anemia"", ""cui"": ""271737000"", ""category"": ""disorder"", ""negated"": false, ""subject"": ""Other"", ""start"": 392, ""end"": 398}, {""id"": ""ent_8"", ""value"": ""materials"", ""preferred_name"": ""Material"", ""cui"": ""260769002"", ""category"": ""substance"", ""negated"": false, ""subject"": ""Other"", ""start"": 426, ""end"": 435}, {""id"": ""ent_9"", ""value"": ""bronchitis"", ""preferred_name"": ""Bronchitis"", ""cui"": ""32398004"", ""category"": ""disorder"", ""negated"": false, ""subject"": ""Patient"", ""start"": 492, ""end"": 502}, {""id"": ""ent_10"", ""value"": ""depression"", ""preferred_name"": ""Depressive disorder"", ""cui"": ""35489007"", ""category"": ""disorder"", ""negated"": false, ""subject"": ""Other"", ""start"": 506, ""end"": 516}, {""id"": ""ent_11"", ""value"": ""tension_headache"", ""preferred_name"": ""Tension-type headache"", ""cui"": ""398057008"", ""category"": ""disorder"", ""negated"": false, ""subject"": ""Patient"", ""start"": 587, ""end"": 603}, {""id"": ""ent_12"", ""value"": ""analgesics"", ""preferred_name"": ""Analgesic"", ""cui"": ""373265006"", ""category"": ""substance"", ""negated"": false, ""subject"": ""Other"", ""start"": 656, ""end"": 666}, {""id"": ""ent_13"", ""value"": ""lisinopril"", ""preferred_name"": ""Lisinopril"", ""cui"": ""386873009"", ""category"": ""substance"", ""negated"": false, ""subject"": ""Other"", ""start"": 872, ""end"": 882}, {""id"": ""ent_14"", ""value"": ""metformin"", ""preferred_name"": ""Metformin"", ""cui"": ""372567009"", ""category"": ""substance"", ""negated"": false, ""subject"": ""Other"", ""start"": 895, ""end"": 904}, {""id"": ""ent_15"", ""value"": ""atorvastatin"", ""preferred_name"": ""Atorvastatin"", ""cui"": ""373444002"", ""category"": ""substance"", ""negated"": false, ""subject"": ""Other"", ""start"": 928, ""end"": 940}, {""id"": ""ent_16"", ""value"": ""rashes"", ""preferred_name"": ""Eruption of skin"", ""cui"": ""271807003"", ""category"": ""disorder"", ""negated"": false, ""subject"": ""Other"", ""start"": 999, ""end"": 1005}, {""id"": ""ent_17"", ""value"": ""analgesics"", ""preferred_name"": ""Analgesic"", ""cui"": ""373265006"", ""category"": ""substance"", ""negated"": false, ""subject"": ""Other"", ""start"": 1184, ""end"": 1194}, {""id"": ""ent_18"", ""value"": ""frequent urination"", ""preferred_name"": ""Increased frequency of urination"", ""cui"": ""162116003"", ""category"": ""finding"", ""negated"": false, ""subject"": ""Patient"", ""start"": 1268, ""end"": 1286}, {""id"": ""ent_19"", ""value"": ""ulcerative_colitis"", ""preferred_name"": ""Ulcerative colitis"", ""cui"": ""64766004"", ""category"": ""disorder"", ""negated"": false, ""subject"": ""Patient"", ""start"": 1342, ""end"": 1360}]","[{""id"": ""abs_1"", ""value"": ""2024-12"", ""start"": 10, ""end"": 17}, {""id"": ""abs_2"", ""value"": ""May 2025"", ""start"": 798, ""end"": 806}, {""id"": ""abs_3"", ""value"": ""Jun 2025"", ""start"": 972, ""end"": 980}]",[]
4,83,"CLINIC VISIT (08 Feb 2025): mood changes relapse confirmed Crohn's_disease admit to hospital
 Imaging studies were reviewed with the patient.

 Respiratory: Clear to auscultation bilaterally. No wheezes, rales, or rhonchi.Recommended lifestyle modifications including diet changes and regular exercise.Follow-up appointment scheduled in 3 months. Noted disorder of liver in medical history. Noted pituitary macroadenoma in medical history.
F/U (12nd Mar 2025): progressive. Patient has a history of hydrocephalus. Will order additional laboratory studies at next visit if symptoms persist. suspect microadenoma taper medication
 Will continue current medication regimen and reassess in 3 months.
 The plan was discussed with the patient, who understands and agrees.Patient instructed to follow up with specialist for further evaluation.




Liver function tests show mild elevation in ALT and AST, likely due to medication effect.The patient was advised to return if symptoms worsen.Neurological exam within normal limits. The patient was counseled on lifestyle modifications.Heart: Regular rate and rhythm, no murmurs. Heart: Regular rate and rhythm, no murmurs. Medication dosages were adjusted based on recent laboratory findings.Labs (30th Mar 2025): normal CBC.  A review of systems was otherwise negative. Will order additional laboratory studies at next visit if symptoms persist. Patient has a history of asthma. consistent w/ schizophrenia","[{""id"": ""ent_1"", ""value"": ""mood changes"", ""preferred_name"": ""Mood swings"", ""cui"": ""18963009"", ""category"": ""finding"", ""negated"": false, ""subject"": ""Other"", ""start"": 28, ""end"": 40}, {""id"": ""ent_2"", ""value"": ""Crohn's_disease"", ""preferred_name"": ""Crohn's disease"", ""cui"": ""34000006"", ""category"": ""disorder"", ""negated"": false, ""subject"": ""Other"", ""start"": 59, ""end"": 74}, {""id"": ""ent_3"", ""value"": ""wheezes"", ""preferred_name"": ""Wheezing"", ""cui"": ""56018004"", ""category"": ""finding"", ""negated"": false, ""subject"": ""Other"", ""start"": 195, ""end"": 202}, {""id"": ""ent_4"", ""value"": ""rales"", ""preferred_name"": ""Respiratory crackles"", ""cui"": ""48409008"", ""category"": ""finding"", ""negated"": false, ""subject"": ""Other"", ""start"": 204, ""end"": 209}, {""id"": ""ent_5"", ""value"": ""rhonchi"", ""preferred_name"": ""Wheeze - rhonchi"", ""cui"": ""24612001"", ""category"": ""finding"", ""negated"": false, ""subject"": ""Other"", ""start"": 214, ""end"": 221}, {""id"": ""ent_6"", ""value"": ""lifestyle"", ""preferred_name"": ""Lifestyle"", ""cui"": ""134436002"", ""category"": ""finding"", ""negated"": false, ""subject"": ""Other"", ""start"": 234, ""end"": 243}, {""id"": ""ent_7"", ""value"": ""diet"", ""preferred_name"": ""Dietary finding"", ""cui"": ""41829006"", ""category"": ""finding"", ""negated"": false, ""subject"": ""Other"", ""start"": 268, ""end"": 272}, {""id"": ""ent_8"", ""value"": ""disorder of liver"", ""preferred_name"": ""Disorder of liver"", ""cui"": ""235856003"", ""category"": ""disorder"", ""negated"": false, ""subject"": ""Other"", ""start"": 353, ""end"": 370}, {""id"": ""ent_9"", ""value"": ""pituitary macroadenoma"", ""preferred_name"": ""Pituitary macroadenoma"", ""cui"": ""254965007"", ""category"": ""disorder"", ""negated"": false, ""subject"": ""Other"", ""start"": 397, ""end"": 419}, {""id"": ""ent_10"", ""value"": ""hydrocephalus"", ""preferred_name"": ""Hydrocephalus"", ""cui"": ""230745008"", ""category"": ""disorder"", ""negated"": false, ""subject"": ""Other"", ""start"": 499, ""end"": 512}, {""id"": ""ent_11"", ""value"": ""lifestyle"", ""preferred_name"": ""Lifestyle"", ""cui"": ""134436002"", ""category"": ""finding"", ""negated"": false, ""subject"": ""Other"", ""start"": 1052, ""end"": 1061}, {""id"": ""ent_12"", ""value"": ""murmurs"", ""preferred_name"": ""Murmur"", ""cui"": ""414786004"", ""category"": ""finding"", ""negated"": false, ""subject"": ""Other"", ""start"": 1111, ""end"": 1118}, {""id"": ""ent_13"", ""value"": ""murmurs"", ""preferred_name"": ""Murmur"", ""cui"": ""414786004"", ""category"": ""finding"", ""negated"": false, ""subject"": ""Other"", ""start"": 1155, ""end"": 1162}, {""id"": ""ent_14"", ""value"": ""schizophrenia"", ""preferred_name"": ""Schizophrenia"", ""cui"": ""58214004"", ""category"": ""disorder"", ""negated"": false, ""subject"": ""Other"", ""start"": 1435, ""end"": 1448}]","[{""id"": ""abs_1"", ""value"": ""Feb 2025"", ""start"": 17, ""end"": 25}, {""id"": ""abs_2"", ""value"": ""Mar 2025"", ""start"": 450, ""end"": 458}, {""id"": ""abs_3"", ""value"": ""Mar 2025"", ""start"": 1244, ""end"": 1252}]","[{""id"": ""rel_1"", ""value"": ""3 months"", ""start"": 337, ""end"": 345, ""pattern_type"": ""numeric_simple""}]"
5,84,"Labs (2024-11-24): elevated glucose.reso Will continue current medication regimen and reassess in 3 months. Recommended lifestyle modifications including diet changes and regular exercise.
Patient advised to maintain a symptom diary for review at next appointment. Abdomen: Soft, non-tender, non-distended.
MRI of the brain demonstrates age-appropriate atrophy without evidence of mass or stroke. Patient has a history of pituitary macroadenoma. Follow-up appointment scheduled in 3 months.
HEENT: Normocephalic, atraumatic. Pupils equal, round, and reactive to light. lving hypertension
 Liver function tests show mild elevation in ALT and AST, likely due to medication effect.
Labs (18/12/2024): elevated CRP.likely Cushing's_syndrome
 Labs from this morning were unremarkable. Abdomen: Soft, non-tender, non-distended.
He denies any fever, chills, or night sweats. Medications were reconciled during the visit.


EKG shows normal sinus rhythm without ST changes or conduction abnormalities.Heart: Regular rate and rhythm, no murmurs. Assessment includes sleep apnea. Will order additional laboratory studies at next visit if symptoms persist. Patient has a history of congenital malformation. Will order additional laboratory studies at next visit if symptoms persist.CT (28rd Jan 2025): consistent w The patient's vital signs are stable. Noted cerebral hemorrhage in medical history. The plan was discussed with the patient, who understands and agrees. ith IBS.imp: IBS","[{""id"": ""ent_1"", ""value"": ""lifestyle"", ""preferred_name"": ""Lifestyle"", ""cui"": ""134436002"", ""category"": ""finding"", ""negated"": false, ""subject"": ""Patient"", ""start"": 120, ""end"": 129}, {""id"": ""ent_2"", ""value"": ""diet"", ""preferred_name"": ""Dietary finding"", ""cui"": ""41829006"", ""category"": ""finding"", ""negated"": false, ""subject"": ""Patient"", ""start"": 154, ""end"": 158}, {""id"": ""ent_3"", ""value"": ""next appointment"", ""preferred_name"": ""Next appointment"", ""cui"": ""390840006"", ""category"": ""finding"", ""negated"": false, ""subject"": ""Patient"", ""start"": 247, ""end"": 263}, {""id"": ""ent_4"", ""value"": ""pituitary macroadenoma"", ""preferred_name"": ""Pituitary macroadenoma"", ""cui"": ""254965007"", ""category"": ""disorder"", ""negated"": false, ""subject"": ""Patient"", ""start"": 422, ""end"": 444}, {""id"": ""ent_5"", ""value"": ""hypertension"", ""preferred_name"": ""Hypertensive disorder, systemic arterial"", ""cui"": ""38341003"", ""category"": ""disorder"", ""negated"": false, ""subject"": ""Patient"", ""start"": 575, ""end"": 587}, {""id"": ""ent_6"", ""value"": ""elevated CRP"", ""preferred_name"": ""Elevated C-reactive protein"", ""cui"": ""119971000119104"", ""category"": ""finding"", ""negated"": false, ""subject"": ""Patient"", ""start"": 698, ""end"": 710}, {""id"": ""ent_7"", ""value"": ""Cushing's_syndrome"", ""preferred_name"": ""Hypercortisolism"", ""cui"": ""47270006"", ""category"": ""disorder"", ""negated"": false, ""subject"": ""Patient"", ""start"": 718, ""end"": 736}, {""id"": ""ent_8"", ""value"": ""fever, chills"", ""preferred_name"": ""Fever with chills"", ""cui"": ""274640006"", ""category"": ""finding"", ""negated"": false, ""subject"": ""Patient"", ""start"": 836, ""end"": 849}, {""id"": ""ent_9"", ""value"": ""night sweats"", ""preferred_name"": ""Night sweats"", ""cui"": ""42984000"", ""category"": ""finding"", ""negated"": false, ""subject"": ""Patient"", ""start"": 854, ""end"": 866}, {""id"": ""ent_10"", ""value"": ""normal sinus rhythm"", ""preferred_name"": ""Normal sinus rhythm"", ""cui"": ""64730000"", ""category"": ""finding"", ""negated"": false, ""subject"": ""Patient"", ""start"": 926, ""end"": 945}, {""id"": ""ent_11"", ""value"": ""conduction abnormalities"", ""preferred_name"": ""Abnormal cardiac conduction"", ""cui"": ""36358004"", ""category"": ""finding"", ""negated"": false, ""subject"": ""Patient"", ""start"": 968, ""end"": 992}, {""id"": ""ent_12"", ""value"": ""murmurs"", ""preferred_name"": ""Murmur"", ""cui"": ""414786004"", ""category"": ""finding"", ""negated"": false, ""subject"": ""Patient"", ""start"": 1028, ""end"": 1035}, {""id"": ""ent_13"", ""value"": ""sleep apnea"", ""preferred_name"": ""Sleep apnea"", ""cui"": ""73430006"", ""category"": ""disorder"", ""negated"": false, ""subject"": ""Patient"", ""start"": 1057, ""end"": 1068}, {""id"": ""ent_14"", ""value"": ""congenital malformation"", ""preferred_name"": ""Congenital malformation"", ""cui"": ""276654001"", ""category"": ""disorder"", ""negated"": false, ""subject"": ""Patient"", ""start"": 1171, ""end"": 1194}, {""id"": ""ent_15"", ""value"": ""vital signs"", ""preferred_name"": ""Vital signs finding"", ""cui"": ""118227000"", ""category"": ""finding"", ""negated"": false, ""subject"": ""Patient"", ""start"": 1318, ""end"": 1329}, {""id"": ""ent_16"", ""value"": ""cerebral hemorrhage"", ""preferred_name"": ""Cerebral hemorrhage"", ""cui"": ""274100004"", ""category"": ""disorder"", ""negated"": false, ""subject"": ""Patient"", ""start"": 1348, ""end"": 1367}, {""id"": ""ent_17"", ""value"": ""IBS"", ""preferred_name"": ""Irritable bowel syndrome"", ""cui"": ""10743008"", ""category"": ""disorder"", ""negated"": false, ""subject"": ""Patient"", ""start"": 1461, ""end"": 1464}, {""id"": ""ent_18"", ""value"": ""IBS"", ""preferred_name"": ""Irritable bowel syndrome"", ""cui"": ""10743008"", ""category"": ""disorder"", ""negated"": false, ""subject"": ""Patient"", ""start"": 1470, ""end"": 1473}]","[{""id"": ""abs_1"", ""value"": ""2024-11"", ""start"": 6, ""end"": 13}, {""id"": ""abs_2"", ""value"": ""18/12/2024"", ""start"": 685, ""end"": 695}, {""id"": ""abs_3"", ""value"": ""Jan 2025"", ""start"": 1280, ""end"": 1288}]","[{""id"": ""rel_1"", ""value"": ""this morning"", ""start"": 748, ""end"": 760, ""pattern_type"": ""part_of_day""}, {""id"": ""rel_2"", ""value"": ""3 months"", ""start"": 98, ""end"": 106, ""pattern_type"": ""numeric_simple""}]"
6,85,"MRI (12.07.24): evidence of edema. imp: Parkinson's_disease

 MRI of the brain demonstrates age-appropriate atrophy without evidence of mass or stroke.Phone note((31st Jul 2024)): stable. observe and reassess

Endocrinology CONSULT (18 Aug'24): rule out pneumonia refer to Internal Medicine

 A review of systems was otherwise negative.Labs (26 Sep 2024): abnormal LFTs. confirmed osteoarthritis

CLINIC VISIT (09rd Oct 2024): weight gain wor Complete blood count shows WBC 7.2, Hgb 13.5, Plt 250. Follow-up appointment scheduled in 3 months.
HEENT: Normocephalic, atraumatic. Pupils equal, round, and reactive to light. The patient's vital signs are stable.
She denies any nausea, vomiting, or diarrhea.
Chest X-ray reveals clear lung fields without infiltrates or effusions. Medications were reconciled during the visit. sening suspect ulcerative_colitis taper medication

CLINIC VISIT (17.10.24): dizziness stable unclear etiology, could be microadenoma vs pituitary_adenoma cont current medications
 Complete blood count shows WBC 7.2, Hgb 13.5, Plt 250.
 Imaging studies were reviewed with the patient.F/U (16/12/24): improved.
Patient was instructed on proper medication administration techniques. Basic metabolic panel within normal limits with sodium 140, potassium 4.2, creatinine 0.9. suspect epilepsy f/u in 6 months","[{""id"": ""ent_1"", ""value"": ""Parkinson's_disease"", ""preferred_name"": ""Parkinson's disease"", ""cui"": ""49049000"", ""category"": ""disorder"", ""negated"": false, ""subject"": ""Patient"", ""start"": 40, ""end"": 59}, {""id"": ""ent_2"", ""value"": ""pneumonia"", ""preferred_name"": ""Viral pneumonia"", ""cui"": ""75570004"", ""category"": ""disorder"", ""negated"": false, ""subject"": ""Other"", ""start"": 254, ""end"": 263}, {""id"": ""ent_3"", ""value"": ""abnormal LFTs"", ""preferred_name"": ""Liver function tests abnormal"", ""cui"": ""166603001"", ""category"": ""finding"", ""negated"": false, ""subject"": ""Other"", ""start"": 356, ""end"": 369}, {""id"": ""ent_4"", ""value"": ""osteoarthritis"", ""preferred_name"": ""Osteoarthritis"", ""cui"": ""396275006"", ""category"": ""disorder"", ""negated"": false, ""subject"": ""Other"", ""start"": 381, ""end"": 395}, {""id"": ""ent_5"", ""value"": ""weight gain"", ""preferred_name"": ""Weight gain"", ""cui"": ""8943002"", ""category"": ""finding"", ""negated"": false, ""subject"": ""Patient"", ""start"": 427, ""end"": 438}, {""id"": ""ent_6"", ""value"": ""vital signs"", ""preferred_name"": ""Vital signs finding"", ""cui"": ""118227000"", ""category"": ""finding"", ""negated"": false, ""subject"": ""Other"", ""start"": 635, ""end"": 646}, {""id"": ""ent_7"", ""value"": ""nausea, vomiting"", ""preferred_name"": ""Nausea and vomiting"", ""cui"": ""16932000"", ""category"": ""disorder"", ""negated"": false, ""subject"": ""Patient"", ""start"": 674, ""end"": 690}, {""id"": ""ent_8"", ""value"": ""diarrhea"", ""preferred_name"": ""Diarrhea"", ""cui"": ""62315008"", ""category"": ""finding"", ""negated"": false, ""subject"": ""Patient"", ""start"": 695, ""end"": 703}, {""id"": ""ent_9"", ""value"": ""infiltrates"", ""preferred_name"": ""Radiologic infiltrate of lung"", ""cui"": ""409609008"", ""category"": ""disorder"", ""negated"": false, ""subject"": ""Other"", ""start"": 751, ""end"": 762}, {""id"": ""ent_10"", ""value"": ""effusions"", ""preferred_name"": ""Effusion"", ""cui"": ""430869004"", ""category"": ""substance"", ""negated"": false, ""subject"": ""Other"", ""start"": 766, ""end"": 775}, {""id"": ""ent_11"", ""value"": ""ulcerative_colitis"", ""preferred_name"": ""Ulcerative colitis"", ""cui"": ""64766004"", ""category"": ""disorder"", ""negated"": false, ""subject"": ""Other"", ""start"": 838, ""end"": 856}, {""id"": ""ent_12"", ""value"": ""dizziness"", ""preferred_name"": ""Dizziness"", ""cui"": ""404640003"", ""category"": ""finding"", ""negated"": false, ""subject"": ""Patient"", ""start"": 900, ""end"": 909}, {""id"": ""ent_13"", ""value"": ""pituitary_adenoma"", ""preferred_name"": ""Pituitary adenoma"", ""cui"": ""254956000"", ""category"": ""disorder"", ""negated"": false, ""subject"": ""Other"", ""start"": 960, ""end"": 977}, {""id"": ""ent_14"", ""value"": ""epilepsy"", ""preferred_name"": ""Epilepsy"", ""cui"": ""84757009"", ""category"": ""disorder"", ""negated"": false, ""subject"": ""Other"", ""start"": 1303, ""end"": 1311}]","[{""id"": ""abs_1"", ""value"": ""Jul 2024"", ""start"": 168, ""end"": 176}, {""id"": ""abs_2"", ""value"": ""Sep 2024"", ""start"": 345, ""end"": 353}, {""id"": ""abs_3"", ""value"": ""Oct 2024"", ""start"": 416, ""end"": 424}, {""id"": ""abs_4"", ""value"": ""16/12/24"", ""start"": 1112, ""end"": 1120}]","[{""id"": ""rel_1"", ""value"": ""3 months"", ""start"": 533, ""end"": 541, ""pattern_type"": ""numeric_simple""}, {""id"": ""rel_2"", ""value"": ""6 months"", ""start"": 1319, ""end"": 1327, ""pattern_type"": ""numeric_simple""}]"
7,86,"Phone note((28.10.24)): progressive.increase dose


Urinalysis negative for blood, protein, and leukocyte esterase.Psychiatry CONSULT (07th Nov 2024): likely migraine schedule PET scan

Initial assessment((11 Dec'24)): pt presents w/ frequent urin Labs from this morning were unremarkable.
The patient's vital signs are stable. Will continue current medication regimen and reassess in 3 months. ation.rule out asthma


Neurological exam within normal limits.Patient is afebrile with normal vital signs.

The patient was advised to return if symptoms worsen.F/U (18.01.25): progressive.suspect stroke admit to hospital

 Patient reports occasional use of over-the-counter analgesics for pain management.Neurological exam within normal limits.

Cardiovascular: Regular rate and rhythm. No murmurs, rubs, or gallops. Normal S1 and S2.The patient was counseled on lifestyle modifications.
CT (25.01.25): shows 2.7cm mass in pancreas.imp: depression

Past medical history is non-contributory. Assessment includes hydrocephalus.
 Medication dosages were adjusted based on recent laboratory findings.Visit((27/01/25)): pt presents w/ rash.suspect hyperlipidemia

 Medications were reconciled during the visit.Recommended lifestyle modifications including diet changes and regular exercise.
Labs (18th Feb 2025): elevated glucose.consistent w/ migraine","[{""id"": ""ent_1"", ""value"": ""migraine"", ""preferred_name"": ""Migraine"", ""cui"": ""37796009"", ""category"": ""disorder"", ""negated"": false, ""subject"": ""Other"", ""start"": 158, ""end"": 166}, {""id"": ""ent_2"", ""value"": ""vital signs"", ""preferred_name"": ""Vital signs finding"", ""cui"": ""118227000"", ""category"": ""finding"", ""negated"": false, ""subject"": ""Other"", ""start"": 304, ""end"": 315}, {""id"": ""ent_3"", ""value"": ""asthma"", ""preferred_name"": ""Asthma"", ""cui"": ""195967001"", ""category"": ""disorder"", ""negated"": false, ""subject"": ""Other"", ""start"": 410, ""end"": 416}, {""id"": ""ent_4"", ""value"": ""normal vital signs"", ""preferred_name"": ""Normal vital signs"", ""cui"": ""72970002"", ""category"": ""finding"", ""negated"": false, ""subject"": ""Other"", ""start"": 483, ""end"": 501}, {""id"": ""ent_5"", ""value"": ""analgesics"", ""preferred_name"": ""Analgesic"", ""cui"": ""373265006"", ""category"": ""substance"", ""negated"": false, ""subject"": ""Other"", ""start"": 671, ""end"": 681}, {""id"": ""ent_6"", ""value"": ""murmurs"", ""preferred_name"": ""Murmur"", ""cui"": ""414786004"", ""category"": ""finding"", ""negated"": false, ""subject"": ""Other"", ""start"": 787, ""end"": 794}, {""id"": ""ent_7"", ""value"": ""rubs"", ""preferred_name"": ""Pericardial friction rub"", ""cui"": ""7036007"", ""category"": ""finding"", ""negated"": false, ""subject"": ""Other"", ""start"": 796, ""end"": 800}, {""id"": ""ent_8"", ""value"": ""lifestyle"", ""preferred_name"": ""Lifestyle"", ""cui"": ""134436002"", ""category"": ""finding"", ""negated"": false, ""subject"": ""Other"", ""start"": 860, ""end"": 869}, {""id"": ""ent_9"", ""value"": ""depression"", ""preferred_name"": ""Depressive disorder"", ""cui"": ""35489007"", ""category"": ""disorder"", ""negated"": false, ""subject"": ""Other"", ""start"": 934, ""end"": 944}, {""id"": ""ent_10"", ""value"": ""hydrocephalus"", ""preferred_name"": ""Hydrocephalus"", ""cui"": ""230745008"", ""category"": ""disorder"", ""negated"": false, ""subject"": ""Other"", ""start"": 1008, ""end"": 1021}, {""id"": ""ent_11"", ""value"": ""rash"", ""preferred_name"": ""Eruption of skin"", ""cui"": ""271807003"", ""category"": ""disorder"", ""negated"": false, ""subject"": ""Other"", ""start"": 1127, ""end"": 1131}, {""id"": ""ent_12"", ""value"": ""hyperlipidemia"", ""preferred_name"": ""Hyperlipidemia"", ""cui"": ""55822004"", ""category"": ""disorder"", ""negated"": false, ""subject"": ""Other"", ""start"": 1140, ""end"": 1154}, {""id"": ""ent_13"", ""value"": ""lifestyle"", ""preferred_name"": ""Lifestyle"", ""cui"": ""134436002"", ""category"": ""finding"", ""negated"": false, ""subject"": ""Other"", ""start"": 1214, ""end"": 1223}, {""id"": ""ent_14"", ""value"": ""diet"", ""preferred_name"": ""Dietary finding"", ""cui"": ""41829006"", ""category"": ""finding"", ""negated"": false, ""subject"": ""Other"", ""start"": 1248, ""end"": 1252}, {""id"": ""ent_15"", ""value"": ""migraine"", ""preferred_name"": ""Migraine"", ""cui"": ""37796009"", ""category"": ""disorder"", ""negated"": false, ""subject"": ""Other"", ""start"": 1336, ""end"": 1344}]","[{""id"": ""abs_1"", ""value"": ""Nov 2024"", ""start"": 140, ""end"": 148}, {""id"": ""abs_2"", ""value"": ""27/01/25"", ""start"": 1100, ""end"": 1108}, {""id"": ""abs_3"", ""value"": ""Feb 2025"", ""start"": 1294, ""end"": 1302}]","[{""id"": ""rel_1"", ""value"": ""this morning"", ""start"": 258, ""end"": 270, ""pattern_type"": ""part_of_day""}, {""id"": ""rel_2"", ""value"": ""3 months"", ""start"": 385, ""end"": 393, ""pattern_type"": ""numeric_simple""}]"
8,87,",F/U (05th Sep 2024): unchanged.unclear etiology, could be osteoarthritis vs pneumonia f/u in 3 months

CLINIC VISIT (16th Oct 2024): back pain stable .consistent w/ multiple_sclerosis refer to Rheumatology

Labs ( Patient given educational materials regarding disease management. Psychiatric: Alert and oriented x3. Mood and affect appropriate. Patient is afebrile with normal vital signs. No known drug allergies or adverse reactions reported. Will continue current medication regimen and reassess in 3 months. No acute distress noted on examination. 12 Nov 2024): normal CBC.confirmed fibromyalgia
 HEENT: Normocephalic, atraumatic. Pupils equal, round, and reactive to light.
Oncolo,gy CONSULT (05.01.25): confirmed multiple_sclerosis refer to Endocrinology

CLINIC VISIT (14/02/25): weight gain improved likely hyperthyroidism cont current medications

MRI (2025-03-08): no significant findings.imp: epilepsy

Oncology CONSULT (20 Apr 2025) Medication dosages were adjusted based on recent laboratory findings.
Basic metabolic panel within normal limits with sodium 140, potassium 4.2, creatinine 0.9. Patient advised to maintain a symptom diary for review at next appointment. The patient was advised to return if symptoms worsen. : resolving depression cont current medications","[{""id"": ""ent_1"", ""value"": ""osteoarthritis"", ""preferred_name"": ""Osteoarthritis"", ""cui"": ""396275006"", ""category"": ""disorder"", ""negated"": false, ""subject"": ""Other"", ""start"": 59, ""end"": 73}, {""id"": ""ent_2"", ""value"": ""pneumonia"", ""preferred_name"": ""Viral pneumonia"", ""cui"": ""75570004"", ""category"": ""disorder"", ""negated"": false, ""subject"": ""Other"", ""start"": 77, ""end"": 86}, {""id"": ""ent_3"", ""value"": ""back pain"", ""preferred_name"": ""Backache"", ""cui"": ""161891005"", ""category"": ""finding"", ""negated"": false, ""subject"": ""Patient"", ""start"": 134, ""end"": 143}, {""id"": ""ent_4"", ""value"": ""multiple_sclerosis"", ""preferred_name"": ""Multiple sclerosis"", ""cui"": ""24700007"", ""category"": ""disorder"", ""negated"": false, ""subject"": ""Other"", ""start"": 166, ""end"": 184}, {""id"": ""ent_5"", ""value"": ""materials"", ""preferred_name"": ""Material"", ""cui"": ""260769002"", ""category"": ""substance"", ""negated"": false, ""subject"": ""Other"", ""start"": 241, ""end"": 250}, {""id"": ""ent_6"", ""value"": ""normal vital signs"", ""preferred_name"": ""Normal vital signs"", ""cui"": ""72970002"", ""category"": ""finding"", ""negated"": false, ""subject"": ""Other"", ""start"": 371, ""end"": 389}, {""id"": ""ent_7"", ""value"": ""adverse reactions"", ""preferred_name"": ""Adverse reaction"", ""cui"": ""281647001"", ""category"": ""disorder"", ""negated"": false, ""subject"": ""Other"", ""start"": 418, ""end"": 435}, {""id"": ""ent_8"", ""value"": ""fibromyalgia"", ""preferred_name"": ""Fibromyalgia"", ""cui"": ""203082005"", ""category"": ""disorder"", ""negated"": false, ""subject"": ""Patient"", ""start"": 588, ""end"": 600}, {""id"": ""ent_9"", ""value"": ""multiple_sclerosis"", ""preferred_name"": ""Multiple sclerosis"", ""cui"": ""24700007"", ""category"": ""disorder"", ""negated"": false, ""subject"": ""Other"", ""start"": 720, ""end"": 738}, {""id"": ""ent_10"", ""value"": ""weight gain"", ""preferred_name"": ""Weight gain"", ""cui"": ""8943002"", ""category"": ""finding"", ""negated"": false, ""subject"": ""Patient"", ""start"": 788, ""end"": 799}, {""id"": ""ent_11"", ""value"": ""hyperthyroidism"", ""preferred_name"": ""Hyperthyroidism"", ""cui"": ""34486009"", ""category"": ""disorder"", ""negated"": false, ""subject"": ""Patient"", ""start"": 816, ""end"": 831}, {""id"": ""ent_12"", ""value"": ""epilepsy"", ""preferred_name"": ""Epilepsy"", ""cui"": ""84757009"", ""category"": ""disorder"", ""negated"": false, ""subject"": ""Other"", ""start"": 905, ""end"": 913}, {""id"": ""ent_13"", ""value"": ""next appointment"", ""preferred_name"": ""Next appointment"", ""cui"": ""390840006"", ""category"": ""finding"", ""negated"": false, ""subject"": ""Other"", ""start"": 1165, ""end"": 1181}, {""id"": ""ent_14"", ""value"": ""depression"", ""preferred_name"": ""Depressive disorder"", ""cui"": ""35489007"", ""category"": ""disorder"", ""negated"": false, ""subject"": ""Patient"", ""start"": 1249, ""end"": 1259}]","[{""id"": ""abs_1"", ""value"": ""Sep 2024"", ""start"": 11, ""end"": 19}, {""id"": ""abs_2"", ""value"": ""Oct 2024"", ""start"": 123, ""end"": 131}, {""id"": ""abs_3"", ""value"": ""Nov 2024"", ""start"": 556, ""end"": 564}, {""id"": ""abs_4"", ""value"": ""14/02/25"", ""start"": 777, ""end"": 785}, {""id"": ""abs_5"", ""value"": ""2025-03"", ""start"": 863, ""end"": 870}, {""id"": ""abs_6"", ""value"": ""Apr 2025"", ""start"": 936, ""end"": 944}]","[{""id"": ""rel_1"", ""value"": ""3 months"", ""start"": 94, ""end"": 102, ""pattern_type"": ""numeric_simple""}]"
9,88,"Phone note((29 May 2024)): resolved. switch to amitriptyline

F/U (03.06.24): stable. consistent with osteoarthritis taper medication
 Musculoskeletal: Full range of motion in all extremities. No edema or deformity noted.


 CT scan of the head shows no acute intracranial abnormalities.Chest X-ray reveals clear lung fields without infiltrates or effusions.Patient reports compliance with current medication regimen.Phone note((14/06/24)): fluctuating. increase dose

Evaluation((11st Aug 2024)): pt presents with joint pain. suspect macroadenoma

Labs (16th Sep 2024): normal che Medications were reconciled during the visit. Patient advised to maintain a symptom diary for review at next appointmen Recommended lifestyle modifications including diet changes and regular exercise.
Will order additional laboratory studies at next visit if symptoms persist. Cardiovascular: Regular rate and rhythm. No murmurs, rubs, or gallops. Normal S1 and S2. CT scan of the head shows no acute intracranial abnormalities. t.

Imaging studies were reviewed with the patient.A review of systems was otherwise negative. GI: Bowel sounds present in all four quadrants. No hepatosplenomegaly. mistry panel. Noted congenital malformation in medical history. unclear etiology, could be epilepsy vs leukemia

PET scan (27-10-2024): consistent with microadenoma. imp: microadenoma","[{""id"": ""ent_1"", ""value"": ""amitriptyline"", ""preferred_name"": ""Amitriptyline"", ""cui"": ""372726002"", ""category"": ""substance"", ""negated"": false, ""subject"": ""Other"", ""start"": 47, ""end"": 60}, {""id"": ""ent_2"", ""value"": ""osteoarthritis"", ""preferred_name"": ""Osteoarthritis"", ""cui"": ""396275006"", ""category"": ""disorder"", ""negated"": false, ""subject"": ""Other"", ""start"": 102, ""end"": 116}, {""id"": ""ent_3"", ""value"": ""Musculoskeletal"", ""preferred_name"": ""Musculoskeletal finding"", ""cui"": ""106028002"", ""category"": ""finding"", ""negated"": false, ""subject"": ""Other"", ""start"": 135, ""end"": 150}, {""id"": ""ent_4"", ""value"": ""deformity"", ""preferred_name"": ""Deformity"", ""cui"": ""417893002"", ""category"": ""finding"", ""negated"": false, ""subject"": ""Other"", ""start"": 205, ""end"": 214}, {""id"": ""ent_5"", ""value"": ""infiltrates"", ""preferred_name"": ""Radiologic infiltrate of lung"", ""cui"": ""409609008"", ""category"": ""disorder"", ""negated"": false, ""subject"": ""Other"", ""start"": 333, ""end"": 344}, {""id"": ""ent_6"", ""value"": ""effusions"", ""preferred_name"": ""Effusion"", ""cui"": ""430869004"", ""category"": ""substance"", ""negated"": false, ""subject"": ""Other"", ""start"": 348, ""end"": 357}, {""id"": ""ent_7"", ""value"": ""joint pain"", ""preferred_name"": ""Joint pain"", ""cui"": ""57676002"", ""category"": ""finding"", ""negated"": false, ""subject"": ""Other"", ""start"": 515, ""end"": 525}, {""id"": ""ent_8"", ""value"": ""next appointmen"", ""preferred_name"": ""Next appointment"", ""cui"": ""390840006"", ""category"": ""finding"", ""negated"": false, ""subject"": ""Other"", ""start"": 686, ""end"": 701}, {""id"": ""ent_9"", ""value"": ""lifestyle"", ""preferred_name"": ""Lifestyle"", ""cui"": ""134436002"", ""category"": ""finding"", ""negated"": false, ""subject"": ""Other"", ""start"": 714, ""end"": 723}, {""id"": ""ent_10"", ""value"": ""diet"", ""preferred_name"": ""Dietary finding"", ""cui"": ""41829006"", ""category"": ""finding"", ""negated"": false, ""subject"": ""Other"", ""start"": 748, ""end"": 752}, {""id"": ""ent_11"", ""value"": ""murmurs"", ""preferred_name"": ""Murmur"", ""cui"": ""414786004"", ""category"": ""finding"", ""negated"": false, ""subject"": ""Other"", ""start"": 903, ""end"": 910}, {""id"": ""ent_12"", ""value"": ""rubs"", ""preferred_name"": ""Pericardial friction rub"", ""cui"": ""7036007"", ""category"": ""finding"", ""negated"": false, ""subject"": ""Other"", ""start"": 912, ""end"": 916}, {""id"": ""ent_13"", ""value"": ""hepatosplenomegaly"", ""preferred_name"": ""Hepatosplenomegaly"", ""cui"": ""36760000"", ""category"": ""disorder"", ""negated"": false, ""subject"": ""Other"", ""start"": 1157, ""end"": 1175}, {""id"": ""ent_14"", ""value"": ""congenital malformation"", ""preferred_name"": ""Congenital malformation"", ""cui"": ""276654001"", ""category"": ""disorder"", ""negated"": false, ""subject"": ""Other"", ""start"": 1197, ""end"": 1220}, {""id"": ""ent_15"", ""value"": ""epilepsy"", ""preferred_name"": ""Epilepsy"", ""cui"": ""84757009"", ""category"": ""disorder"", ""negated"": false, ""subject"": ""Other"", ""start"": 1268, ""end"": 1276}, {""id"": ""ent_16"", ""value"": ""leukemia"", ""preferred_name"": ""Leukemia, disease"", ""cui"": ""93143009"", ""category"": ""disorder"", ""negated"": false, ""subject"": ""Other"", ""start"": 1280, ""end"": 1288}]","[{""id"": ""abs_1"", ""value"": ""May 2024"", ""start"": 15, ""end"": 23}, {""id"": ""abs_2"", ""value"": ""14/06/24"", ""start"": 429, ""end"": 437}, {""id"": ""abs_3"", ""value"": ""Aug 2024"", ""start"": 486, ""end"": 494}, {""id"": ""abs_4"", ""value"": ""Sep 2024"", ""start"": 560, ""end"": 568}, {""id"": ""abs_5"", ""value"": ""27-10-2024"", ""start"": 1300, ""end"": 1310}]",[]
10,89,"CLINIC VISIT (17.02.25): rash unchanged rule out hypothyroidism switch to cabergoline

CLINIC VISIT (21/02/25): weight gain fluctuating confirme GI: Bowel sounds present in all four quadrants.

Imaging studies were reviewed with the patient.Skin: No rashes, lesions, or abnormal pigmentation. Good turgor and hydration. Follow-up appointment scheduled in 3 months. MRI of the brain demonstrates age-appropriate atrophy without evidence of mass or stroke.
Current medications include: lisinopril 10mg daily, metformin 500mg twice daily, and atorvastatin 20mg at bedtime. Noted disorder of optic nerve in medical history.
GI: Bowel sounds present in all four quadrants. No hepatosplenomegaly. No hepatosplenomegaly. Patient has a history of congenital malformation. CT scan of the head shows no acute intracranial abnormalities. Patient is afebrile with normal vital signs.
Patient tolerated the procedure well. cyst was discussed.
EKG shows normal sinus rhythm without ST changes or conduction abnormalities. The patient was advised to return if symptoms worsen. Past medical history is non-contributory. d macroadenoma increase dose
 Basic metabolic panel within normal limits with sodium 140, potassium 4.2, creatinine 0.9. Patient tolerated the procedure well.
URGENT REVIEW (25st Feb 2025): fev Follow-up appointment scheduled in 3 months. He denies any fever, chills, or night sweats. er. Abdomen: Soft, non-tender, non-distended. resolving hyperlipidemia","[{""id"": ""ent_1"", ""value"": ""rash"", ""preferred_name"": ""Eruption of skin"", ""cui"": ""271807003"", ""category"": ""disorder"", ""negated"": false, ""subject"": ""Patient"", ""start"": 25, ""end"": 29}, {""id"": ""ent_2"", ""value"": ""hypothyroidism"", ""preferred_name"": ""Hypothyroidism"", ""cui"": ""40930008"", ""category"": ""disorder"", ""negated"": false, ""subject"": ""Patient"", ""start"": 49, ""end"": 63}, {""id"": ""ent_3"", ""value"": ""cabergoline"", ""preferred_name"": ""Cabergoline"", ""cui"": ""386979007"", ""category"": ""substance"", ""negated"": false, ""subject"": ""Patient"", ""start"": 74, ""end"": 85}, {""id"": ""ent_4"", ""value"": ""weight gain"", ""preferred_name"": ""Weight gain"", ""cui"": ""8943002"", ""category"": ""finding"", ""negated"": false, ""subject"": ""Patient"", ""start"": 112, ""end"": 123}, {""id"": ""ent_5"", ""value"": ""rashes"", ""preferred_name"": ""Eruption of skin"", ""cui"": ""271807003"", ""category"": ""disorder"", ""negated"": false, ""subject"": ""Patient"", ""start"": 250, ""end"": 256}, {""id"": ""ent_6"", ""value"": ""stroke"", ""preferred_name"": ""Cerebrovascular accident"", ""cui"": ""230690007"", ""category"": ""disorder"", ""negated"": false, ""subject"": ""Other"", ""start"": 447, ""end"": 453}, {""id"": ""ent_7"", ""value"": ""lisinopril"", ""preferred_name"": ""Lisinopril"", ""cui"": ""386873009"", ""category"": ""substance"", ""negated"": false, ""subject"": ""Other"", ""start"": 484, ""end"": 494}, {""id"": ""ent_8"", ""value"": ""metformin"", ""preferred_name"": ""Metformin"", ""cui"": ""372567009"", ""category"": ""substance"", ""negated"": false, ""subject"": ""Other"", ""start"": 507, ""end"": 516}, {""id"": ""ent_9"", ""value"": ""atorvastatin"", ""preferred_name"": ""Atorvastatin"", ""cui"": ""373444002"", ""category"": ""substance"", ""negated"": false, ""subject"": ""Patient"", ""start"": 540, ""end"": 552}, {""id"": ""ent_10"", ""value"": ""disorder of optic nerve"", ""preferred_name"": ""Disorder of optic nerve"", ""cui"": ""77157004"", ""category"": ""disorder"", ""negated"": false, ""subject"": ""Patient"", ""start"": 576, ""end"": 599}, {""id"": ""ent_11"", ""value"": ""hepatosplenomegaly"", ""preferred_name"": ""Hepatosplenomegaly"", ""cui"": ""36760000"", ""category"": ""disorder"", ""negated"": false, ""subject"": ""Patient"", ""start"": 671, ""end"": 689}, {""id"": ""ent_12"", ""value"": ""hepatosplenomegaly"", ""preferred_name"": ""Hepatosplenomegaly"", ""cui"": ""36760000"", ""category"": ""disorder"", ""negated"": false, ""subject"": ""Patient"", ""start"": 694, ""end"": 712}, {""id"": ""ent_13"", ""value"": ""congenital malformation"", ""preferred_name"": ""Congenital malformation"", ""cui"": ""276654001"", ""category"": ""disorder"", ""negated"": false, ""subject"": ""Patient"", ""start"": 739, ""end"": 762}, {""id"": ""ent_14"", ""value"": ""normal vital signs"", ""preferred_name"": ""Normal vital signs"", ""cui"": ""72970002"", ""category"": ""finding"", ""negated"": false, ""subject"": ""Patient"", ""start"": 852, ""end"": 870}, {""id"": ""ent_15"", ""value"": ""cyst"", ""preferred_name"": ""Cyst"", ""cui"": ""441457006"", ""category"": ""disorder"", ""negated"": false, ""subject"": ""Patient"", ""start"": 910, ""end"": 914}, {""id"": ""ent_16"", ""value"": ""normal sinus rhythm"", ""preferred_name"": ""Normal sinus rhythm"", ""cui"": ""64730000"", ""category"": ""finding"", ""negated"": false, ""subject"": ""Patient"", ""start"": 940, ""end"": 959}, {""id"": ""ent_17"", ""value"": ""conduction abnormalities"", ""preferred_name"": ""Abnormal cardiac conduction"", ""cui"": ""36358004"", ""category"": ""finding"", ""negated"": false, ""subject"": ""Patient"", ""start"": 982, ""end"": 1006}, {""id"": ""ent_18"", ""value"": ""fever, chills"", ""preferred_name"": ""Fever with chills"", ""cui"": ""274640006"", ""category"": ""finding"", ""negated"": false, ""subject"": ""Patient"", ""start"": 1357, ""end"": 1370}, {""id"": ""ent_19"", ""value"": ""night sweats"", ""preferred_name"": ""Night sweats"", ""cui"": ""42984000"", ""category"": ""finding"", ""negated"": false, ""subject"": ""Patient"", ""start"": 1375, ""end"": 1387}, {""id"": ""ent_20"", ""value"": ""hyperlipidemia"", ""preferred_name"": ""Hyperlipidemia"", ""cui"": ""55822004"", ""category"": ""disorder"", ""negated"": false, ""subject"": ""Patient"", ""start"": 1445, ""end"": 1459}]","[{""id"": ""abs_1"", ""value"": ""21/02/25"", ""start"": 101, ""end"": 109}, {""id"": ""abs_2"", ""value"": ""Feb 2025"", ""start"": 1283, ""end"": 1291}]","[{""id"": ""rel_1"", ""value"": ""3 months"", ""start"": 352, ""end"": 360, ""pattern_type"": ""numeric_simple""}]"
1,90,"URGENT REVIEW (26st Feb 2025): mood changes.suspe Past medical history is non-contributory.
The patient was advised to return if symptoms worsen. Medication dosages were adjusted based on recent laboratory findings. A review of systems was otherwise negative. ct bronchitis

F/U (15st Apr 2025): relapse.consistent w/ bipolar_disorder increase dose

Psychiatric: Alert and oriented x3. Mood and affect appropriate.
Patient was instructed on proper medication administration techniques. Urinalysis negative for blood, protein, and leukocyte esterase.
 The plan was discussed with the patient, who understands and agrees. She denies any nausea, vomiting, or diarrhea.URGENT REVIEW (04th Jun 2025): chest pain.unclear etiology,could be fibromyalgia vs hyperthyroidism

Rheumatology CONSULT (16/06/2025): new diagnosis of schizophrenia cont current medications

 The patient was advised to return if symptoms worsen.Labs (25.07.25): low  GI: Bowel sounds present in all four quadrants. No hepatosplenomegaly. EKG shows normal sinus rhythm without ST changes or conduction abnormalities. Labs from this morning were unremarkable. vitamin D.suspect multiple_sclerosis

Imaging studies were reviewed with the patient.
F/U (07-09-2025): fluctuating.consistent w/ leukemia taper medication","[{""id"": ""ent_1"", ""value"": ""mood changes"", ""preferred_name"": ""Mood swings"", ""cui"": ""18963009"", ""category"": ""finding"", ""negated"": false, ""subject"": ""Patient"", ""start"": 31, ""end"": 43}, {""id"": ""ent_2"", ""value"": ""bronchitis"", ""preferred_name"": ""Bronchitis"", ""cui"": ""32398004"", ""category"": ""disorder"", ""negated"": false, ""subject"": ""Other"", ""start"": 263, ""end"": 273}, {""id"": ""ent_3"", ""value"": ""bipolar_disorder"", ""preferred_name"": ""Bipolar disorder"", ""cui"": ""13746004"", ""category"": ""disorder"", ""negated"": false, ""subject"": ""Other"", ""start"": 318, ""end"": 334}, {""id"": ""ent_4"", ""value"": ""nausea, vomiting"", ""preferred_name"": ""Nausea and vomiting"", ""cui"": ""16932000"", ""category"": ""disorder"", ""negated"": false, ""subject"": ""Patient"", ""start"": 635, ""end"": 651}, {""id"": ""ent_5"", ""value"": ""diarrhea"", ""preferred_name"": ""Diarrhea"", ""cui"": ""62315008"", ""category"": ""finding"", ""negated"": false, ""subject"": ""Other"", ""start"": 656, ""end"": 664}, {""id"": ""ent_6"", ""value"": ""chest pain"", ""preferred_name"": ""Chest pain"", ""cui"": ""29857009"", ""category"": ""finding"", ""negated"": false, ""subject"": ""Patient"", ""start"": 696, ""end"": 706}, {""id"": ""ent_7"", ""value"": ""fibromyalgia"", ""preferred_name"": ""Fibromyalgia"", ""cui"": ""203082005"", ""category"": ""disorder"", ""negated"": false, ""subject"": ""Other"", ""start"": 733, ""end"": 745}, {""id"": ""ent_8"", ""value"": ""hyperthyroidism"", ""preferred_name"": ""Hyperthyroidism"", ""cui"": ""34486009"", ""category"": ""disorder"", ""negated"": false, ""subject"": ""Other"", ""start"": 749, ""end"": 764}, {""id"": ""ent_9"", ""value"": ""schizophrenia"", ""preferred_name"": ""Schizophrenia"", ""cui"": ""58214004"", ""category"": ""disorder"", ""negated"": false, ""subject"": ""Other"", ""start"": 818, ""end"": 831}, {""id"": ""ent_10"", ""value"": ""hepatosplenomegaly"", ""preferred_name"": ""Hepatosplenomegaly"", ""cui"": ""36760000"", ""category"": ""disorder"", ""negated"": false, ""subject"": ""Other"", ""start"": 985, ""end"": 1003}, {""id"": ""ent_11"", ""value"": ""normal sinus rhythm"", ""preferred_name"": ""Normal sinus rhythm"", ""cui"": ""64730000"", ""category"": ""finding"", ""negated"": false, ""subject"": ""Other"", ""start"": 1015, ""end"": 1034}, {""id"": ""ent_12"", ""value"": ""conduction abnormalities"", ""preferred_name"": ""Abnormal cardiac conduction"", ""cui"": ""36358004"", ""category"": ""finding"", ""negated"": false, ""subject"": ""Other"", ""start"": 1057, ""end"": 1081}, {""id"": ""ent_13"", ""value"": ""vitamin D"", ""preferred_name"": ""Vitamin D"", ""cui"": ""30178006"", ""category"": ""substance"", ""negated"": false, ""subject"": ""Other"", ""start"": 1125, ""end"": 1134}, {""id"": ""ent_14"", ""value"": ""multiple_sclerosis"", ""preferred_name"": ""Multiple sclerosis"", ""cui"": ""24700007"", ""category"": ""disorder"", ""negated"": false, ""subject"": ""Other"", ""start"": 1143, ""end"": 1161}, {""id"": ""ent_15"", ""value"": ""leukemia"", ""preferred_name"": ""Leukemia, disease"", ""cui"": ""93143009"", ""category"": ""disorder"", ""negated"": false, ""subject"": ""Other"", ""start"": 1255, ""end"": 1263}]","[{""id"": ""abs_1"", ""value"": ""Feb 2025"", ""start"": 20, ""end"": 28}, {""id"": ""abs_2"", ""value"": ""Apr 2025"", ""start"": 285, ""end"": 293}, {""id"": ""abs_3"", ""value"": ""Jun 2025"", ""start"": 685, ""end"": 693}, {""id"": ""abs_4"", ""value"": ""16/06/2025"", ""start"": 788, ""end"": 798}, {""id"": ""abs_5"", ""value"": ""07-09-2025"", ""start"": 1216, ""end"": 1226}]","[{""id"": ""rel_1"", ""value"": ""this morning"", ""start"": 1090, ""end"": 1102, ""pattern_type"": ""part_of_day""}]"
2,91,"Labs (2024-09-18): normal CBC. new diagnosis of COPD


Will order additional laboratory studies at next visit if symptoms persist.The plan was discussed with the patient, who understands and agrees.
Consult((2024-11-16)): pt presents w/ back pain. The patient's vital signs are stable. EKG shows normal sinus rhythm without ST changes or conduction abnormalities. Will continue current medication regimen and reassess in 3 months. HEENT: Normocephalic, atraumatic.
The patient's vital signs are stable. Pupils equal, round, and reactive to light. consistent w/ multiple_sclerosis


No known drug allergies or adverse reactions reported. No acute distress noted on examination.CLINIC VISIT (28/12/2024): weight loss remission likely tension_headache admit to hospital
 The patient's vital signs are stable.
Patient instructed to follow up with specialist for further evaluation.
 Medications were reconciled during the visit.Rheumatology CONSULT (14/01/2025): new diagnosis of IBS admit to hospital
 Will order additional laboratory studies at next visit if symptoms persist.
 Respiratory: Clear to auscultation bilaterally. No wheezes, rales, or rhonchi.Medications were reconciled during the visit.
Rheumatology CONSULT (06/03/25): unclear etiology,co;uld be schizophrenia v s ulcerative_colitis schedule PET scan","[{""id"": ""ent_1"", ""value"": ""COPD"", ""preferred_name"": ""Chronic obstructive lung disease"", ""cui"": ""13645005"", ""category"": ""disorder"", ""negated"": false, ""subject"": ""Other"", ""start"": 48, ""end"": 52}, {""id"": ""ent_2"", ""value"": ""back pain"", ""preferred_name"": ""Backache"", ""cui"": ""161891005"", ""category"": ""finding"", ""negated"": false, ""subject"": ""Patient"", ""start"": 237, ""end"": 246}, {""id"": ""ent_3"", ""value"": ""vital signs"", ""preferred_name"": ""Vital signs finding"", ""cui"": ""118227000"", ""category"": ""finding"", ""negated"": false, ""subject"": ""Patient"", ""start"": 262, ""end"": 273}, {""id"": ""ent_4"", ""value"": ""normal sinus rhythm"", ""preferred_name"": ""Normal sinus rhythm"", ""cui"": ""64730000"", ""category"": ""finding"", ""negated"": false, ""subject"": ""Patient"", ""start"": 296, ""end"": 315}, {""id"": ""ent_5"", ""value"": ""conduction abnormalities"", ""preferred_name"": ""Abnormal cardiac conduction"", ""cui"": ""36358004"", ""category"": ""finding"", ""negated"": false, ""subject"": ""Patient"", ""start"": 338, ""end"": 362}, {""id"": ""ent_6"", ""value"": ""vital signs"", ""preferred_name"": ""Vital signs finding"", ""cui"": ""118227000"", ""category"": ""finding"", ""negated"": false, ""subject"": ""Patient"", ""start"": 479, ""end"": 490}, {""id"": ""ent_7"", ""value"": ""multiple_sclerosis"", ""preferred_name"": ""Multiple sclerosis"", ""cui"": ""24700007"", ""category"": ""disorder"", ""negated"": false, ""subject"": ""Patient"", ""start"": 561, ""end"": 579}, {""id"": ""ent_8"", ""value"": ""adverse reactions"", ""preferred_name"": ""Adverse reaction"", ""cui"": ""281647001"", ""category"": ""disorder"", ""negated"": false, ""subject"": ""Patient"", ""start"": 609, ""end"": 626}, {""id"": ""ent_9"", ""value"": ""weight loss"", ""preferred_name"": ""Weight loss"", ""cui"": ""89362005"", ""category"": ""finding"", ""negated"": false, ""subject"": ""Other"", ""start"": 703, ""end"": 714}, {""id"": ""ent_10"", ""value"": ""tension_headache"", ""preferred_name"": ""Tension-type headache"", ""cui"": ""398057008"", ""category"": ""disorder"", ""negated"": false, ""subject"": ""Patient"", ""start"": 732, ""end"": 748}, {""id"": ""ent_11"", ""value"": ""vital signs"", ""preferred_name"": ""Vital signs finding"", ""cui"": ""118227000"", ""category"": ""finding"", ""negated"": false, ""subject"": ""Patient"", ""start"": 782, ""end"": 793}, {""id"": ""ent_12"", ""value"": ""wheezes"", ""preferred_name"": ""Wheezing"", ""cui"": ""56018004"", ""category"": ""finding"", ""negated"": false, ""subject"": ""Patient"", ""start"": 1127, ""end"": 1134}, {""id"": ""ent_13"", ""value"": ""rales"", ""preferred_name"": ""Respiratory crackles"", ""cui"": ""48409008"", ""category"": ""finding"", ""negated"": false, ""subject"": ""Other"", ""start"": 1136, ""end"": 1141}, {""id"": ""ent_14"", ""value"": ""rhonchi"", ""preferred_name"": ""Wheeze - rhonchi"", ""cui"": ""24612001"", ""category"": ""finding"", ""negated"": false, ""subject"": ""Patient"", ""start"": 1146, ""end"": 1153}, {""id"": ""ent_15"", ""value"": ""schizophrenia"", ""preferred_name"": ""Schizophrenia"", ""cui"": ""58214004"", ""category"": ""disorder"", ""negated"": false, ""subject"": ""Other"", ""start"": 1260, ""end"": 1273}, {""id"": ""ent_16"", ""value"": ""ulcerative_colitis"", ""preferred_name"": ""Ulcerative colitis"", ""cui"": ""64766004"", ""category"": ""disorder"", ""negated"": false, ""subject"": ""Patient"", ""start"": 1278, ""end"": 1296}]","[{""id"": ""abs_1"", ""value"": ""2024-09"", ""start"": 6, ""end"": 13}, {""id"": ""abs_2"", ""value"": ""2024-11"", ""start"": 208, ""end"": 215}, {""id"": ""abs_3"", ""value"": ""28/12/2024"", ""start"": 690, ""end"": 700}, {""id"": ""abs_4"", ""value"": ""14/01/2025"", ""start"": 946, ""end"": 956}, {""id"": ""abs_5"", ""value"": ""06/03/25"", ""start"": 1222, ""end"": 1230}]","[{""id"": ""rel_1"", ""value"": ""3 months"", ""start"": 421, ""end"": 429, ""pattern_type"": ""numeric_simple""}]"
3,92,"CT (21st Dec 2024): reveals  Imaging studies were reviewed with the patient.
Abdomen: Soft, non-tender, non-distended. A review of systems was otherwise negative. Patient instructed to follow up with specialist for further evaluation. bronchitis. He denies any fever, chills, or night sweats. Recommended lifestyle modifications including diet changes and regular exercise. imp: bronchitis

X-ray (17th Feb 2025): reveals anxiety. Basic metabolic panel within normal limits with sodium 140, potassium 4.2, creatinine 0.9. imp: anxiety

 He denies any fever, chills, or night sweats. cerebral hemorrhage was discussed.
Patient is afebrile with normal vital signs.F/U (19/02/2025): relapse. co He denies any fever, chills, or night sweats.
Lungs clear to auscultation bilaterally. Patient advised to maintain a symptom diary for review at next appointment. HEENT: Normocephalic, atraumatic. Pupils equal, round, and reactive to light. Will order additional laboratory studies at next visit if symptoms persist.
The plan was discussed with the patient, who understands and agrees. He denies any fever, chills, or night sweats. nsistent w/ asthma increase dose

 She denies any nausea, vomiting, or diarrhea.Imaging studies were reviewed with the patient.
X-ray (08 Apr'25): shows 4.5cm mass in kidney. imp: prolactinoma","[{""id"": ""ent_1"", ""value"": ""bronchitis"", ""preferred_name"": ""Bronchitis"", ""cui"": ""32398004"", ""category"": ""disorder"", ""negated"": false, ""subject"": ""Other"", ""start"": 235, ""end"": 245}, {""id"": ""ent_2"", ""value"": ""fever, chills"", ""preferred_name"": ""Fever with chills"", ""cui"": ""274640006"", ""category"": ""finding"", ""negated"": false, ""subject"": ""Patient"", ""start"": 261, ""end"": 274}, {""id"": ""ent_3"", ""value"": ""night sweats"", ""preferred_name"": ""Night sweats"", ""cui"": ""42984000"", ""category"": ""finding"", ""negated"": false, ""subject"": ""Patient"", ""start"": 279, ""end"": 291}, {""id"": ""ent_4"", ""value"": ""lifestyle"", ""preferred_name"": ""Lifestyle"", ""cui"": ""134436002"", ""category"": ""finding"", ""negated"": false, ""subject"": ""Other"", ""start"": 305, ""end"": 314}, {""id"": ""ent_5"", ""value"": ""diet"", ""preferred_name"": ""Dietary finding"", ""cui"": ""41829006"", ""category"": ""finding"", ""negated"": false, ""subject"": ""Other"", ""start"": 339, ""end"": 343}, {""id"": ""ent_6"", ""value"": ""bronchitis"", ""preferred_name"": ""Bronchitis"", ""cui"": ""32398004"", ""category"": ""disorder"", ""negated"": false, ""subject"": ""Patient"", ""start"": 379, ""end"": 389}, {""id"": ""ent_7"", ""value"": ""anxiety"", ""preferred_name"": ""Anxiety"", ""cui"": ""48694002"", ""category"": ""finding"", ""negated"": false, ""subject"": ""Other"", ""start"": 422, ""end"": 429}, {""id"": ""ent_8"", ""value"": ""anxiety"", ""preferred_name"": ""Anxiety"", ""cui"": ""48694002"", ""category"": ""finding"", ""negated"": false, ""subject"": ""Patient"", ""start"": 527, ""end"": 534}, {""id"": ""ent_9"", ""value"": ""fever, chills"", ""preferred_name"": ""Fever with chills"", ""cui"": ""274640006"", ""category"": ""finding"", ""negated"": false, ""subject"": ""Patient"", ""start"": 551, ""end"": 564}, {""id"": ""ent_10"", ""value"": ""night sweats"", ""preferred_name"": ""Night sweats"", ""cui"": ""42984000"", ""category"": ""finding"", ""negated"": false, ""subject"": ""Patient"", ""start"": 569, ""end"": 581}, {""id"": ""ent_11"", ""value"": ""normal vital signs"", ""preferred_name"": ""Normal vital signs"", ""cui"": ""72970002"", ""category"": ""finding"", ""negated"": false, ""subject"": ""Patient"", ""start"": 643, ""end"": 661}, {""id"": ""ent_12"", ""value"": ""fever, chills"", ""preferred_name"": ""Fever with chills"", ""cui"": ""274640006"", ""category"": ""finding"", ""negated"": false, ""subject"": ""Patient"", ""start"": 706, ""end"": 719}, {""id"": ""ent_13"", ""value"": ""night sweats"", ""preferred_name"": ""Night sweats"", ""cui"": ""42984000"", ""category"": ""finding"", ""negated"": false, ""subject"": ""Patient"", ""start"": 724, ""end"": 736}, {""id"": ""ent_14"", ""value"": ""next appointment"", ""preferred_name"": ""Next appointment"", ""cui"": ""390840006"", ""category"": ""finding"", ""negated"": false, ""subject"": ""Other"", ""start"": 837, ""end"": 853}, {""id"": ""ent_15"", ""value"": ""fever, chills"", ""preferred_name"": ""Fever with chills"", ""cui"": ""274640006"", ""category"": ""finding"", ""negated"": false, ""subject"": ""Patient"", ""start"": 1092, ""end"": 1105}, {""id"": ""ent_16"", ""value"": ""night sweats"", ""preferred_name"": ""Night sweats"", ""cui"": ""42984000"", ""category"": ""finding"", ""negated"": false, ""subject"": ""Patient"", ""start"": 1110, ""end"": 1122}, {""id"": ""ent_17"", ""value"": ""asthma"", ""preferred_name"": ""Asthma"", ""cui"": ""195967001"", ""category"": ""disorder"", ""negated"": false, ""subject"": ""Patient"", ""start"": 1136, ""end"": 1142}, {""id"": ""ent_18"", ""value"": ""nausea, vomiting"", ""preferred_name"": ""Nausea and vomiting"", ""cui"": ""16932000"", ""category"": ""disorder"", ""negated"": false, ""subject"": ""Patient"", ""start"": 1174, ""end"": 1190}, {""id"": ""ent_19"", ""value"": ""diarrhea"", ""preferred_name"": ""Diarrhea"", ""cui"": ""62315008"", ""category"": ""finding"", ""negated"": false, ""subject"": ""Patient"", ""start"": 1195, ""end"": 1203}]","[{""id"": ""abs_1"", ""value"": ""Dec 2024"", ""start"": 9, ""end"": 17}, {""id"": ""abs_2"", ""value"": ""Feb 2025"", ""start"": 403, ""end"": 411}, {""id"": ""abs_3"", ""value"": ""19/02/2025"", ""start"": 667, ""end"": 677}]",[]
4,93,"F/U (17 Apr 2024): slightly improved. consistent w/ hyperlipidemia observe and reassess

 Basic metabolic panel within normal limits with sodium 140, potassium 4.2, creatinine 0.9.Labs (2024-05-18): positive ANA. Patient was instructed on proper medication administration techniques. GI: Bowel sounds present in all four quadrants. No hepatosplenomegaly. rule out depression

Internal Medicine CONSULT (21st Jun 2024): resolving diabetes_mellitus follow up in 2 weeks


Patient is afebrile with normal vital signs.CLINIC VISIT (19rd Jul 2024): fever stable new diagnosis of cluster_headache switch to atorvastatin
 Heart: Regular rate and rhythm, no murmurs.
F/U (15rd Aug 2024): worsening. Medications were reconciled during the visit. unclear etiology, could be COPD vs Parkinson's_disease refer to Neurology

Psychiatry CONSULT (05rd Sep 2024): confirmed macroadenoma switch to acetaminophen

 MRI of the brain demonstrates age-appropriate atrophy without evidence of mass or stroke.Labs (11.10.24): anemia. unclear etiolo She denies any nausea, vomiting, or diarrhea. Liver function tests show mild elevation in ALT and AST, likely due to medication effect. Patient reports occasional use of over-the-counter analgesics for pain management. gy, could be IBS vs multiple_sclerosis","[{""id"": ""ent_1"", ""value"": ""hyperlipidemia"", ""preferred_name"": ""Hyperlipidemia"", ""cui"": ""55822004"", ""category"": ""disorder"", ""negated"": false, ""subject"": ""Patient"", ""start"": 52, ""end"": 66}, {""id"": ""ent_2"", ""value"": ""positive ANA"", ""preferred_name"": ""Anti-nuclear factor positive"", ""cui"": ""165850001"", ""category"": ""finding"", ""negated"": false, ""subject"": ""Patient"", ""start"": 199, ""end"": 211}, {""id"": ""ent_3"", ""value"": ""hepatosplenomegaly"", ""preferred_name"": ""Hepatosplenomegaly"", ""cui"": ""36760000"", ""category"": ""disorder"", ""negated"": false, ""subject"": ""Patient"", ""start"": 335, ""end"": 353}, {""id"": ""ent_4"", ""value"": ""depression"", ""preferred_name"": ""Depressive disorder"", ""cui"": ""35489007"", ""category"": ""disorder"", ""negated"": false, ""subject"": ""Patient"", ""start"": 364, ""end"": 374}, {""id"": ""ent_5"", ""value"": ""diabetes_mellitus"", ""preferred_name"": ""Diabetes mellitus"", ""cui"": ""73211009"", ""category"": ""disorder"", ""negated"": false, ""subject"": ""Patient"", ""start"": 429, ""end"": 446}, {""id"": ""ent_6"", ""value"": ""normal vital signs"", ""preferred_name"": ""Normal vital signs"", ""cui"": ""72970002"", ""category"": ""finding"", ""negated"": false, ""subject"": ""Patient"", ""start"": 495, ""end"": 513}, {""id"": ""ent_7"", ""value"": ""fever"", ""preferred_name"": ""Fever"", ""cui"": ""386661006"", ""category"": ""finding"", ""negated"": false, ""subject"": ""Patient"", ""start"": 544, ""end"": 549}, {""id"": ""ent_8"", ""value"": ""cluster_headache"", ""preferred_name"": ""Cluster headache syndrome"", ""cui"": ""193031009"", ""category"": ""disorder"", ""negated"": false, ""subject"": ""Patient"", ""start"": 574, ""end"": 590}, {""id"": ""ent_9"", ""value"": ""atorvastatin"", ""preferred_name"": ""Atorvastatin"", ""cui"": ""373444002"", ""category"": ""substance"", ""negated"": false, ""subject"": ""Patient"", ""start"": 601, ""end"": 613}, {""id"": ""ent_10"", ""value"": ""murmurs"", ""preferred_name"": ""Murmur"", ""cui"": ""414786004"", ""category"": ""finding"", ""negated"": false, ""subject"": ""Patient"", ""start"": 650, ""end"": 657}, {""id"": ""ent_11"", ""value"": ""COPD"", ""preferred_name"": ""Chronic obstructive lung disease"", ""cui"": ""13645005"", ""category"": ""disorder"", ""negated"": false, ""subject"": ""Patient"", ""start"": 764, ""end"": 768}, {""id"": ""ent_12"", ""value"": ""Parkinson's_disease"", ""preferred_name"": ""Parkinson's disease"", ""cui"": ""49049000"", ""category"": ""disorder"", ""negated"": false, ""subject"": ""Patient"", ""start"": 772, ""end"": 791}, {""id"": ""ent_13"", ""value"": ""stroke"", ""preferred_name"": ""Cerebrovascular accident"", ""cui"": ""230690007"", ""category"": ""disorder"", ""negated"": false, ""subject"": ""Patient"", ""start"": 979, ""end"": 985}, {""id"": ""ent_14"", ""value"": ""anemia"", ""preferred_name"": ""Anemia"", ""cui"": ""271737000"", ""category"": ""disorder"", ""negated"": false, ""subject"": ""Patient"", ""start"": 1003, ""end"": 1009}, {""id"": ""ent_15"", ""value"": ""nausea, vomiting"", ""preferred_name"": ""Nausea and vomiting"", ""cui"": ""16932000"", ""category"": ""disorder"", ""negated"": false, ""subject"": ""Patient"", ""start"": 1041, ""end"": 1057}, {""id"": ""ent_16"", ""value"": ""diarrhea"", ""preferred_name"": ""Diarrhea"", ""cui"": ""62315008"", ""category"": ""finding"", ""negated"": false, ""subject"": ""Patient"", ""start"": 1062, ""end"": 1070}, {""id"": ""ent_17"", ""value"": ""analgesics"", ""preferred_name"": ""Analgesic"", ""cui"": ""373265006"", ""category"": ""substance"", ""negated"": false, ""subject"": ""Patient"", ""start"": 1213, ""end"": 1223}, {""id"": ""ent_18"", ""value"": ""IBS"", ""preferred_name"": ""Irritable bowel syndrome"", ""cui"": ""10743008"", ""category"": ""disorder"", ""negated"": false, ""subject"": ""Patient"", ""start"": 1258, ""end"": 1261}, {""id"": ""ent_19"", ""value"": ""multiple_sclerosis"", ""preferred_name"": ""Multiple sclerosis"", ""cui"": ""24700007"", ""category"": ""disorder"", ""negated"": false, ""subject"": ""Patient"", ""start"": 1265, ""end"": 1283}]","[{""id"": ""abs_1"", ""value"": ""Apr 2024"", ""start"": 8, ""end"": 16}, {""id"": ""abs_2"", ""value"": ""2024-05"", ""start"": 186, ""end"": 193}, {""id"": ""abs_3"", ""value"": ""Jun 2024"", ""start"": 408, ""end"": 416}, {""id"": ""abs_4"", ""value"": ""Jul 2024"", ""start"": 533, ""end"": 541}, {""id"": ""abs_5"", ""value"": ""Aug 2024"", ""start"": 669, ""end"": 677}, {""id"": ""abs_6"", ""value"": ""Sep 2024"", ""start"": 837, ""end"": 845}]","[{""id"": ""rel_1"", ""value"": ""2 weeks"", ""start"": 457, ""end"": 464, ""pattern_type"": ""numeric_simple""}]"
5,94,"Initial assessment((04nd Nov 2024)): pt presents w/ rash.likely hyperlipidemia
 Follow-up appointment scheduled in 3 months.
 Neurological exam within normal limits.Liver function tests show mild elevation in ALT and AST, likely due to medication effect.
 Recommended lifestyle modifications including diet changes and regular exercise.PET scan (17.12.24): evidence of lesion.imp: Crohn's_disease

The patient was advised to return if symptoms worsen. radiologic infiltrate of lung was discussed.
 Medications were reconciled during the visit.CLINIC VISIT (26rd Dec 2024): shortness of breath remission consistent w/ myeloma admit to hospital

Current medications include: lisinopril 10mg daily, metformin 500mg twice daily, and atorvastatin 20mg at bedtime.
Evaluation((31-01-2025)): pt presents w/ insomnia.likely anxiety

 Referral placed for physical therapy twice weekly for 6 weeks. GI: Bowel sounds present in all four quadrants. No hepatosplenomegaly. CT scan of the head shows no acute intracranial abnormalities.
Medications were reconciled during the visit.MRI (09rd Feb 2025): no significant findings.im The plan was discussed with the patient, who understands and agrees. HEENT: Normocephalic, atraumatic. Pupils equal, round, and reactive to light. Assessment includes pituitary macroadenoma. No acute distress noted on examination. p: migraine","[{""id"": ""ent_1"", ""value"": ""rash"", ""preferred_name"": ""Eruption of skin"", ""cui"": ""271807003"", ""category"": ""disorder"", ""negated"": false, ""subject"": ""Patient"", ""start"": 52, ""end"": 56}, {""id"": ""ent_2"", ""value"": ""hyperlipidemia"", ""preferred_name"": ""Hyperlipidemia"", ""cui"": ""55822004"", ""category"": ""disorder"", ""negated"": false, ""subject"": ""Other"", ""start"": 64, ""end"": 78}, {""id"": ""ent_3"", ""value"": ""lifestyle"", ""preferred_name"": ""Lifestyle"", ""cui"": ""134436002"", ""category"": ""finding"", ""negated"": false, ""subject"": ""Other"", ""start"": 268, ""end"": 277}, {""id"": ""ent_4"", ""value"": ""diet"", ""preferred_name"": ""Dietary finding"", ""cui"": ""41829006"", ""category"": ""finding"", ""negated"": false, ""subject"": ""Other"", ""start"": 302, ""end"": 306}, {""id"": ""ent_5"", ""value"": ""Crohn's_disease"", ""preferred_name"": ""Crohn's disease"", ""cui"": ""34000006"", ""category"": ""disorder"", ""negated"": false, ""subject"": ""Patient"", ""start"": 381, ""end"": 396}, {""id"": ""ent_6"", ""value"": ""radiologic infiltrate of lung"", ""preferred_name"": ""Radiologic infiltrate of lung"", ""cui"": ""409609008"", ""category"": ""disorder"", ""negated"": false, ""subject"": ""Patient"", ""start"": 452, ""end"": 481}, {""id"": ""ent_7"", ""value"": ""shortness of breath"", ""preferred_name"": ""Dyspnea"", ""cui"": ""267036007"", ""category"": ""finding"", ""negated"": false, ""subject"": ""Patient"", ""start"": 573, ""end"": 592}, {""id"": ""ent_8"", ""value"": ""myeloma"", ""preferred_name"": ""Multiple myeloma"", ""cui"": ""109989006"", ""category"": ""disorder"", ""negated"": false, ""subject"": ""Patient"", ""start"": 617, ""end"": 624}, {""id"": ""ent_9"", ""value"": ""lisinopril"", ""preferred_name"": ""Lisinopril"", ""cui"": ""386873009"", ""category"": ""substance"", ""negated"": false, ""subject"": ""Other"", ""start"": 673, ""end"": 683}, {""id"": ""ent_10"", ""value"": ""metformin"", ""preferred_name"": ""Metformin"", ""cui"": ""372567009"", ""category"": ""substance"", ""negated"": false, ""subject"": ""Other"", ""start"": 696, ""end"": 705}, {""id"": ""ent_11"", ""value"": ""atorvastatin"", ""preferred_name"": ""Atorvastatin"", ""cui"": ""373444002"", ""category"": ""substance"", ""negated"": false, ""subject"": ""Patient"", ""start"": 729, ""end"": 741}, {""id"": ""ent_12"", ""value"": ""anxiety"", ""preferred_name"": ""Anxiety"", ""cui"": ""48694002"", ""category"": ""finding"", ""negated"": false, ""subject"": ""Other"", ""start"": 816, ""end"": 823}, {""id"": ""ent_13"", ""value"": ""hepatosplenomegaly"", ""preferred_name"": ""Hepatosplenomegaly"", ""cui"": ""36760000"", ""category"": ""disorder"", ""negated"": false, ""subject"": ""Patient"", ""start"": 940, ""end"": 958}, {""id"": ""ent_14"", ""value"": ""pituitary macroadenoma"", ""preferred_name"": ""Pituitary macroadenoma"", ""cui"": ""254965007"", ""category"": ""disorder"", ""negated"": false, ""subject"": ""Other"", ""start"": 1283, ""end"": 1305}, {""id"": ""ent_15"", ""value"": ""migraine"", ""preferred_name"": ""Migraine"", ""cui"": ""37796009"", ""category"": ""disorder"", ""negated"": false, ""subject"": ""Patient"", ""start"": 1350, ""end"": 1358}]","[{""id"": ""abs_1"", ""value"": ""Nov 2024"", ""start"": 25, ""end"": 33}, {""id"": ""abs_2"", ""value"": ""Dec 2024"", ""start"": 562, ""end"": 570}, {""id"": ""abs_3"", ""value"": ""31-01-2025"", ""start"": 771, ""end"": 781}, {""id"": ""abs_4"", ""value"": ""Feb 2025"", ""start"": 1078, ""end"": 1086}]","[{""id"": ""rel_1"", ""value"": ""3 months"", ""start"": 115, ""end"": 123, ""pattern_type"": ""numeric_simple""}, {""id"": ""rel_2"", ""value"": ""6 weeks"", ""start"": 880, ""end"": 887, ""pattern_type"": ""numeric_simple""}]"
6,95,"Labs (25/11/2024): positive ANA.res Patient is afebrile with normal vital signs. MRI of the brain demonstrates age-appropriate atrophy without evidence of mass or stroke. Patient reports occasional use of over-the-counter analgesics for pain management.
Urinalysis negative for blood, protein, and leukocyte esterase. Patient has a history of asthma. Patient reports compliance with current medication regimen. Noted pituitary macroadenoma in medical history. ;olving schizophrenia

Will order additional laboratory studies at next visit if symptoms persist. congenital malformation was discussed.
 CT scan of the head shows no acute intracranial abnormalities.CLINIC VISIT (16 Jan'25): back pain resolved reso Medications were reconciled during the visit. Patient given educational materials regarding disease management. Patient given educational materials regarding disease management.
Imaging studies were reviewed with the patient. lvi.ng COPD taper medication

 Will order additional laboratory studies at next visit if symptoms persist.
 Basic metabolic panel within normal limits with sodium 140, potassium 4.2, creatinine 0.9.No acute distress noted on examination.
A review of systems was otherwise negative. Recommended lifestyle modifications including diet changes and regular exercise. Patient reports occasional use of over-the-counter analgesics for pain management.Evaluation((19/01/2025)[date,]): pt presents w/ mood changes.suspect GERD","[{""id"": ""ent_1"", ""value"": ""positive ANA"", ""preferred_name"": ""Anti-nuclear factor positive"", ""cui"": ""165850001"", ""category"": ""finding"", ""negated"": false, ""subject"": ""Patient"", ""start"": 19, ""end"": 31}, {""id"": ""ent_2"", ""value"": ""normal vital signs"", ""preferred_name"": ""Normal vital signs"", ""cui"": ""72970002"", ""category"": ""finding"", ""negated"": false, ""subject"": ""Other"", ""start"": 61, ""end"": 79}, {""id"": ""ent_3"", ""value"": ""stroke"", ""preferred_name"": ""Cerebrovascular accident"", ""cui"": ""230690007"", ""category"": ""disorder"", ""negated"": false, ""subject"": ""Other"", ""start"": 163, ""end"": 169}, {""id"": ""ent_4"", ""value"": ""analgesics"", ""preferred_name"": ""Analgesic"", ""cui"": ""373265006"", ""category"": ""substance"", ""negated"": false, ""subject"": ""Other"", ""start"": 222, ""end"": 232}, {""id"": ""ent_5"", ""value"": ""pituitary macroadenoma"", ""preferred_name"": ""Pituitary macroadenoma"", ""cui"": ""254965007"", ""category"": ""disorder"", ""negated"": false, ""subject"": ""Other"", ""start"": 417, ""end"": 439}, {""id"": ""ent_6"", ""value"": ""schizophrenia"", ""preferred_name"": ""Schizophrenia"", ""cui"": ""58214004"", ""category"": ""disorder"", ""negated"": false, ""subject"": ""Other"", ""start"": 468, ""end"": 481}, {""id"": ""ent_7"", ""value"": ""congenital malformation"", ""preferred_name"": ""Congenital malformation"", ""cui"": ""276654001"", ""category"": ""disorder"", ""negated"": false, ""subject"": ""Patient"", ""start"": 559, ""end"": 582}, {""id"": ""ent_8"", ""value"": ""back pain"", ""preferred_name"": ""Backache"", ""cui"": ""161891005"", ""category"": ""finding"", ""negated"": false, ""subject"": ""Patient"", ""start"": 687, ""end"": 696}, {""id"": ""ent_9"", ""value"": ""materials"", ""preferred_name"": ""Material"", ""cui"": ""260769002"", ""category"": ""substance"", ""negated"": false, ""subject"": ""Other"", ""start"": 783, ""end"": 792}, {""id"": ""ent_10"", ""value"": ""materials"", ""preferred_name"": ""Material"", ""cui"": ""260769002"", ""category"": ""substance"", ""negated"": false, ""subject"": ""Other"", ""start"": 849, ""end"": 858}, {""id"": ""ent_11"", ""value"": ""COPD"", ""preferred_name"": ""Chronic obstructive lung disease"", ""cui"": ""13645005"", ""category"": ""disorder"", ""negated"": false, ""subject"": ""Other"", ""start"": 944, ""end"": 948}, {""id"": ""ent_12"", ""value"": ""lifestyle"", ""preferred_name"": ""Lifestyle"", ""cui"": ""134436002"", ""category"": ""finding"", ""negated"": false, ""subject"": ""Other"", ""start"": 1231, ""end"": 1240}, {""id"": ""ent_13"", ""value"": ""diet"", ""preferred_name"": ""Dietary finding"", ""cui"": ""41829006"", ""category"": ""finding"", ""negated"": false, ""subject"": ""Other"", ""start"": 1265, ""end"": 1269}, {""id"": ""ent_14"", ""value"": ""analgesics"", ""preferred_name"": ""Analgesic"", ""cui"": ""373265006"", ""category"": ""substance"", ""negated"": false, ""subject"": ""Other"", ""start"": 1351, ""end"": 1361}, {""id"": ""ent_15"", ""value"": ""mood changes"", ""preferred_name"": ""Mood swings"", ""cui"": ""18963009"", ""category"": ""finding"", ""negated"": false, ""subject"": ""Other"", ""start"": 1430, ""end"": 1442}, {""id"": ""ent_16"", ""value"": ""GERD"", ""preferred_name"": ""Gastroesophageal reflux disease"", ""cui"": ""235595009"", ""category"": ""disorder"", ""negated"": false, ""subject"": ""Other"", ""start"": 1451, ""end"": 1455}]","[{""id"": ""abs_1"", ""value"": ""25/11/2024"", ""start"": 6, ""end"": 16}, {""id"": ""abs_2"", ""value"": ""19/01/2025"", ""start"": 1394, ""end"": 1404}]",[]
7,96,"Visit((08/10/24)): pt presents with joint pain. Patient has a history of neoplasm of pituitary gland. confirmed macroadenoma

Lungs clear to auscultation bilaterally.
 Patient reports occasional use of over-the-counter analgesics for pain management.
Chest X-ray reveals clear lung fields without infiltrates or effusions.

No known drug allergies or adverse reactions reported.Lymphatic: No cervical, axillary, or inguinal lymphadenopathy. HEENT: Normocephalic, atraumatic. Pupils equal, round, and reactive to light.CLINIC VISIT (30 Oct'24): joint pain slightly improved resolving hyperlipidemia switch to lisinopril

MRI (11/12/2024): no significant findings. imp: CT scan of the head shows no acute intracranial abnormalities. A review of systems was otherwise negative.  depression
 The plan was discussed with the patient, who understands and agrees. osteoarthritis was discussed. Complete blood count shows WBC 7.2, Hgb 13.5, Plt 250.

Heart: Regular rate and rhythm, no murmurs.
He denies any fever, chills, or night sweats.Evaluation((12nd Jan 2025)): pt presents with excessive thirst. con Imaging studies were reviewed with the patient.
 Basic metabolic panel within normal limits with sodium 140, potassium 4.2, creatinine 0.9.Cardiovascular: Regular rate and rhythm. No murmurs, rubs, or gallops. Normal S1 and S2. She denies any nausea, vomiting, or diarrhea. firmed lymphoma","[{""id"": ""ent_1"", ""value"": ""joint pain"", ""preferred_name"": ""Joint pain"", ""cui"": ""57676002"", ""category"": ""finding"", ""negated"": false, ""subject"": ""Other"", ""start"": 36, ""end"": 46}, {""id"": ""ent_2"", ""value"": ""analgesics"", ""preferred_name"": ""Analgesic"", ""cui"": ""373265006"", ""category"": ""substance"", ""negated"": false, ""subject"": ""Other"", ""start"": 219, ""end"": 229}, {""id"": ""ent_3"", ""value"": ""infiltrates"", ""preferred_name"": ""Radiologic infiltrate of lung"", ""cui"": ""409609008"", ""category"": ""disorder"", ""negated"": false, ""subject"": ""Other"", ""start"": 297, ""end"": 308}, {""id"": ""ent_4"", ""value"": ""effusions"", ""preferred_name"": ""Effusion"", ""cui"": ""430869004"", ""category"": ""substance"", ""negated"": false, ""subject"": ""Other"", ""start"": 312, ""end"": 321}, {""id"": ""ent_5"", ""value"": ""adverse reactions"", ""preferred_name"": ""Adverse reaction"", ""cui"": ""281647001"", ""category"": ""disorder"", ""negated"": false, ""subject"": ""Other"", ""start"": 351, ""end"": 368}, {""id"": ""ent_6"", ""value"": ""inguinal lymphadenopathy"", ""preferred_name"": ""Inguinal lymphadenopathy"", ""cui"": ""127199000"", ""category"": ""disorder"", ""negated"": false, ""subject"": ""Other"", ""start"": 415, ""end"": 439}, {""id"": ""ent_7"", ""value"": ""joint pain"", ""preferred_name"": ""Joint pain"", ""cui"": ""57676002"", ""category"": ""finding"", ""negated"": false, ""subject"": ""Patient"", ""start"": 544, ""end"": 554}, {""id"": ""ent_8"", ""value"": ""lisinopril"", ""preferred_name"": ""Lisinopril"", ""cui"": ""386873009"", ""category"": ""substance"", ""negated"": false, ""subject"": ""Other"", ""start"": 608, ""end"": 618}, {""id"": ""ent_9"", ""value"": ""depression"", ""preferred_name"": ""Depressive disorder"", ""cui"": ""35489007"", ""category"": ""disorder"", ""negated"": false, ""subject"": ""Other"", ""start"": 776, ""end"": 786}, {""id"": ""ent_10"", ""value"": ""osteoarthritis"", ""preferred_name"": ""Osteoarthritis"", ""cui"": ""396275006"", ""category"": ""disorder"", ""negated"": false, ""subject"": ""Other"", ""start"": 857, ""end"": 871}, {""id"": ""ent_11"", ""value"": ""murmurs"", ""preferred_name"": ""Murmur"", ""cui"": ""414786004"", ""category"": ""finding"", ""negated"": false, ""subject"": ""Other"", ""start"": 978, ""end"": 985}, {""id"": ""ent_12"", ""value"": ""fever, chills"", ""preferred_name"": ""Fever with chills"", ""cui"": ""274640006"", ""category"": ""finding"", ""negated"": false, ""subject"": ""Other"", ""start"": 1001, ""end"": 1014}, {""id"": ""ent_13"", ""value"": ""night sweats"", ""preferred_name"": ""Night sweats"", ""cui"": ""42984000"", ""category"": ""finding"", ""negated"": false, ""subject"": ""Other"", ""start"": 1019, ""end"": 1031}, {""id"": ""ent_14"", ""value"": ""excessive thirst"", ""preferred_name"": ""Excessive thirst"", ""cui"": ""17173007"", ""category"": ""finding"", ""negated"": false, ""subject"": ""Other"", ""start"": 1078, ""end"": 1094}, {""id"": ""ent_15"", ""value"": ""murmurs"", ""preferred_name"": ""Murmur"", ""cui"": ""414786004"", ""category"": ""finding"", ""negated"": false, ""subject"": ""Other"", ""start"": 1283, ""end"": 1290}, {""id"": ""ent_16"", ""value"": ""rubs"", ""preferred_name"": ""Pericardial friction rub"", ""cui"": ""7036007"", ""category"": ""finding"", ""negated"": false, ""subject"": ""Other"", ""start"": 1292, ""end"": 1296}, {""id"": ""ent_17"", ""value"": ""nausea, vomiting"", ""preferred_name"": ""Nausea and vomiting"", ""cui"": ""16932000"", ""category"": ""disorder"", ""negated"": false, ""subject"": ""Patient"", ""start"": 1343, ""end"": 1359}, {""id"": ""ent_18"", ""value"": ""diarrhea"", ""preferred_name"": ""Diarrhea"", ""cui"": ""62315008"", ""category"": ""finding"", ""negated"": false, ""subject"": ""Other"", ""start"": 1364, ""end"": 1372}]","[{""id"": ""abs_1"", ""value"": ""08/10/24"", ""start"": 7, ""end"": 15}, {""id"": ""abs_2"", ""value"": ""11/12/2024"", ""start"": 625, ""end"": 635}, {""id"": ""abs_3"", ""value"": ""Jan 2025"", ""start"": 1049, ""end"": 1057}]",[]
8,97,"F/U (31 Aug 2024): resolved A review of systems was otherwise negative. MRI of the brain demonstrates age-appropriate atrophy without evidence of mass or stroke. Urinalysis negative for blood, protein, and leukocyte esterase. EKG shows normal sinus rhythm without ST changes or conduction abnormalities. . rule out macroadenoma observe and reassess
 The patient was advised to return if symptoms worsen.

Abdomen: Soft, non-tender, non-distended.

GI: Bowel sounds present in all four quadrants. No hepatosplenomegaly.Lungs clear to auscultation bilaterally.CT scan of the head shows no acute intracranial abnormalities. Noted congenital malformation in medical history.
 Patient tolerated the procedure well.Labs (15-09-2024): low TSH. unclear etiology,could be Parkinson's_dise Patient tolerated the procedure well. Lymphatic: No cervical, axillary, or inguinal lymphadenopathy. The patient was advised to return if symptoms worsen. ase vs bipolar_disorder


A review of systems was otherwise negative.CT (07th Nov 2024): shows 2.7cm mass in pancreas. Noted cerebral hemorrhage in medical history.
The patient was advised to return if symptoms worsen. imp: bronchitis

 Patient reports occasional use of over-the-counter analgesics for pain management.CLINIC VISIT (29 Nov'24): shortness of breath fluctuating suspect tension_headache switch to fluoxetine","[{""id"": ""ent_1"", ""value"": ""stroke"", ""preferred_name"": ""Cerebrovascular accident"", ""cui"": ""230690007"", ""category"": ""disorder"", ""negated"": false, ""subject"": ""Other"", ""start"": 154, ""end"": 160}, {""id"": ""ent_2"", ""value"": ""normal sinus rhythm"", ""preferred_name"": ""Normal sinus rhythm"", ""cui"": ""64730000"", ""category"": ""finding"", ""negated"": false, ""subject"": ""Patient"", ""start"": 236, ""end"": 255}, {""id"": ""ent_3"", ""value"": ""conduction abnormalities"", ""preferred_name"": ""Abnormal cardiac conduction"", ""cui"": ""36358004"", ""category"": ""finding"", ""negated"": false, ""subject"": ""Other"", ""start"": 278, ""end"": 302}, {""id"": ""ent_4"", ""value"": ""hepatosplenomegaly"", ""preferred_name"": ""Hepatosplenomegaly"", ""cui"": ""36760000"", ""category"": ""disorder"", ""negated"": false, ""subject"": ""Other"", ""start"": 499, ""end"": 517}, {""id"": ""ent_5"", ""value"": ""congenital malformation"", ""preferred_name"": ""Congenital malformation"", ""cui"": ""276654001"", ""category"": ""disorder"", ""negated"": false, ""subject"": ""Patient"", ""start"": 627, ""end"": 650}, {""id"": ""ent_6"", ""value"": ""Parkinson's"", ""preferred_name"": ""Parkinson's disease"", ""cui"": ""49049000"", ""category"": ""disorder"", ""negated"": false, ""subject"": ""Patient"", ""start"": 763, ""end"": 774}, {""id"": ""ent_7"", ""value"": ""inguinal lymphadenopathy"", ""preferred_name"": ""Inguinal lymphadenopathy"", ""cui"": ""127199000"", ""category"": ""disorder"", ""negated"": false, ""subject"": ""Patient"", ""start"": 855, ""end"": 879}, {""id"": ""ent_8"", ""value"": ""bipolar_disorder"", ""preferred_name"": ""Bipolar disorder"", ""cui"": ""13746004"", ""category"": ""disorder"", ""negated"": false, ""subject"": ""Other"", ""start"": 942, ""end"": 958}, {""id"": ""ent_9"", ""value"": ""cerebral hemorrhage"", ""preferred_name"": ""Cerebral hemorrhage"", ""cui"": ""274100004"", ""category"": ""disorder"", ""negated"": false, ""subject"": ""Patient"", ""start"": 1060, ""end"": 1079}, {""id"": ""ent_10"", ""value"": ""bronchitis"", ""preferred_name"": ""Bronchitis"", ""cui"": ""32398004"", ""category"": ""disorder"", ""negated"": false, ""subject"": ""Other"", ""start"": 1159, ""end"": 1169}, {""id"": ""ent_11"", ""value"": ""analgesics"", ""preferred_name"": ""Analgesic"", ""cui"": ""373265006"", ""category"": ""substance"", ""negated"": false, ""subject"": ""Other"", ""start"": 1223, ""end"": 1233}, {""id"": ""ent_12"", ""value"": ""shortness of breath"", ""preferred_name"": ""Dyspnea"", ""cui"": ""267036007"", ""category"": ""finding"", ""negated"": false, ""subject"": ""Patient"", ""start"": 1280, ""end"": 1299}, {""id"": ""ent_13"", ""value"": ""tension_headache"", ""preferred_name"": ""Tension-type headache"", ""cui"": ""398057008"", ""category"": ""disorder"", ""negated"": false, ""subject"": ""Other"", ""start"": 1320, ""end"": 1336}, {""id"": ""ent_14"", ""value"": ""fluoxetine"", ""preferred_name"": ""Fluoxetine"", ""cui"": ""372767007"", ""category"": ""substance"", ""negated"": false, ""subject"": ""Other"", ""start"": 1347, ""end"": 1357}]","[{""id"": ""abs_1"", ""value"": ""Aug 2024"", ""start"": 8, ""end"": 16}, {""id"": ""abs_2"", ""value"": ""15-09-2024"", ""start"": 715, ""end"": 725}, {""id"": ""abs_3"", ""value"": ""Nov 2024"", ""start"": 1013, ""end"": 1021}]",[]
9,98,"Phone note((12-10-2024)): slightly improved. observe and reassess

F/U (11 Dec 2024): progress.ive. suspect tension_headache switch to cabergoline

Phone note((17rd Jan 2025)): slightly improved. increase dose

Oncology CONSULT (01/03/2025): confirmed cluster_head She denies any nausea, vomiting, or diarrhea. Neurological exam within normal limits.
The patient's vital signs are stable. Cardiovascular: Regular rate and rhythm. The patient was counseled on lifestyle modifications. No murmurs, rubs, or gallops. Normal S1 and S2. Patient was instructed on proper medication administration techniques.
He denies any fever, chills, or night sweats. ache schedule X-ray

X-ray (20nd Apr 2025): evidence of edema. Recommended lifestyle modifications including diet changes and regular exercise. imp: COPD

Oncology CONSULT (13 Jun'25): likely; tension_headache f/u in 3 months

 Will order additional laboratory studies at next visit if symptoms persist.Labs (04rd Jul 2025): elevated CRP. suspect adrenal_insufficiency

 Will continue current medication regimen and reassess in 3 months. Skin: No rashes, lesions, or abnormal pigmentation.
Chest X-ray reveals clear lung fields without infiltrates or effusions. Good turgor and hydration.URGENT REVIEW (2025-07-19): fatigue. unclear etiology,could be hypothyroidism vs bronchitis","[{""id"": ""ent_1"", ""value"": ""cabergoline"", ""preferred_name"": ""Cabergoline"", ""cui"": ""386979007"", ""category"": ""substance"", ""negated"": false, ""subject"": ""Other"", ""start"": 135, ""end"": 146}, {""id"": ""ent_2"", ""value"": ""nausea, vomiting"", ""preferred_name"": ""Nausea and vomiting"", ""cui"": ""16932000"", ""category"": ""disorder"", ""negated"": false, ""subject"": ""Other"", ""start"": 280, ""end"": 296}, {""id"": ""ent_3"", ""value"": ""diarrhea"", ""preferred_name"": ""Diarrhea"", ""cui"": ""62315008"", ""category"": ""finding"", ""negated"": false, ""subject"": ""Other"", ""start"": 301, ""end"": 309}, {""id"": ""ent_4"", ""value"": ""vital signs"", ""preferred_name"": ""Vital signs finding"", ""cui"": ""118227000"", ""category"": ""finding"", ""negated"": false, ""subject"": ""Other"", ""start"": 365, ""end"": 376}, {""id"": ""ent_5"", ""value"": ""lifestyle"", ""preferred_name"": ""Lifestyle"", ""cui"": ""134436002"", ""category"": ""finding"", ""negated"": false, ""subject"": ""Patient"", ""start"": 459, ""end"": 468}, {""id"": ""ent_6"", ""value"": ""murmurs"", ""preferred_name"": ""Murmur"", ""cui"": ""414786004"", ""category"": ""finding"", ""negated"": false, ""subject"": ""Other"", ""start"": 487, ""end"": 494}, {""id"": ""ent_7"", ""value"": ""rubs"", ""preferred_name"": ""Pericardial friction rub"", ""cui"": ""7036007"", ""category"": ""finding"", ""negated"": false, ""subject"": ""Other"", ""start"": 496, ""end"": 500}, {""id"": ""ent_8"", ""value"": ""fever, chills"", ""preferred_name"": ""Fever with chills"", ""cui"": ""274640006"", ""category"": ""finding"", ""negated"": false, ""subject"": ""Other"", ""start"": 617, ""end"": 630}, {""id"": ""ent_9"", ""value"": ""night sweats"", ""preferred_name"": ""Night sweats"", ""cui"": ""42984000"", ""category"": ""finding"", ""negated"": false, ""subject"": ""Patient"", ""start"": 635, ""end"": 647}, {""id"": ""ent_10"", ""value"": ""ache"", ""preferred_name"": ""Pain"", ""cui"": ""22253000"", ""category"": ""finding"", ""negated"": false, ""subject"": ""Other"", ""start"": 649, ""end"": 653}, {""id"": ""ent_11"", ""value"": ""lifestyle"", ""preferred_name"": ""Lifestyle"", ""cui"": ""134436002"", ""category"": ""finding"", ""negated"": false, ""subject"": ""Other"", ""start"": 724, ""end"": 733}, {""id"": ""ent_12"", ""value"": ""diet"", ""preferred_name"": ""Dietary finding"", ""cui"": ""41829006"", ""category"": ""finding"", ""negated"": false, ""subject"": ""Other"", ""start"": 758, ""end"": 762}, {""id"": ""ent_13"", ""value"": ""COPD"", ""preferred_name"": ""Chronic obstructive lung disease"", ""cui"": ""13645005"", ""category"": ""disorder"", ""negated"": false, ""subject"": ""Patient"", ""start"": 798, ""end"": 802}, {""id"": ""ent_14"", ""value"": ""tension_headache"", ""preferred_name"": ""Tension-type headache"", ""cui"": ""398057008"", ""category"": ""disorder"", ""negated"": false, ""subject"": ""Patient"", ""start"": 842, ""end"": 858}, {""id"": ""ent_15"", ""value"": ""elevated CRP"", ""preferred_name"": ""Elevated C-reactive protein"", ""cui"": ""119971000119104"", ""category"": ""finding"", ""negated"": false, ""subject"": ""Other"", ""start"": 974, ""end"": 986}, {""id"": ""ent_16"", ""value"": ""adrenal_insufficiency"", ""preferred_name"": ""Adrenal cortical hypofunction"", ""cui"": ""386584007"", ""category"": ""disorder"", ""negated"": false, ""subject"": ""Other"", ""start"": 996, ""end"": 1017}, {""id"": ""ent_17"", ""value"": ""rashes"", ""preferred_name"": ""Eruption of skin"", ""cui"": ""271807003"", ""category"": ""disorder"", ""negated"": false, ""subject"": ""Other"", ""start"": 1096, ""end"": 1102}, {""id"": ""ent_18"", ""value"": ""infiltrates"", ""preferred_name"": ""Radiologic infiltrate of lung"", ""cui"": ""409609008"", ""category"": ""disorder"", ""negated"": false, ""subject"": ""Other"", ""start"": 1185, ""end"": 1196}, {""id"": ""ent_19"", ""value"": ""effusions"", ""preferred_name"": ""Effusion"", ""cui"": ""430869004"", ""category"": ""substance"", ""negated"": false, ""subject"": ""Other"", ""start"": 1200, ""end"": 1209}, {""id"": ""ent_20"", ""value"": ""fatigue"", ""preferred_name"": ""Fatigue"", ""cui"": ""84229001"", ""category"": ""finding"", ""negated"": false, ""subject"": ""Patient"", ""start"": 1265, ""end"": 1272}, {""id"": ""ent_21"", ""value"": ""hypothyroidism"", ""preferred_name"": ""Hypothyroidism"", ""cui"": ""40930008"", ""category"": ""disorder"", ""negated"": false, ""subject"": ""Patient"", ""start"": 1300, ""end"": 1314}, {""id"": ""ent_22"", ""value"": ""bronchitis"", ""preferred_name"": ""Bronchitis"", ""cui"": ""32398004"", ""category"": ""disorder"", ""negated"": false, ""subject"": ""Other"", ""start"": 1318, ""end"": 1328}]","[{""id"": ""abs_1"", ""value"": ""12-10-2024"", ""start"": 12, ""end"": 22}, {""id"": ""abs_2"", ""value"": ""Dec 2024"", ""start"": 75, ""end"": 83}, {""id"": ""abs_3"", ""value"": ""Jan 2025"", ""start"": 165, ""end"": 173}, {""id"": ""abs_4"", ""value"": ""01/03/2025"", ""start"": 229, ""end"": 239}, {""id"": ""abs_5"", ""value"": ""Apr 2025"", ""start"": 682, ""end"": 690}, {""id"": ""abs_6"", ""value"": ""Jul 2025"", ""start"": 963, ""end"": 971}, {""id"": ""abs_7"", ""value"": ""2025-07"", ""start"": 1252, ""end"": 1259}]","[{""id"": ""rel_1"", ""value"": ""3 months"", ""start"": 866, ""end"": 874, ""pattern_type"": ""numeric_simple""}]"
10,99,"F/U (2025-02-23): fluctuating. confirmed multiple_sclerosis cont current medications

 Follow-up appointment scheduled in 3 months.
Medications were reconciled during the visit.
Will continue current medication regimen and reassess in 3 months.PET scan (13-04-2025): shows 3.1cm mass in thyroid. Neurological exam within normal limits. imp: Parkinson's_disease


Will order additional laboratory studies at next visit if symptoms persist.
Basic metabolic panel within normal limits with sodium 140, potassium 4.2, creatinine 0.9.
Lymphatic: No cervical, axillary, or inguinal lymphadenopathy. Medication dosages were adjusted based on recent laboratory findings.Phone note((08rd May 2025)): remission. schedule Ultrasound

 No known drug allergies or adverse reactions reported.CLINIC VISIT (26/05/2025): nausea A review of systems was otherwise negative.
 The patient's vital signs are stable.
Patient reports compliance with current medication regimen. Patient has a history of congenital malformation. Complete blood count shows WBC 7.2, Hgb 13.5, Plt 250.
Patient reports compliance with current medication regimen. pituitary adenoma was discussed.
Lungs clear to auscultation bilaterally. Lungs clear to auscultation bilaterally.Lungs clear to auscultation bilaterally. Assessment includes pituitary macroadenoma. Noted soft tissue lesion in medical history. The patient was advised to return if symptoms worsen. /vomiting unchanged resolving COPD admit to hospital","[{""id"": ""ent_1"", ""value"": ""multiple_sclerosis"", ""preferred_name"": ""Multiple sclerosis"", ""cui"": ""24700007"", ""category"": ""disorder"", ""negated"": false, ""subject"": ""Other"", ""start"": 41, ""end"": 59}, {""id"": ""ent_2"", ""value"": ""Parkinson's_disease"", ""preferred_name"": ""Parkinson's disease"", ""cui"": ""49049000"", ""category"": ""disorder"", ""negated"": false, ""subject"": ""Patient"", ""start"": 341, ""end"": 360}, {""id"": ""ent_3"", ""value"": ""inguinal lymphadenopathy"", ""preferred_name"": ""Inguinal lymphadenopathy"", ""cui"": ""127199000"", ""category"": ""disorder"", ""negated"": false, ""subject"": ""Other"", ""start"": 567, ""end"": 591}, {""id"": ""ent_4"", ""value"": ""adverse reactions"", ""preferred_name"": ""Adverse reaction"", ""cui"": ""281647001"", ""category"": ""disorder"", ""negated"": false, ""subject"": ""Other"", ""start"": 751, ""end"": 768}, {""id"": ""ent_5"", ""value"": ""nausea"", ""preferred_name"": ""Nausea"", ""cui"": ""422587007"", ""category"": ""finding"", ""negated"": false, ""subject"": ""Patient"", ""start"": 805, ""end"": 811}, {""id"": ""ent_6"", ""value"": ""vital signs"", ""preferred_name"": ""Vital signs finding"", ""cui"": ""118227000"", ""category"": ""finding"", ""negated"": false, ""subject"": ""Other"", ""start"": 871, ""end"": 882}, {""id"": ""ent_7"", ""value"": ""congenital malformation"", ""preferred_name"": ""Congenital malformation"", ""cui"": ""276654001"", ""category"": ""disorder"", ""negated"": false, ""subject"": ""Other"", ""start"": 980, ""end"": 1003}, {""id"": ""ent_8"", ""value"": ""pituitary adenoma"", ""preferred_name"": ""Pituitary adenoma"", ""cui"": ""254956000"", ""category"": ""disorder"", ""negated"": false, ""subject"": ""Other"", ""start"": 1120, ""end"": 1137}, {""id"": ""ent_9"", ""value"": ""pituitary macroadenoma"", ""preferred_name"": ""Pituitary macroadenoma"", ""cui"": ""254965007"", ""category"": ""disorder"", ""negated"": false, ""subject"": ""Other"", ""start"": 1295, ""end"": 1317}, {""id"": ""ent_10"", ""value"": ""soft tissue lesion"", ""preferred_name"": ""Soft tissue lesion"", ""cui"": ""239953001"", ""category"": ""disorder"", ""negated"": false, ""subject"": ""Patient"", ""start"": 1325, ""end"": 1343}, {""id"": ""ent_11"", ""value"": ""COPD"", ""preferred_name"": ""Chronic obstructive lung disease"", ""cui"": ""13645005"", ""category"": ""disorder"", ""negated"": false, ""subject"": ""Other"", ""start"": 1448, ""end"": 1452}]","[{""id"": ""abs_1"", ""value"": ""2025-02"", ""start"": 5, ""end"": 12}, {""id"": ""abs_2"", ""value"": ""13-04-2025"", ""start"": 254, ""end"": 264}, {""id"": ""abs_3"", ""value"": ""May 2025"", ""start"": 679, ""end"": 687}, {""id"": ""abs_4"", ""value"": ""26/05/2025"", ""start"": 792, ""end"": 802}]","[{""id"": ""rel_1"", ""value"": ""3 months"", ""start"": 122, ""end"": 130, ""pattern_type"": ""numeric_simple""}]"
1,100,"CLINIC VISIT (15/06/2025): Patient was Current medications include: lisinopril 10mg daily, metformin 500mg twice daily, and atorvastatin 20mg at bedtime. Cardiovascular: Regular rate and rhythm. Skin: No rashes, lesions, or abnormal pigmentation. Good turgor and hydration. congenital malformation was discussed. No murmurs, rubs, or gallops. Labs from this morning were unremarkable.

He denies any fever, chills, or night sweats.Past medical history is non-contributory. Patient has a history of cerebral hemorrhage. Normal S1 and S2. The patient was counseled on lifestyle modifications. Referral placed for physical therapy twice weekly for 6 weeks.
Follow-up appointment scheduled in 3 months. CT scan of the head shows no acute intracranial abnormalities.  diagnosed with pituitary adenoma last year. Assessment includes soft tissue lesion. Follow-up M Lymphatic: No cervical, axillary, or inguinal lymphadenopathy. Past medical history is non-contributory. GI: Bowel sounds present in all four quadrants. No hepatosplenomegaly. Noted pituitary adenoma in medical history. RI shows stable appearance compared to six months ago. The patient was diagnosed with acromegaly 2 years ago and has been on medication since then. Recommended lifestyle modifications including diet changes and regular exercise. Visual symptoms appeared three weeks ago. Headaches started last week and have persisted since then.
Patient is afebrile with normal vital signs.","[{""id"": ""ent_1"", ""value"": ""lisinopril"", ""preferred_name"": ""Lisinopril"", ""cui"": ""386873009"", ""category"": ""substance"", ""negated"": false, ""subject"": ""Other"", ""start"": 68, ""end"": 78}, {""id"": ""ent_2"", ""value"": ""metformin"", ""preferred_name"": ""Metformin"", ""cui"": ""372567009"", ""category"": ""substance"", ""negated"": false, ""subject"": ""Other"", ""start"": 91, ""end"": 100}, {""id"": ""ent_3"", ""value"": ""atorvastatin"", ""preferred_name"": ""Atorvastatin"", ""cui"": ""373444002"", ""category"": ""substance"", ""negated"": false, ""subject"": ""Other"", ""start"": 124, ""end"": 136}, {""id"": ""ent_4"", ""value"": ""rashes"", ""preferred_name"": ""Eruption of skin"", ""cui"": ""271807003"", ""category"": ""disorder"", ""negated"": false, ""subject"": ""Other"", ""start"": 204, ""end"": 210}, {""id"": ""ent_5"", ""value"": ""congenital malformation"", ""preferred_name"": ""Congenital malformation"", ""cui"": ""276654001"", ""category"": ""disorder"", ""negated"": false, ""subject"": ""Other"", ""start"": 274, ""end"": 297}, {""id"": ""ent_6"", ""value"": ""murmurs"", ""preferred_name"": ""Murmur"", ""cui"": ""414786004"", ""category"": ""finding"", ""negated"": false, ""subject"": ""Other"", ""start"": 316, ""end"": 323}, {""id"": ""ent_7"", ""value"": ""rubs"", ""preferred_name"": ""Pericardial friction rub"", ""cui"": ""7036007"", ""category"": ""finding"", ""negated"": false, ""subject"": ""Other"", ""start"": 325, ""end"": 329}, {""id"": ""ent_8"", ""value"": ""fever, chills"", ""preferred_name"": ""Fever with chills"", ""cui"": ""274640006"", ""category"": ""finding"", ""negated"": false, ""subject"": ""Patient"", ""start"": 400, ""end"": 413}, {""id"": ""ent_9"", ""value"": ""night sweats"", ""preferred_name"": ""Night sweats"", ""cui"": ""42984000"", ""category"": ""finding"", ""negated"": false, ""subject"": ""Other"", ""start"": 418, ""end"": 430}, {""id"": ""ent_10"", ""value"": ""lifestyle"", ""preferred_name"": ""Lifestyle"", ""cui"": ""134436002"", ""category"": ""finding"", ""negated"": false, ""subject"": ""Other"", ""start"": 566, ""end"": 575}, {""id"": ""ent_11"", ""value"": ""pituitary adenoma"", ""preferred_name"": ""Pituitary adenoma"", ""cui"": ""254956000"", ""category"": ""disorder"", ""negated"": false, ""subject"": ""Other"", ""start"": 778, ""end"": 795}, {""id"": ""ent_12"", ""value"": ""soft tissue lesion"", ""preferred_name"": ""Soft tissue lesion"", ""cui"": ""239953001"", ""category"": ""disorder"", ""negated"": false, ""subject"": ""Other"", ""start"": 827, ""end"": 845}, {""id"": ""ent_13"", ""value"": ""inguinal lymphadenopathy"", ""preferred_name"": ""Inguinal lymphadenopathy"", ""cui"": ""127199000"", ""category"": ""disorder"", ""negated"": false, ""subject"": ""Other"", ""start"": 896, ""end"": 920}, {""id"": ""ent_14"", ""value"": ""hepatosplenomegaly"", ""preferred_name"": ""Hepatosplenomegaly"", ""cui"": ""36760000"", ""category"": ""disorder"", ""negated"": false, ""subject"": ""Other"", ""start"": 1015, ""end"": 1033}, {""id"": ""ent_15"", ""value"": ""pituitary adenoma"", ""preferred_name"": ""Pituitary adenoma"", ""cui"": ""254956000"", ""category"": ""disorder"", ""negated"": false, ""subject"": ""Other"", ""start"": 1041, ""end"": 1058}, {""id"": ""ent_16"", ""value"": ""acromegaly"", ""preferred_name"": ""Acromegaly"", ""cui"": ""74107003"", ""category"": ""disorder"", ""negated"": false, ""subject"": ""Other"", ""start"": 1165, ""end"": 1175}, {""id"": ""ent_17"", ""value"": ""lifestyle"", ""preferred_name"": ""Lifestyle"", ""cui"": ""134436002"", ""category"": ""finding"", ""negated"": false, ""subject"": ""Other"", ""start"": 1239, ""end"": 1248}, {""id"": ""ent_18"", ""value"": ""diet"", ""preferred_name"": ""Dietary finding"", ""cui"": ""41829006"", ""category"": ""finding"", ""negated"": false, ""subject"": ""Other"", ""start"": 1273, ""end"": 1277}, {""id"": ""ent_19"", ""value"": ""Visual symptoms"", ""preferred_name"": ""Visual symptoms"", ""cui"": ""162274004"", ""category"": ""finding"", ""negated"": false, ""subject"": ""Other"", ""start"": 1308, ""end"": 1323}, {""id"": ""ent_20"", ""value"": ""Headaches"", ""preferred_name"": ""Headache"", ""cui"": ""25064002"", ""category"": ""finding"", ""negated"": false, ""subject"": ""Other"", ""start"": 1350, ""end"": 1359}, {""id"": ""ent_21"", ""value"": ""normal vital signs"", ""preferred_name"": ""Normal vital signs"", ""cui"": ""72970002"", ""category"": ""finding"", ""negated"": false, ""subject"": ""Other"", ""start"": 1434, ""end"": 1452}]","[{""id"": ""abs_1"", ""value"": ""15/06/2025"", ""start"": 14, ""end"": 24}]","[{""id"": ""rel_1"", ""value"": ""this morning"", ""start"": 353, ""end"": 365, ""pattern_type"": ""part_of_day""}, {""id"": ""rel_2"", ""value"": ""last year"", ""start"": 796, ""end"": 805, ""pattern_type"": ""time_unit""}, {""id"": ""rel_3"", ""value"": ""last week"", ""start"": 1359, ""end"": 1368, ""pattern_type"": ""time_unit""}, {""id"": ""rel_4"", ""value"": ""6 months ago"", ""start"": 1115, ""end"": 1127, ""pattern_type"": ""numeric_relative""}, {""id"": ""rel_5"", ""value"": ""2 years ago"", ""start"": 1171, ""end"": 1182, ""pattern_type"": ""numeric_relative""}, {""id"": ""rel_6"", ""value"": ""3 weeks ago"", ""start"": 1328, ""end"": 1339, ""pattern_type"": ""numeric_relative""}, {""id"": ""rel_7"", ""value"": ""6 weeks"", ""start"": 645, ""end"": 652, ""pattern_type"": ""numeric_simple""}, {""id"": ""rel_8"", ""value"": ""3 months"", ""start"": 689, ""end"": 697, ""pattern_type"": ""numeric_simple""}, {""id"": ""rel_9"", ""value"": ""6 months"", ""start"": 1115, ""end"": 1123, ""pattern_type"": ""numeric_simple""}, {""id"": ""rel_10"", ""value"": ""2 years"", ""start"": 1171, ""end"": 1178, ""pattern_type"": ""numeric_simple""}, {""id"": ""rel_11"", ""value"": ""3 weeks"", ""start"": 1328, ""end"": 1335, ""pattern_type"": ""numeric_simple""}]"
