doc_id,note_text,entities_json,dates_json,relative_dates_json,relations_json
0,"Ultrasound (30nd Jun 2024): no significant findings.imp: asthma

CT (02nd Aug 2024): reveals asthma.imp: asthma

X-ray (12nd Sep 2024): shows 3.1cm mass in brain.imp: pituitary_adenoma

CLINIC VISIT (16 Sep'24): nausea/vomiting worsening confirmed rheumatoid_arthritis switch to aspirin

URGENT REVIEW (23rd Oct 2024): headache x1 day.resolving pneumonia

F/U (16st Nov 2024): improved.rule out pituitary_adenoma observe and reassess

X-ray (17.12.24): reveals GERD.imp: GERD Patient was diagnosed with gerd last year.","[{""id"": 300001, ""value"": ""Ultrasound"", ""cui"": ""placeholder_procedure_ultrasound"", ""start"": 0, ""end"": 10}, {""id"": 300005, ""value"": ""asthma"", ""cui"": ""placeholder_diagnosis_asthma"", ""start"": 57, ""end"": 63}, {""id"": 300002, ""value"": ""CT"", ""cui"": ""placeholder_procedure_ct"", ""start"": 65, ""end"": 67}, {""id"": 300007, ""value"": ""asthma"", ""cui"": ""placeholder_diagnosis_asthma"", ""start"": 105, ""end"": 111}, {""id"": 300003, ""value"": ""X-ray"", ""cui"": ""placeholder_procedure_xray"", ""start"": 113, ""end"": 118}, {""id"": 300011, ""value"": ""pituitary_adenoma"", ""cui"": ""placeholder_diagnosis_pituitary_adenoma"", ""start"": 167, ""end"": 184}, {""id"": 300016, ""value"": ""nausea/vomiting"", ""cui"": ""placeholder_sym_nausea_vomiting"", ""start"": 212, ""end"": 227}, {""id"": 300017, ""value"": ""nausea"", ""cui"": ""placeholder_sym_nausea"", ""start"": 212, ""end"": 218}, {""id"": 300018, ""value"": ""vomiting"", ""cui"": ""placeholder_sym_vomiting"", ""start"": 219, ""end"": 227}, {""id"": 300014, ""value"": ""rheumatoid_arthritis"", ""cui"": ""placeholder_diagnosis_rheumatoid_arthritis"", ""start"": 248, ""end"": 268}, {""id"": 300015, ""value"": ""aspirin"", ""cui"": ""placeholder_med_aspirin"", ""start"": 279, ""end"": 286}, {""id"": 300019, ""value"": ""headache"", ""cui"": ""placeholder_sym_headache"", ""start"": 319, ""end"": 327}, {""id"": 300013, ""value"": ""pneumonia"", ""cui"": ""placeholder_diagnosis_pneumonia"", ""start"": 345, ""end"": 354}, {""id"": 300012, ""value"": ""pituitary_adenoma"", ""cui"": ""placeholder_diagnosis_pituitary_adenoma"", ""start"": 395, ""end"": 412}, {""id"": 300009, ""value"": ""gerd"", ""cui"": ""placeholder_diagnosis_gerd"", ""start"": 471, ""end"": 475}]","[{""id"": 308001, ""value"": ""30nd Jun 2024"", ""start"": 12, ""end"": 25}, {""id"": 308002, ""value"": ""02nd Aug 2024"", ""start"": 69, ""end"": 82}, {""id"": 308003, ""value"": ""12nd Sep 2024"", ""start"": 120, ""end"": 133}, {""id"": 308004, ""value"": ""16 Sep'24"", ""start"": 200, ""end"": 209}, {""id"": 308005, ""value"": ""23rd Oct 2024"", ""start"": 303, ""end"": 316}, {""id"": 308006, ""value"": ""16st Nov 2024"", ""start"": 361, ""end"": 374}, {""id"": 308007, ""value"": ""17.12.24"", ""start"": 442, ""end"": 450}]","[{""id"": 311001, ""value"": ""last year"", ""start"": 508, ""end"": 517}]","[{""date"": ""30nd Jun 2024"", ""entity"": ""asthma"", ""date_id"": 308001, ""entity_id"": 300005}, {""date"": ""02nd Aug 2024"", ""entity"": ""asthma"", ""date_id"": 308002, ""entity_id"": 300007}, {""date"": ""12nd Sep 2024"", ""entity"": ""pituitary_adenoma"", ""date_id"": 308003, ""entity_id"": 300011}, {""date"": ""16 Sep'24"", ""entity"": ""rheumatoid_arthritis"", ""date_id"": 308004, ""entity_id"": 300014}, {""date"": ""16 Sep'24"", ""entity"": ""aspirin"", ""date_id"": 308004, ""entity_id"": 300015}, {""date"": ""16 Sep'24"", ""entity"": ""nausea/vomiting"", ""date_id"": 308004, ""entity_id"": 300016}, {""date"": ""16 Sep'24"", ""entity"": ""nausea"", ""date_id"": 308004, ""entity_id"": 300017}, {""date"": ""16 Sep'24"", ""entity"": ""vomiting"", ""date_id"": 308004, ""entity_id"": 300018}, {""date"": ""23rd Oct 2024"", ""entity"": ""headache"", ""date_id"": 308005, ""entity_id"": 300019}, {""date"": ""23rd Oct 2024"", ""entity"": ""pneumonia"", ""date_id"": 308005, ""entity_id"": 300013}, {""date"": ""17.12.24"", ""entity"": ""gerd"", ""date_id"": 308007, ""entity_id"": 300009}, {""date"": ""last year"", ""entity"": ""gerd"", ""date_id"": 311001, ""entity_id"": 300009}]"
1,"Labs (27th Sep 2024): anemia. resolving multiple_sclerosis

Phone note((22/11/24)): relapse. taper medication

URGENT REVIEW (26/12/24): weight loss. likely bronchitis

URGENT REVIEW (26 Jan 2025): chest pain. resolving multiple_sclerosis

F/U (29th Jan 2025): stable. suspect tension_headache taper medication

Labs (16/02/25): elevated CRP. consistent w/ GERD

Labs (29-03-2025): elevated CRP. confirmed rheumatoid_arthritis Patient was diagnosed with rheumatoid_arthritis two weeks ago.","[{""id"": 300022, ""value"": ""multiple_sclerosis"", ""cui"": ""placeholder_diagnosis_multiple_sclerosis"", ""start"": 40, ""end"": 58}, {""id"": 300020, ""value"": ""bronchitis"", ""cui"": ""placeholder_diagnosis_bronchitis"", ""start"": 157, ""end"": 167}, {""id"": 300028, ""value"": ""pain"", ""cui"": ""placeholder_sym_pain"", ""start"": 204, ""end"": 208}, {""id"": 300023, ""value"": ""multiple_sclerosis"", ""cui"": ""placeholder_diagnosis_multiple_sclerosis"", ""start"": 220, ""end"": 238}, {""id"": 300026, ""value"": ""tension_headache"", ""cui"": ""placeholder_diagnosis_tension_headache"", ""start"": 277, ""end"": 293}, {""id"": 300027, ""value"": ""headache"", ""cui"": ""placeholder_sym_headache"", ""start"": 285, ""end"": 293}, {""id"": 300021, ""value"": ""gerd"", ""cui"": ""placeholder_diagnosis_gerd"", ""start"": 357, ""end"": 361}, {""id"": 300024, ""value"": ""rheumatoid_arthritis"", ""cui"": ""placeholder_diagnosis_rheumatoid_arthritis"", ""start"": 406, ""end"": 426}]","[{""id"": 308008, ""value"": ""27th Sep 2024"", ""start"": 6, ""end"": 19}, {""id"": 308009, ""value"": ""(22/11/24"", ""start"": 71, ""end"": 80}, {""id"": 308010, ""value"": ""26/12/24"", ""start"": 126, ""end"": 134}, {""id"": 308011, ""value"": ""26 Jan 2025"", ""start"": 184, ""end"": 195}, {""id"": 308012, ""value"": ""29th Jan 2025"", ""start"": 245, ""end"": 258}, {""id"": 308013, ""value"": ""16/02/25"", ""start"": 318, ""end"": 326}, {""id"": 308014, ""value"": ""29-03-2025"", ""start"": 369, ""end"": 379}]","[{""id"": 311003, ""value"": ""two weeks ago"", ""start"": 475, ""end"": 488}]","[{""date"": ""27th Sep 2024"", ""entity"": ""multiple_sclerosis"", ""date_id"": 308008, ""entity_id"": 300022}, {""date"": ""26/12/24"", ""entity"": ""bronchitis"", ""date_id"": 308010, ""entity_id"": 300020}, {""date"": ""26 Jan 2025"", ""entity"": ""pain"", ""date_id"": 308011, ""entity_id"": 300028}, {""date"": ""26 Jan 2025"", ""entity"": ""multiple_sclerosis"", ""date_id"": 308011, ""entity_id"": 300023}, {""date"": ""29th Jan 2025"", ""entity"": ""tension_headache"", ""date_id"": 308012, ""entity_id"": 300026}, {""date"": ""29th Jan 2025"", ""entity"": ""headache"", ""date_id"": 308012, ""entity_id"": 300027}, {""date"": ""16/02/25"", ""entity"": ""gerd"", ""date_id"": 308013, ""entity_id"": 300021}, {""date"": ""29-03-2025"", ""entity"": ""rheumatoid_arthritis"", ""date_id"": 308014, ""entity_id"": 300024}, {""date"": ""two weeks ago"", ""entity"": ""rheumatoid_arthritis"", ""date_id"": 311003, ""entity_id"": 300024}]"
2,"URGENT REVIEW (2024-10-04): cough. suspect osteoarthritis

New patient((10nd Nov 2024)): pt presents w/ cough. rule out bronchitis

PET scan (21-11-2024): evidence of hemorrhage. imp: GERD

Visit((12nd Jan 2025)): pt presents w/ weight gain. new dx of diabetes_mellitus

CLINIC VISIT (23rd Feb 2025): frequent urination fluctuating consistent w/ anemia schedule MRI

Labs (04.04.25): normal chemistry panel. rule out depression

F/U (07.05.25): slightly improved. unclear etiology,could be COPD vs hyperlipidemia switch to topiramate

CLINIC VISIT (19/05/25): fever fluctuating unclear etiology,could be IBS vs anemia schedule CT Patient was diagnosed with anemia yesterday.","[{""id"": 300040, ""value"": ""cough"", ""cui"": ""placeholder_sym_cough"", ""start"": 28, ""end"": 33}, {""id"": 300039, ""value"": ""osteoarthritis"", ""cui"": ""placeholder_diagnosis_osteoarthritis"", ""start"": 43, ""end"": 57}, {""id"": 300041, ""value"": ""cough"", ""cui"": ""placeholder_sym_cough"", ""start"": 104, ""end"": 109}, {""id"": 300032, ""value"": ""bronchitis"", ""cui"": ""placeholder_diagnosis_bronchitis"", ""start"": 120, ""end"": 130}, {""id"": 300036, ""value"": ""gerd"", ""cui"": ""placeholder_diagnosis_gerd"", ""start"": 184, ""end"": 188}, {""id"": 300035, ""value"": ""diabetes_mellitus"", ""cui"": ""placeholder_diagnosis_diabetes_mellitus"", ""start"": 252, ""end"": 269}, {""id"": 300029, ""value"": ""anemia"", ""cui"": ""placeholder_diagnosis_anemia"", ""start"": 346, ""end"": 352}, {""id"": 300034, ""value"": ""depression"", ""cui"": ""placeholder_diagnosis_depression"", ""start"": 417, ""end"": 427}, {""id"": 300033, ""value"": ""copd"", ""cui"": ""placeholder_diagnosis_copd"", ""start"": 490, ""end"": 494}, {""id"": 300037, ""value"": ""hyperlipidemia"", ""cui"": ""placeholder_diagnosis_hyperlipidemia"", ""start"": 498, ""end"": 512}, {""id"": 300042, ""value"": ""fever"", ""cui"": ""placeholder_sym_fever"", ""start"": 560, ""end"": 565}, {""id"": 300038, ""value"": ""ibs"", ""cui"": ""placeholder_diagnosis_ibs"", ""start"": 604, ""end"": 607}, {""id"": 300030, ""value"": ""anemia"", ""cui"": ""placeholder_diagnosis_anemia"", ""start"": 611, ""end"": 617}]","[{""id"": 308015, ""value"": ""2024-10-04"", ""start"": 15, ""end"": 25}, {""id"": 308016, ""value"": ""(10nd Nov 2024"", ""start"": 71, ""end"": 85}, {""id"": 308017, ""value"": ""21-11-2024"", ""start"": 142, ""end"": 152}, {""id"": 308018, ""value"": ""(12nd Jan 2025"", ""start"": 196, ""end"": 210}, {""id"": 308019, ""value"": ""23rd Feb 2025"", ""start"": 285, ""end"": 298}, {""id"": 308020, ""value"": ""04.04.25"", ""start"": 373, ""end"": 381}, {""id"": 308021, ""value"": ""07.05.25"", ""start"": 434, ""end"": 442}, {""id"": 308022, ""value"": ""19/05/25"", ""start"": 549, ""end"": 557}]","[{""id"": 311005, ""value"": ""yesterday"", ""start"": 664, ""end"": 673}]","[{""date"": ""2024-10-04"", ""entity"": ""cough"", ""date_id"": 308015, ""entity_id"": 300040}, {""date"": ""2024-10-04"", ""entity"": ""osteoarthritis"", ""date_id"": 308015, ""entity_id"": 300039}, {""date"": ""(10nd Nov 2024"", ""entity"": ""cough"", ""date_id"": 308016, ""entity_id"": 300041}, {""date"": ""21-11-2024"", ""entity"": ""gerd"", ""date_id"": 308017, ""entity_id"": 300036}, {""date"": ""(12nd Jan 2025"", ""entity"": ""diabetes_mellitus"", ""date_id"": 308018, ""entity_id"": 300035}, {""date"": ""23rd Feb 2025"", ""entity"": ""anemia"", ""date_id"": 308019, ""entity_id"": 300029}, {""date"": ""07.05.25"", ""entity"": ""copd"", ""date_id"": 308021, ""entity_id"": 300033}, {""date"": ""07.05.25"", ""entity"": ""hyperlipidemia"", ""date_id"": 308021, ""entity_id"": 300037}, {""date"": ""19/05/25"", ""entity"": ""fever"", ""date_id"": 308022, ""entity_id"": 300042}, {""date"": ""19/05/25"", ""entity"": ""ibs"", ""date_id"": 308022, ""entity_id"": 300038}, {""date"": ""19/05/25"", ""entity"": ""anemia"", ""date_id"": 308022, ""entity_id"": 300030}, {""date"": ""yesterday"", ""entity"": ""anemia"", ""date_id"": 311005, ""entity_id"": 300030}]"
3,"URGENT REVIEW (13rd Feb 2025): visual changes. likely schizophrenia

Labs (05-03-2025): WBC elevated. likely COPD

Cardiology CONSULT (09 Apr 2025): unclear etiology, could be stroke vs microadenoma follow up in 6 months

X-ray (28st May 2025): no significant findings. imp: multiple_sclerosis

URGENT REVIEW (27rd Jun 2025): fatigue. consistent with IBS Patient was diagnosed with ibs last year.","[{""id"": 300049, ""value"": ""schizophrenia"", ""cui"": ""placeholder_diagnosis_schizophrenia"", ""start"": 54, ""end"": 67}, {""id"": 300044, ""value"": ""copd"", ""cui"": ""placeholder_diagnosis_copd"", ""start"": 109, ""end"": 113}, {""id"": 300050, ""value"": ""stroke"", ""cui"": ""placeholder_diagnosis_stroke"", ""start"": 176, ""end"": 182}, {""id"": 300047, ""value"": ""microadenoma"", ""cui"": ""placeholder_diagnosis_microadenoma"", ""start"": 186, ""end"": 198}, {""id"": 300043, ""value"": ""X-ray"", ""cui"": ""placeholder_procedure_xray"", ""start"": 222, ""end"": 227}, {""id"": 300048, ""value"": ""multiple_sclerosis"", ""cui"": ""placeholder_diagnosis_multiple_sclerosis"", ""start"": 275, ""end"": 293}, {""id"": 300051, ""value"": ""fatigue"", ""cui"": ""placeholder_sym_fatigue"", ""start"": 326, ""end"": 333}, {""id"": 300045, ""value"": ""ibs"", ""cui"": ""placeholder_diagnosis_ibs"", ""start"": 351, ""end"": 354}]","[{""id"": 308023, ""value"": ""13rd Feb 2025"", ""start"": 15, ""end"": 28}, {""id"": 308024, ""value"": ""05-03-2025"", ""start"": 75, ""end"": 85}, {""id"": 308025, ""value"": ""09 Apr 2025"", ""start"": 135, ""end"": 146}, {""id"": 308026, ""value"": ""28st May 2025"", ""start"": 229, ""end"": 242}, {""id"": 308027, ""value"": ""27rd Jun 2025"", ""start"": 310, ""end"": 323}]","[{""id"": 311007, ""value"": ""last year"", ""start"": 386, ""end"": 395}]","[{""date"": ""13rd Feb 2025"", ""entity"": ""schizophrenia"", ""date_id"": 308023, ""entity_id"": 300049}, {""date"": ""05-03-2025"", ""entity"": ""copd"", ""date_id"": 308024, ""entity_id"": 300044}, {""date"": ""09 Apr 2025"", ""entity"": ""stroke"", ""date_id"": 308025, ""entity_id"": 300050}, {""date"": ""09 Apr 2025"", ""entity"": ""microadenoma"", ""date_id"": 308025, ""entity_id"": 300047}, {""date"": ""28st May 2025"", ""entity"": ""X-ray"", ""date_id"": 308026, ""entity_id"": 300043}, {""date"": ""28st May 2025"", ""entity"": ""multiple_sclerosis"", ""date_id"": 308026, ""entity_id"": 300048}, {""date"": ""27rd Jun 2025"", ""entity"": ""fatigue"", ""date_id"": 308027, ""entity_id"": 300051}, {""date"": ""27rd Jun 2025"", ""entity"": ""ibs"", ""date_id"": 308027, ""entity_id"": 300045}, {""date"": ""last year"", ""entity"": ""ibs"", ""date_id"": 311007, ""entity_id"": 300045}]"
4,"New pt((18/11/24)): pt presents with nausea/vomiting.new diagnosis of diabetes_mellitus

Phone note((2024-12-14)): improved.increase dose

F/U (12/02/25): unchanged.consistent with diabetes_mellitus continue current medications Patient was diagnosed with diabetes_mellitus two weeks ago.","[{""id"": 300055, ""value"": ""nausea/vomiting"", ""cui"": ""placeholder_sym_nausea_vomiting"", ""start"": 37, ""end"": 52}, {""id"": 300056, ""value"": ""nausea"", ""cui"": ""placeholder_sym_nausea"", ""start"": 37, ""end"": 43}, {""id"": 300057, ""value"": ""vomiting"", ""cui"": ""placeholder_sym_vomiting"", ""start"": 44, ""end"": 52}, {""id"": 300052, ""value"": ""diabetes_mellitus"", ""cui"": ""placeholder_diagnosis_diabetes_mellitus"", ""start"": 70, ""end"": 87}, {""id"": 300053, ""value"": ""diabetes_mellitus"", ""cui"": ""placeholder_diagnosis_diabetes_mellitus"", ""start"": 181, ""end"": 198}]","[{""id"": 308028, ""value"": ""(18/11/24"", ""start"": 7, ""end"": 16}, {""id"": 308029, ""value"": ""(2024-12-14"", ""start"": 100, ""end"": 111}, {""id"": 308030, ""value"": ""12/02/25"", ""start"": 144, ""end"": 152}]","[{""id"": 311009, ""value"": ""two weeks ago"", ""start"": 273, ""end"": 286}]","[{""date"": ""(18/11/24"", ""entity"": ""nausea/vomiting"", ""date_id"": 308028, ""entity_id"": 300055}, {""date"": ""(18/11/24"", ""entity"": ""nausea"", ""date_id"": 308028, ""entity_id"": 300056}, {""date"": ""(18/11/24"", ""entity"": ""vomiting"", ""date_id"": 308028, ""entity_id"": 300057}, {""date"": ""(18/11/24"", ""entity"": ""diabetes_mellitus"", ""date_id"": 308028, ""entity_id"": 300052}, {""date"": ""12/02/25"", ""entity"": ""diabetes_mellitus"", ""date_id"": 308030, ""entity_id"": 300053}, {""date"": ""two weeks ago"", ""entity"": ""diabetes_mellitus"", ""date_id"": 311009, ""entity_id"": 300053}]"
5,"CLINIC VISIT (2024-08-06): dizziness progressive new .dx of bipolar_disorder schedule X-ray

PET scan (29/09/24): evidence of stenosis. imp: hypothyroidism

Phone note((06/11/2024)): stable. taper medication

X-ray (09st Dec 2024): reveals diabetes_mellitus. imp: diabetes_mellitus

Visit((28rd Dec 2024)): pt presents with abdominal pain. confirmed anxiety

Labs (2025-02-07): low vitamin D. resolving pituitary_adenoma

Phone note((15 Feb 2025)): fluctuating. taper medication Patient was diagnosed with pituitary_adenoma yesterday.","[{""id"": 300067, ""value"": ""dizziness"", ""cui"": ""placeholder_sym_dizziness"", ""start"": 27, ""end"": 36}, {""id"": 300060, ""value"": ""bipolar_disorder"", ""cui"": ""placeholder_diagnosis_bipolar_disorder"", ""start"": 60, ""end"": 76}, {""id"": 300058, ""value"": ""X-ray"", ""cui"": ""placeholder_procedure_xray"", ""start"": 86, ""end"": 91}, {""id"": 300063, ""value"": ""hypothyroidism"", ""cui"": ""placeholder_diagnosis_hypothyroidism"", ""start"": 141, ""end"": 155}, {""id"": 300062, ""value"": ""diabetes_mellitus"", ""cui"": ""placeholder_diagnosis_diabetes_mellitus"", ""start"": 264, ""end"": 281}, {""id"": 300066, ""value"": ""pain"", ""cui"": ""placeholder_sym_pain"", ""start"": 334, ""end"": 338}, {""id"": 300059, ""value"": ""anxiety"", ""cui"": ""placeholder_diagnosis_anxiety"", ""start"": 350, ""end"": 357}, {""id"": 300064, ""value"": ""pituitary_adenoma"", ""cui"": ""placeholder_diagnosis_pituitary_adenoma"", ""start"": 403, ""end"": 420}, {""id"": 300065, ""value"": ""pituitary_adenoma"", ""cui"": ""placeholder_diagnosis_pituitary_adenoma"", ""start"": 506, ""end"": 523}]","[{""id"": 308031, ""value"": ""2024-08-06"", ""start"": 14, ""end"": 24}, {""id"": 308032, ""value"": ""29/09/24"", ""start"": 103, ""end"": 111}, {""id"": 308033, ""value"": ""(06/11/2024"", ""start"": 168, ""end"": 179}, {""id"": 308034, ""value"": ""09st Dec 2024"", ""start"": 216, ""end"": 229}, {""id"": 308035, ""value"": ""(28rd Dec 2024"", ""start"": 289, ""end"": 303}, {""id"": 308036, ""value"": ""2025-02-07"", ""start"": 365, ""end"": 375}, {""id"": 308037, ""value"": ""(15 Feb 2025"", ""start"": 433, ""end"": 445}]","[{""id"": 311011, ""value"": ""yesterday"", ""start"": 524, ""end"": 533}]","[{""date"": ""2024-08-06"", ""entity"": ""dizziness"", ""date_id"": 308031, ""entity_id"": 300067}, {""date"": ""2024-08-06"", ""entity"": ""bipolar_disorder"", ""date_id"": 308031, ""entity_id"": 300060}, {""date"": ""2024-08-06"", ""entity"": ""X-ray"", ""date_id"": 308031, ""entity_id"": 300058}, {""date"": ""29/09/24"", ""entity"": ""hypothyroidism"", ""date_id"": 308032, ""entity_id"": 300063}, {""date"": ""09st Dec 2024"", ""entity"": ""diabetes_mellitus"", ""date_id"": 308034, ""entity_id"": 300062}, {""date"": ""(28rd Dec 2024"", ""entity"": ""pain"", ""date_id"": 308035, ""entity_id"": 300066}, {""date"": ""(28rd Dec 2024"", ""entity"": ""anxiety"", ""date_id"": 308035, ""entity_id"": 300059}, {""date"": ""2025-02-07"", ""entity"": ""pituitary_adenoma"", ""date_id"": 308036, ""entity_id"": 300064}, {""date"": ""yesterday"", ""entity"": ""pituitary_adenoma"", ""date_id"": 311011, ""entity_id"": 300065}]"
6,"New pt((08-06-2024)): pt presents w/ back pain.consistent w/ bipolar_disorder

URGENT REVIEW (03rd Jul 2024): weight gain.rule out asthma

Rheumatology CONSULT (26nd Aug 2024): likely schizophrenia observe and reassess Patient was diagnosed with schizophrenia last year.","[{""id"": 300072, ""value"": ""pain"", ""cui"": ""placeholder_sym_pain"", ""start"": 42, ""end"": 46}, {""id"": 300069, ""value"": ""bipolar_disorder"", ""cui"": ""placeholder_diagnosis_bipolar_disorder"", ""start"": 61, ""end"": 77}, {""id"": 300068, ""value"": ""asthma"", ""cui"": ""placeholder_diagnosis_asthma"", ""start"": 131, ""end"": 137}, {""id"": 300070, ""value"": ""schizophrenia"", ""cui"": ""placeholder_diagnosis_schizophrenia"", ""start"": 184, ""end"": 197}]","[{""id"": 308038, ""value"": ""(08-06-2024"", ""start"": 7, ""end"": 18}, {""id"": 308039, ""value"": ""03rd Jul 2024"", ""start"": 94, ""end"": 107}, {""id"": 308040, ""value"": ""26nd Aug 2024"", ""start"": 161, ""end"": 174}]","[{""id"": 311013, ""value"": ""last year"", ""start"": 260, ""end"": 269}]","[{""date"": ""(08-06-2024"", ""entity"": ""pain"", ""date_id"": 308038, ""entity_id"": 300072}, {""date"": ""(08-06-2024"", ""entity"": ""bipolar_disorder"", ""date_id"": 308038, ""entity_id"": 300069}, {""date"": ""26nd Aug 2024"", ""entity"": ""schizophrenia"", ""date_id"": 308040, ""entity_id"": 300070}, {""date"": ""last year"", ""entity"": ""schizophrenia"", ""date_id"": 311013, ""entity_id"": 300070}]"
7,"CLINIC VISIT (17rd Dec 2024): insomnia resolved new diagnosis of COPD taper medication

CLINIC VISIT (15 Feb'25): fatigue progressive confirmed IBS admit to hospital

Ultrasound (02 Mar 2025): reveals tension_headache. imp: tension_headache

Labs (07.03.25): abnormal LFTs. rule out ulcerative_colitis

Ultrasound (24.03.25): evidence of lesion. imp: leukemia Patient was diagnosed with leukemia two weeks ago.","[{""id"": 300075, ""value"": ""copd"", ""cui"": ""placeholder_diagnosis_copd"", ""start"": 65, ""end"": 69}, {""id"": 300084, ""value"": ""fatigue"", ""cui"": ""placeholder_sym_fatigue"", ""start"": 114, ""end"": 121}, {""id"": 300076, ""value"": ""ibs"", ""cui"": ""placeholder_diagnosis_ibs"", ""start"": 144, ""end"": 147}, {""id"": 300073, ""value"": ""Ultrasound"", ""cui"": ""placeholder_procedure_ultrasound"", ""start"": 167, ""end"": 177}, {""id"": 300080, ""value"": ""tension_headache"", ""cui"": ""placeholder_diagnosis_tension_headache"", ""start"": 224, ""end"": 240}, {""id"": 300083, ""value"": ""headache"", ""cui"": ""placeholder_sym_headache"", ""start"": 232, ""end"": 240}, {""id"": 300081, ""value"": ""ulcerative_colitis"", ""cui"": ""placeholder_diagnosis_ulcerative_colitis"", ""start"": 283, ""end"": 301}, {""id"": 300077, ""value"": ""leukemia"", ""cui"": ""placeholder_diagnosis_leukemia"", ""start"": 351, ""end"": 359}]","[{""id"": 308041, ""value"": ""17rd Dec 2024"", ""start"": 14, ""end"": 27}, {""id"": 308042, ""value"": ""15 Feb'25"", ""start"": 102, ""end"": 111}, {""id"": 308043, ""value"": ""02 Mar 2025"", ""start"": 179, ""end"": 190}, {""id"": 308044, ""value"": ""07.03.25"", ""start"": 248, ""end"": 256}, {""id"": 308045, ""value"": ""24.03.25"", ""start"": 315, ""end"": 323}]","[{""id"": 311015, ""value"": ""two weeks ago"", ""start"": 396, ""end"": 409}]","[{""date"": ""17rd Dec 2024"", ""entity"": ""copd"", ""date_id"": 308041, ""entity_id"": 300075}, {""date"": ""15 Feb'25"", ""entity"": ""fatigue"", ""date_id"": 308042, ""entity_id"": 300084}, {""date"": ""15 Feb'25"", ""entity"": ""ibs"", ""date_id"": 308042, ""entity_id"": 300076}, {""date"": ""02 Mar 2025"", ""entity"": ""Ultrasound"", ""date_id"": 308043, ""entity_id"": 300073}, {""date"": ""02 Mar 2025"", ""entity"": ""tension_headache"", ""date_id"": 308043, ""entity_id"": 300080}, {""date"": ""02 Mar 2025"", ""entity"": ""headache"", ""date_id"": 308043, ""entity_id"": 300083}, {""date"": ""24.03.25"", ""entity"": ""leukemia"", ""date_id"": 308045, ""entity_id"": 300077}, {""date"": ""two weeks ago"", ""entity"": ""leukemia"", ""date_id"": 311015, ""entity_id"": 300077}]"
8,"CLINIC VISIT (21st Jan 2025): insomnia progressive confirmed schizophrenia cont current medications

CT (09 Feb 2025): shows 2.7cm mass in thyroid. imp: hypothyroidism

URGENT REVIEW (24/03/2025): cough. unclear etiology,could be ulcerative_colitis vs microadenoma

Labs (28th Apr 2025): abnormal LFTs. suspect COPD

CLINIC VISIT (26.06.25): visual changes worsening unclear etiology,could be osteoarthritis vs diabetes_mellitus increase dos,e

PET scan (06nd Aug 2025): reveals ulcerative_colitis. imp: ulcerative_colitis Patient was diagnosed with ulcerative_colitis yesterday.","[{""id"": 300091, ""value"": ""schizophrenia"", ""cui"": ""placeholder_diagnosis_schizophrenia"", ""start"": 61, ""end"": 74}, {""id"": 300085, ""value"": ""CT"", ""cui"": ""placeholder_procedure_ct"", ""start"": 101, ""end"": 103}, {""id"": 300088, ""value"": ""hypothyroidism"", ""cui"": ""placeholder_diagnosis_hypothyroidism"", ""start"": 153, ""end"": 167}, {""id"": 300096, ""value"": ""cough"", ""cui"": ""placeholder_sym_cough"", ""start"": 197, ""end"": 202}, {""id"": 300092, ""value"": ""ulcerative_colitis"", ""cui"": ""placeholder_diagnosis_ulcerative_colitis"", ""start"": 230, ""end"": 248}, {""id"": 300089, ""value"": ""microadenoma"", ""cui"": ""placeholder_diagnosis_microadenoma"", ""start"": 252, ""end"": 264}, {""id"": 300086, ""value"": ""copd"", ""cui"": ""placeholder_diagnosis_copd"", ""start"": 311, ""end"": 315}, {""id"": 300090, ""value"": ""osteoarthritis"", ""cui"": ""placeholder_diagnosis_osteoarthritis"", ""start"": 393, ""end"": 407}, {""id"": 300087, ""value"": ""diabetes_mellitus"", ""cui"": ""placeholder_diagnosis_diabetes_mellitus"", ""start"": 411, ""end"": 428}, {""id"": 300094, ""value"": ""ulcerative_colitis"", ""cui"": ""placeholder_diagnosis_ulcerative_colitis"", ""start"": 504, ""end"": 522}]","[{""id"": 308046, ""value"": ""21st Jan 2025"", ""start"": 14, ""end"": 27}, {""id"": 308047, ""value"": ""09 Feb 2025"", ""start"": 105, ""end"": 116}, {""id"": 308048, ""value"": ""24/03/2025"", ""start"": 184, ""end"": 194}, {""id"": 308049, ""value"": ""28th Apr 2025"", ""start"": 272, ""end"": 285}, {""id"": 308050, ""value"": ""26.06.25"", ""start"": 331, ""end"": 339}, {""id"": 308051, ""value"": ""06nd Aug 2025"", ""start"": 455, ""end"": 468}]","[{""id"": 311017, ""value"": ""yesterday"", ""start"": 569, ""end"": 578}]","[{""date"": ""21st Jan 2025"", ""entity"": ""schizophrenia"", ""date_id"": 308046, ""entity_id"": 300091}, {""date"": ""09 Feb 2025"", ""entity"": ""CT"", ""date_id"": 308047, ""entity_id"": 300085}, {""date"": ""09 Feb 2025"", ""entity"": ""hypothyroidism"", ""date_id"": 308047, ""entity_id"": 300088}, {""date"": ""24/03/2025"", ""entity"": ""cough"", ""date_id"": 308048, ""entity_id"": 300096}, {""date"": ""24/03/2025"", ""entity"": ""ulcerative_colitis"", ""date_id"": 308048, ""entity_id"": 300092}, {""date"": ""24/03/2025"", ""entity"": ""microadenoma"", ""date_id"": 308048, ""entity_id"": 300089}, {""date"": ""28th Apr 2025"", ""entity"": ""copd"", ""date_id"": 308049, ""entity_id"": 300086}, {""date"": ""26.06.25"", ""entity"": ""osteoarthritis"", ""date_id"": 308050, ""entity_id"": 300090}, {""date"": ""26.06.25"", ""entity"": ""diabetes_mellitus"", ""date_id"": 308050, ""entity_id"": 300087}, {""date"": ""06nd Aug 2025"", ""entity"": ""ulcerative_colitis"", ""date_id"": 308051, ""entity_id"": 300094}, {""date"": ""yesterday"", ""entity"": ""ulcerative_colitis"", ""date_id"": 311017, ""entity_id"": 300094}]"
9,"Ultrasound (06 Oct 2024): evidence of mass effect.imp: pituitary_adenoma

Labs (19.10.24): normal CBC.consistent with macroadenoma

Labs (24st Nov 2024): anemia.rule out epilepsy

Internal Medicine CONSULT (02nd Jan 2025): unclear etiology,could be GERD vs multiple_sclerosis schedule CT Patient was diagnosed with multiple_sclerosis last year.","[{""id"": 300097, ""value"": ""Ultrasound"", ""cui"": ""placeholder_procedure_ultrasound"", ""start"": 0, ""end"": 10}, {""id"": 300103, ""value"": ""pituitary_adenoma"", ""cui"": ""placeholder_diagnosis_pituitary_adenoma"", ""start"": 55, ""end"": 72}, {""id"": 300100, ""value"": ""macroadenoma"", ""cui"": ""placeholder_diagnosis_macroadenoma"", ""start"": 118, ""end"": 130}, {""id"": 300098, ""value"": ""epilepsy"", ""cui"": ""placeholder_diagnosis_epilepsy"", ""start"": 170, ""end"": 178}, {""id"": 300099, ""value"": ""gerd"", ""cui"": ""placeholder_diagnosis_gerd"", ""start"": 249, ""end"": 253}, {""id"": 300101, ""value"": ""multiple_sclerosis"", ""cui"": ""placeholder_diagnosis_multiple_sclerosis"", ""start"": 257, ""end"": 275}]","[{""id"": 308052, ""value"": ""06 Oct 2024"", ""start"": 12, ""end"": 23}, {""id"": 308053, ""value"": ""19.10.24"", ""start"": 80, ""end"": 88}, {""id"": 308054, ""value"": ""24st Nov 2024"", ""start"": 138, ""end"": 151}, {""id"": 308055, ""value"": ""02nd Jan 2025"", ""start"": 207, ""end"": 220}]","[{""id"": 311019, ""value"": ""last year"", ""start"": 334, ""end"": 343}]","[{""date"": ""06 Oct 2024"", ""entity"": ""Ultrasound"", ""date_id"": 308052, ""entity_id"": 300097}, {""date"": ""06 Oct 2024"", ""entity"": ""pituitary_adenoma"", ""date_id"": 308052, ""entity_id"": 300103}, {""date"": ""19.10.24"", ""entity"": ""macroadenoma"", ""date_id"": 308053, ""entity_id"": 300100}, {""date"": ""02nd Jan 2025"", ""entity"": ""gerd"", ""date_id"": 308055, ""entity_id"": 300099}, {""date"": ""02nd Jan 2025"", ""entity"": ""multiple_sclerosis"", ""date_id"": 308055, ""entity_id"": 300101}, {""date"": ""last year"", ""entity"": ""multiple_sclerosis"", ""date_id"": 311019, ""entity_id"": 300101}]"
10,"Cardiology CONSULT (08-06-2024): suspect Cushing's_syndrome schedule MRI

Phone note((28.06.24)): worsening. cont current medications

URGENT REVIEW (05st Jul 2024): insomnia. suspect multiple_sclerosis

F/U (31 Aug 2024): stable. rule out Parkinson's_disease f/u in 1 month

CLINIC VISIT (11 Oct 2024): insomnia unchanged unclear etiology,could be prolactinoma vs bronchitis observe and reassess

Cardiology CONSULT (13/10/24): resolving Cushing's_syndrome schedule MRI

Phone note((04/11/2024)): stable. switch to ibuprofen

F/U (28 Nov'24): fluctuating. rule out anemia switch to ibuprofen Patient was diagnosed with anemia two weeks ago.","[{""id"": 300107, ""value"": ""multiple_sclerosis"", ""cui"": ""placeholder_diagnosis_multiple_sclerosis"", ""start"": 184, ""end"": 202}, {""id"": 300108, ""value"": ""prolactinoma"", ""cui"": ""placeholder_diagnosis_prolactinoma"", ""start"": 349, ""end"": 361}, {""id"": 300106, ""value"": ""bronchitis"", ""cui"": ""placeholder_diagnosis_bronchitis"", ""start"": 365, ""end"": 375}, {""id"": 300109, ""value"": ""ibuprofen"", ""cui"": ""placeholder_med_ibuprofen"", ""start"": 516, ""end"": 525}, {""id"": 300110, ""value"": ""ibuprofen"", ""cui"": ""placeholder_med_ibuprofen"", ""start"": 583, ""end"": 592}, {""id"": 300105, ""value"": ""anemia"", ""cui"": ""placeholder_diagnosis_anemia"", ""start"": 620, ""end"": 626}]","[{""id"": 308056, ""value"": ""08-06-2024"", ""start"": 20, ""end"": 30}, {""id"": 308057, ""value"": ""(28.06.24"", ""start"": 85, ""end"": 94}, {""id"": 308058, ""value"": ""05st Jul 2024"", ""start"": 150, ""end"": 163}, {""id"": 308059, ""value"": ""31 Aug 2024"", ""start"": 209, ""end"": 220}, {""id"": 308060, ""value"": ""11 Oct 2024"", ""start"": 290, ""end"": 301}, {""id"": 308061, ""value"": ""13/10/24"", ""start"": 418, ""end"": 426}, {""id"": 308062, ""value"": ""(04/11/2024"", ""start"": 483, ""end"": 494}, {""id"": 308063, ""value"": ""28 Nov'24"", ""start"": 532, ""end"": 541}]","[{""id"": 311021, ""value"": ""two weeks ago"", ""start"": 627, ""end"": 640}]","[{""date"": ""05st Jul 2024"", ""entity"": ""multiple_sclerosis"", ""date_id"": 308058, ""entity_id"": 300107}, {""date"": ""11 Oct 2024"", ""entity"": ""prolactinoma"", ""date_id"": 308060, ""entity_id"": 300108}, {""date"": ""11 Oct 2024"", ""entity"": ""bronchitis"", ""date_id"": 308060, ""entity_id"": 300106}, {""date"": ""(04/11/2024"", ""entity"": ""ibuprofen"", ""date_id"": 308062, ""entity_id"": 300109}, {""date"": ""28 Nov'24"", ""entity"": ""ibuprofen"", ""date_id"": 308063, ""entity_id"": 300110}, {""date"": ""two weeks ago"", ""entity"": ""anemia"", ""date_id"": 311021, ""entity_id"": 300105}]"
11,"URGENT REVIEW (25rd May 2024): weight loss.consistent with rheumatoid_arthritis

CLINIC VISIT (29st Jun 2024): shortness of breath remission rule out IBS increase dose

F/U (2024-08-02): relapse.consistent with cluster_headache observe and reassess Patient was diagnosed with cluster_headache yesterday.","[{""id"": 300114, ""value"": ""rheumatoid_arthritis"", ""cui"": ""placeholder_diagnosis_rheumatoid_arthritis"", ""start"": 59, ""end"": 79}, {""id"": 300113, ""value"": ""ibs"", ""cui"": ""placeholder_diagnosis_ibs"", ""start"": 150, ""end"": 153}, {""id"": 300111, ""value"": ""cluster_headache"", ""cui"": ""placeholder_diagnosis_cluster_headache"", ""start"": 211, ""end"": 227}, {""id"": 300115, ""value"": ""headache"", ""cui"": ""placeholder_sym_headache"", ""start"": 219, ""end"": 227}]","[{""id"": 308064, ""value"": ""25rd May 2024"", ""start"": 15, ""end"": 28}, {""id"": 308065, ""value"": ""29st Jun 2024"", ""start"": 95, ""end"": 108}, {""id"": 308066, ""value"": ""2024-08-02"", ""start"": 174, ""end"": 184}]","[{""id"": 311023, ""value"": ""yesterday"", ""start"": 293, ""end"": 302}]","[{""date"": ""25rd May 2024"", ""entity"": ""rheumatoid_arthritis"", ""date_id"": 308064, ""entity_id"": 300114}, {""date"": ""2024-08-02"", ""entity"": ""cluster_headache"", ""date_id"": 308066, ""entity_id"": 300111}, {""date"": ""yesterday"", ""entity"": ""cluster_headache"", ""date_id"": 311023, ""entity_id"": 300111}]"
12,"Labs (25 Jun'24): anemia.confirmed Crohn's_disease

F/U (03 Jul'24): fluctuating.suspect gout admit to hospital

Phone note((15st Jul 2024)): relapse.admit to hospital

Psychiatry CONSULT (02nd Aug 2024): resolving asthma taper medication

F/U (20/09/2024): fluctuating.confirmed hyperlipidemia schedule PET scan

Phone note((07.10.24)): fluctuating.continue current medications Patient was diagnosed with hyperlipidemia last year.","[{""id"": 300118, ""value"": ""gout"", ""cui"": ""placeholder_diagnosis_gout"", ""start"": 89, ""end"": 93}, {""id"": 300117, ""value"": ""asthma"", ""cui"": ""placeholder_diagnosis_asthma"", ""start"": 215, ""end"": 221}, {""id"": 300119, ""value"": ""hyperlipidemia"", ""cui"": ""placeholder_diagnosis_hyperlipidemia"", ""start"": 280, ""end"": 294}, {""id"": 300120, ""value"": ""hyperlipidemia"", ""cui"": ""placeholder_diagnosis_hyperlipidemia"", ""start"": 406, ""end"": 420}]","[{""id"": 308067, ""value"": ""25 Jun'24"", ""start"": 6, ""end"": 15}, {""id"": 308068, ""value"": ""03 Jul'24"", ""start"": 57, ""end"": 66}, {""id"": 308069, ""value"": ""(15st Jul 2024"", ""start"": 124, ""end"": 138}, {""id"": 308070, ""value"": ""02nd Aug 2024"", ""start"": 189, ""end"": 202}, {""id"": 308071, ""value"": ""20/09/2024"", ""start"": 245, ""end"": 255}, {""id"": 308072, ""value"": ""(07.10.24"", ""start"": 325, ""end"": 334}]","[{""id"": 311025, ""value"": ""last year"", ""start"": 421, ""end"": 430}]","[{""date"": ""03 Jul'24"", ""entity"": ""gout"", ""date_id"": 308068, ""entity_id"": 300118}, {""date"": ""02nd Aug 2024"", ""entity"": ""asthma"", ""date_id"": 308070, ""entity_id"": 300117}, {""date"": ""20/09/2024"", ""entity"": ""hyperlipidemia"", ""date_id"": 308071, ""entity_id"": 300119}, {""date"": ""last year"", ""entity"": ""hyperlipidemia"", ""date_id"": 311025, ""entity_id"": 300120}]"
13,"Phone note((30rd Dec 2024)): progressive. cont current medications

Phone note((17st Jan 2025)): relapse. switch to metformin

Ultrasound (19rd Jan 2025): shows 0.5cm mass in thyroid. imp: adrenal_insufficiency

URGENT REVIEW (26st Feb 2025): weight gain. new diagnosis of fibromyalgia

Visit((06 Apr 2025)): pt presents with fever. unclear etiology, could be anxiety vs COPD

CLINIC VISIT (2025-04-12): back pain resolved likely hypothyroidism observe and reassess

X-ray (08 May'25): reveals migraine. imp: migraine Patient was diagnosed with migraine two weeks ago.","[{""id"": 300131, ""value"": ""metformin"", ""cui"": ""placeholder_med_metformin"", ""start"": 116, ""end"": 125}, {""id"": 300121, ""value"": ""Ultrasound"", ""cui"": ""placeholder_procedure_ultrasound"", ""start"": 127, ""end"": 137}, {""id"": 300123, ""value"": ""adrenal_insufficiency"", ""cui"": ""placeholder_diagnosis_adrenal_insufficiency"", ""start"": 189, ""end"": 210}, {""id"": 300126, ""value"": ""fibromyalgia"", ""cui"": ""placeholder_diagnosis_fibromyalgia"", ""start"": 273, ""end"": 285}, {""id"": 300132, ""value"": ""fever"", ""cui"": ""placeholder_sym_fever"", ""start"": 326, ""end"": 331}, {""id"": 300124, ""value"": ""anxiety"", ""cui"": ""placeholder_diagnosis_anxiety"", ""start"": 360, ""end"": 367}, {""id"": 300125, ""value"": ""copd"", ""cui"": ""placeholder_diagnosis_copd"", ""start"": 371, ""end"": 375}, {""id"": 300133, ""value"": ""pain"", ""cui"": ""placeholder_sym_pain"", ""start"": 409, ""end"": 413}, {""id"": 300127, ""value"": ""hypothyroidism"", ""cui"": ""placeholder_diagnosis_hypothyroidism"", ""start"": 430, ""end"": 444}, {""id"": 300122, ""value"": ""X-ray"", ""cui"": ""placeholder_procedure_xray"", ""start"": 467, ""end"": 472}, {""id"": 300129, ""value"": ""migraine"", ""cui"": ""placeholder_diagnosis_migraine"", ""start"": 509, ""end"": 517}]","[{""id"": 308073, ""value"": ""(30rd Dec 2024"", ""start"": 11, ""end"": 25}, {""id"": 308074, ""value"": ""(17st Jan 2025"", ""start"": 79, ""end"": 93}, {""id"": 308075, ""value"": ""19rd Jan 2025"", ""start"": 139, ""end"": 152}, {""id"": 308076, ""value"": ""26st Feb 2025"", ""start"": 227, ""end"": 240}, {""id"": 308077, ""value"": ""(06 Apr 2025"", ""start"": 293, ""end"": 305}, {""id"": 308078, ""value"": ""2025-04-12"", ""start"": 391, ""end"": 401}, {""id"": 308079, ""value"": ""08 May'25"", ""start"": 474, ""end"": 483}]","[{""id"": 311027, ""value"": ""two weeks ago"", ""start"": 554, ""end"": 567}]","[{""date"": ""(17st Jan 2025"", ""entity"": ""metformin"", ""date_id"": 308074, ""entity_id"": 300131}, {""date"": ""19rd Jan 2025"", ""entity"": ""Ultrasound"", ""date_id"": 308075, ""entity_id"": 300121}, {""date"": ""19rd Jan 2025"", ""entity"": ""adrenal_insufficiency"", ""date_id"": 308075, ""entity_id"": 300123}, {""date"": ""26st Feb 2025"", ""entity"": ""fibromyalgia"", ""date_id"": 308076, ""entity_id"": 300126}, {""date"": ""(06 Apr 2025"", ""entity"": ""fever"", ""date_id"": 308077, ""entity_id"": 300132}, {""date"": ""(06 Apr 2025"", ""entity"": ""anxiety"", ""date_id"": 308077, ""entity_id"": 300124}, {""date"": ""(06 Apr 2025"", ""entity"": ""copd"", ""date_id"": 308077, ""entity_id"": 300125}, {""date"": ""2025-04-12"", ""entity"": ""pain"", ""date_id"": 308078, ""entity_id"": 300133}, {""date"": ""2025-04-12"", ""entity"": ""hypothyroidism"", ""date_id"": 308078, ""entity_id"": 300127}, {""date"": ""08 May'25"", ""entity"": ""X-ray"", ""date_id"": 308079, ""entity_id"": 300122}, {""date"": ""08 May'25"", ""entity"": ""migraine"", ""date_id"": 308079, ""entity_id"": 300129}, {""date"": ""two weeks ago"", ""entity"": ""migraine"", ""date_id"": 311027, ""entity_id"": 300129}]"
14,"Rheumatology CONSULT (08.01.25): rule out adrenal_insufficiency taper medication

CLINIC VISIT (29st Jan 2025): frequent urination unchanged new dx of pituitary_adenoma f/u in 3 months

Neurology CONSULT (08/03/25): resolving pituitary_adenoma refer to Rheumatology

URGENT REVIEW (2025-04-11): nausea/vomiting.new dx of IBS

Labs (16 Apr'25): high cortisol.rule out gout Patient was diagnosed with gout yesterday.","[{""id"": 300134, ""value"": ""adrenal_insufficiency"", ""cui"": ""placeholder_diagnosis_adrenal_insufficiency"", ""start"": 42, ""end"": 63}, {""id"": 300138, ""value"": ""pituitary_adenoma"", ""cui"": ""placeholder_diagnosis_pituitary_adenoma"", ""start"": 151, ""end"": 168}, {""id"": 300139, ""value"": ""pituitary_adenoma"", ""cui"": ""placeholder_diagnosis_pituitary_adenoma"", ""start"": 226, ""end"": 243}, {""id"": 300140, ""value"": ""nausea/vomiting"", ""cui"": ""placeholder_sym_nausea_vomiting"", ""start"": 295, ""end"": 310}, {""id"": 300141, ""value"": ""nausea"", ""cui"": ""placeholder_sym_nausea"", ""start"": 295, ""end"": 301}, {""id"": 300142, ""value"": ""vomiting"", ""cui"": ""placeholder_sym_vomiting"", ""start"": 302, ""end"": 310}, {""id"": 300137, ""value"": ""ibs"", ""cui"": ""placeholder_diagnosis_ibs"", ""start"": 321, ""end"": 324}, {""id"": 300136, ""value"": ""gout"", ""cui"": ""placeholder_diagnosis_gout"", ""start"": 399, ""end"": 403}]","[{""id"": 308080, ""value"": ""08.01.25"", ""start"": 22, ""end"": 30}, {""id"": 308081, ""value"": ""29st Jan 2025"", ""start"": 96, ""end"": 109}, {""id"": 308082, ""value"": ""08/03/25"", ""start"": 205, ""end"": 213}, {""id"": 308083, ""value"": ""2025-04-11"", ""start"": 282, ""end"": 292}, {""id"": 308084, ""value"": ""16 Apr'25"", ""start"": 332, ""end"": 341}]","[{""id"": 311029, ""value"": ""yesterday"", ""start"": 404, ""end"": 413}]","[{""date"": ""29st Jan 2025"", ""entity"": ""pituitary_adenoma"", ""date_id"": 308081, ""entity_id"": 300138}, {""date"": ""08/03/25"", ""entity"": ""pituitary_adenoma"", ""date_id"": 308082, ""entity_id"": 300139}, {""date"": ""2025-04-11"", ""entity"": ""nausea/vomiting"", ""date_id"": 308083, ""entity_id"": 300140}, {""date"": ""2025-04-11"", ""entity"": ""nausea"", ""date_id"": 308083, ""entity_id"": 300141}, {""date"": ""2025-04-11"", ""entity"": ""vomiting"", ""date_id"": 308083, ""entity_id"": 300142}, {""date"": ""2025-04-11"", ""entity"": ""ibs"", ""date_id"": 308083, ""entity_id"": 300137}, {""date"": ""yesterday"", ""entity"": ""gout"", ""date_id"": 311029, ""entity_id"": 300136}]"
15,"Labs (07 May 2024): normal CBC. rule out pituitary_adenoma

X-ray (09 May'24): consistent w/ pneumonia. imp: pneumonia

Phone note((03/06/24)): resolved. taper medication

URGENT REVIEW (2024-06-25): chest pain. likely stroke

F/U (07st Jul 2024): relapse. new diagnosis of tension_headache schedule PET scan

Cardiology CONSULT (10 Jul 2024): resolving COPD admit to hospital

Rheumatology CONSULT (10/08/24): new diagnosis of anxiety observe and reassess Patient was diagnosed with anxiety last year.","[{""id"": 300147, ""value"": ""pituitary_adenoma"", ""cui"": ""placeholder_diagnosis_pituitary_adenoma"", ""start"": 41, ""end"": 58}, {""id"": 300143, ""value"": ""X-ray"", ""cui"": ""placeholder_procedure_xray"", ""start"": 60, ""end"": 65}, {""id"": 300149, ""value"": ""pneumonia"", ""cui"": ""placeholder_diagnosis_pneumonia"", ""start"": 109, ""end"": 118}, {""id"": 300153, ""value"": ""pain"", ""cui"": ""placeholder_sym_pain"", ""start"": 206, ""end"": 210}, {""id"": 300150, ""value"": ""stroke"", ""cui"": ""placeholder_diagnosis_stroke"", ""start"": 219, ""end"": 225}, {""id"": 300151, ""value"": ""tension_headache"", ""cui"": ""placeholder_diagnosis_tension_headache"", ""start"": 274, ""end"": 290}, {""id"": 300152, ""value"": ""headache"", ""cui"": ""placeholder_sym_headache"", ""start"": 282, ""end"": 290}, {""id"": 300146, ""value"": ""copd"", ""cui"": ""placeholder_diagnosis_copd"", ""start"": 354, ""end"": 358}, {""id"": 300144, ""value"": ""anxiety"", ""cui"": ""placeholder_diagnosis_anxiety"", ""start"": 428, ""end"": 435}]","[{""id"": 308085, ""value"": ""07 May 2024"", ""start"": 6, ""end"": 17}, {""id"": 308086, ""value"": ""09 May'24"", ""start"": 67, ""end"": 76}, {""id"": 308087, ""value"": ""(03/06/24"", ""start"": 131, ""end"": 140}, {""id"": 308088, ""value"": ""2024-06-25"", ""start"": 187, ""end"": 197}, {""id"": 308089, ""value"": ""07st Jul 2024"", ""start"": 232, ""end"": 245}, {""id"": 308090, ""value"": ""10 Jul 2024"", ""start"": 330, ""end"": 341}, {""id"": 308091, ""value"": ""10/08/24"", ""start"": 400, ""end"": 408}]","[{""id"": 311031, ""value"": ""last year"", ""start"": 492, ""end"": 501}]","[{""date"": ""09 May'24"", ""entity"": ""X-ray"", ""date_id"": 308086, ""entity_id"": 300143}, {""date"": ""09 May'24"", ""entity"": ""pneumonia"", ""date_id"": 308086, ""entity_id"": 300149}, {""date"": ""2024-06-25"", ""entity"": ""pain"", ""date_id"": 308088, ""entity_id"": 300153}, {""date"": ""2024-06-25"", ""entity"": ""stroke"", ""date_id"": 308088, ""entity_id"": 300150}, {""date"": ""07st Jul 2024"", ""entity"": ""tension_headache"", ""date_id"": 308089, ""entity_id"": 300151}, {""date"": ""07st Jul 2024"", ""entity"": ""headache"", ""date_id"": 308089, ""entity_id"": 300152}, {""date"": ""10 Jul 2024"", ""entity"": ""copd"", ""date_id"": 308090, ""entity_id"": 300146}, {""date"": ""10/08/24"", ""entity"": ""anxiety"", ""date_id"": 308091, ""entity_id"": 300144}, {""date"": ""last year"", ""entity"": ""anxiety"", ""date_id"": 311031, ""entity_id"": 300144}]"
16,"PET scan (11/01/25): reveals hyperlipidemia. imp: hyperlipidemia

Phone note((20/02/25)): improved. taper medication

URGENT REVIEW (17 Apr'25): dizziness. new dx of myeloma Patient was diagnosed with myeloma two weeks ago.","[{""id"": 300155, ""value"": ""hyperlipidemia"", ""cui"": ""placeholder_diagnosis_hyperlipidemia"", ""start"": 50, ""end"": 64}, {""id"": 300158, ""value"": ""dizziness"", ""cui"": ""placeholder_sym_dizziness"", ""start"": 145, ""end"": 154}, {""id"": 300156, ""value"": ""myeloma"", ""cui"": ""placeholder_diagnosis_myeloma"", ""start"": 166, ""end"": 173}]","[{""id"": 308092, ""value"": ""11/01/25"", ""start"": 10, ""end"": 18}, {""id"": 308093, ""value"": ""(20/02/25"", ""start"": 77, ""end"": 86}, {""id"": 308094, ""value"": ""17 Apr'25"", ""start"": 133, ""end"": 142}]","[{""id"": 311033, ""value"": ""two weeks ago"", ""start"": 209, ""end"": 222}]","[{""date"": ""11/01/25"", ""entity"": ""hyperlipidemia"", ""date_id"": 308092, ""entity_id"": 300155}, {""date"": ""17 Apr'25"", ""entity"": ""dizziness"", ""date_id"": 308094, ""entity_id"": 300158}, {""date"": ""17 Apr'25"", ""entity"": ""myeloma"", ""date_id"": 308094, ""entity_id"": 300156}, {""date"": ""two weeks ago"", ""entity"": ""myeloma"", ""date_id"": 311033, ""entity_id"": 300156}]"
17,"Evaluation((19 Sep 2024)): pt presents w/ headache x3 months. rule out pituitary_adenoma

X-ray (18th Nov 2024): no significant findings. imp: COPD

New pt((21 Nov 2024)): pt presents w/ back pain. rule out gout

Phone note((26nd Nov 2024)): remission. schedule PET scan

Evaluation((17/12/24)): pt pre sents w/ shortness of breath. resolving prolactinoma

Rheumatology CONSULT (20th Dec 2024): consistent w/ pneumonia f/u in 6 months

CLINIC VISIT (03rd Feb 20;25): fever slightly improved rule out epilepsy observe and reassess Patient was diagnosed with epilepsy yesterday.","[{""id"": 300167, ""value"": ""headache"", ""cui"": ""placeholder_sym_headache"", ""start"": 42, ""end"": 50}, {""id"": 300164, ""value"": ""pituitary_adenoma"", ""cui"": ""placeholder_diagnosis_pituitary_adenoma"", ""start"": 71, ""end"": 88}, {""id"": 300159, ""value"": ""X-ray"", ""cui"": ""placeholder_procedure_xray"", ""start"": 90, ""end"": 95}, {""id"": 300160, ""value"": ""copd"", ""cui"": ""placeholder_diagnosis_copd"", ""start"": 143, ""end"": 147}, {""id"": 300169, ""value"": ""pain"", ""cui"": ""placeholder_sym_pain"", ""start"": 192, ""end"": 196}, {""id"": 300163, ""value"": ""gout"", ""cui"": ""placeholder_diagnosis_gout"", ""start"": 207, ""end"": 211}, {""id"": 300166, ""value"": ""prolactinoma"", ""cui"": ""placeholder_diagnosis_prolactinoma"", ""start"": 343, ""end"": 355}, {""id"": 300165, ""value"": ""pneumonia"", ""cui"": ""placeholder_diagnosis_pneumonia"", ""start"": 409, ""end"": 418}, {""id"": 300168, ""value"": ""fever"", ""cui"": ""placeholder_sym_fever"", ""start"": 467, ""end"": 472}, {""id"": 300162, ""value"": ""epilepsy"", ""cui"": ""placeholder_diagnosis_epilepsy"", ""start"": 557, ""end"": 565}]","[{""id"": 308095, ""value"": ""(19 Sep 2024"", ""start"": 11, ""end"": 23}, {""id"": 308096, ""value"": ""18th Nov 2024"", ""start"": 97, ""end"": 110}, {""id"": 308097, ""value"": ""(21 Nov 2024"", ""start"": 156, ""end"": 168}, {""id"": 308098, ""value"": ""(26nd Nov 2024"", ""start"": 224, ""end"": 238}, {""id"": 308099, ""value"": ""(17/12/24"", ""start"": 283, ""end"": 292}, {""id"": 308100, ""value"": ""20th Dec 2024"", ""start"": 379, ""end"": 392}, {""id"": 308101, ""value"": ""03rd Feb 20;25"", ""start"": 450, ""end"": 464}]","[{""id"": 311035, ""value"": ""yesterday"", ""start"": 566, ""end"": 575}]","[{""date"": ""(19 Sep 2024)"", ""entity"": ""headache"", ""date_id"": 308095, ""entity_id"": 300167}, {""date"": ""18th Nov 2024"", ""entity"": ""X-ray"", ""date_id"": 308096, ""entity_id"": 300159}, {""date"": ""18th Nov 2024"", ""entity"": ""copd"", ""date_id"": 308096, ""entity_id"": 300160}, {""date"": ""(21 Nov 2024)"", ""entity"": ""pain"", ""date_id"": 308097, ""entity_id"": 300169}, {""date"": ""(17/12/24)"", ""entity"": ""prolactinoma"", ""date_id"": 308099, ""entity_id"": 300166}, {""date"": ""20th Dec 2024"", ""entity"": ""pneumonia"", ""date_id"": 308100, ""entity_id"": 300165}, {""date"": ""03rd Feb 20;25"", ""entity"": ""fever"", ""date_id"": 308101, ""entity_id"": 300168}, {""date"": ""yesterday"", ""entity"": ""epilepsy"", ""date_id"": 311035, ""entity_id"": 300162}]"
18,"Internal Medicine CONSULT (30-10-2024): new dx of prolactinoma refer to Oncology

Initial assessment((16th Nov 2 024)): pt presents w/ chest pain. rule out depression

URGENT REVIEW (09st Jan 2025): mood changes. confirmed bipolar_disorder

URGENT REVIEW (17th Jan 2025): headache x3 months. consistent w/ hypothyroidism

F/U (04 Feb 2025): remission. unclear etiology, could be Parkinson's_disea,se vs adrenal_insufficiency switch to atorvastatin

CLINIC VISIT (24/02/25): headache x1 week remission suspect gout observe and reassess Patient was diagnosed with gout last year.","[{""id"": 300176, ""value"": ""prolactinoma"", ""cui"": ""placeholder_diagnosis_prolactinoma"", ""start"": 50, ""end"": 62}, {""id"": 300180, ""value"": ""pain"", ""cui"": ""placeholder_sym_pain"", ""start"": 141, ""end"": 145}, {""id"": 300172, ""value"": ""depression"", ""cui"": ""placeholder_diagnosis_depression"", ""start"": 156, ""end"": 166}, {""id"": 300171, ""value"": ""bipolar_disorder"", ""cui"": ""placeholder_diagnosis_bipolar_disorder"", ""start"": 223, ""end"": 239}, {""id"": 300178, ""value"": ""headache"", ""cui"": ""placeholder_sym_headache"", ""start"": 272, ""end"": 280}, {""id"": 300175, ""value"": ""hypothyroidism"", ""cui"": ""placeholder_diagnosis_hypothyroidism"", ""start"": 306, ""end"": 320}, {""id"": 300170, ""value"": ""adrenal_insufficiency"", ""cui"": ""placeholder_diagnosis_adrenal_insufficiency"", ""start"": 403, ""end"": 424}, {""id"": 300177, ""value"": ""statin"", ""cui"": ""placeholder_med_statin"", ""start"": 441, ""end"": 447}, {""id"": 300179, ""value"": ""headache"", ""cui"": ""placeholder_sym_headache"", ""start"": 474, ""end"": 482}, {""id"": 300173, ""value"": ""gout"", ""cui"": ""placeholder_diagnosis_gout"", ""start"": 509, ""end"": 513}]","[{""id"": 308102, ""value"": ""30-10-2024"", ""start"": 27, ""end"": 37}, {""id"": 308103, ""value"": ""(16th Nov 2 024"", ""start"": 101, ""end"": 116}, {""id"": 308104, ""value"": ""09st Jan 2025"", ""start"": 183, ""end"": 196}, {""id"": 308105, ""value"": ""17th Jan 2025"", ""start"": 256, ""end"": 269}, {""id"": 308106, ""value"": ""04 Feb 2025"", ""start"": 327, ""end"": 338}, {""id"": 308107, ""value"": ""24/02/25"", ""start"": 463, ""end"": 471}]","[{""id"": 311037, ""value"": ""last year"", ""start"": 567, ""end"": 576}]","[{""date"": ""30-10-2024"", ""entity"": ""prolactinoma"", ""date_id"": 308102, ""entity_id"": 300176}, {""date"": ""(16th Nov 2 024"", ""entity"": ""pain"", ""date_id"": 308103, ""entity_id"": 300180}, {""date"": ""09st Jan 2025"", ""entity"": ""bipolar_disorder"", ""date_id"": 308104, ""entity_id"": 300171}, {""date"": ""17th Jan 2025"", ""entity"": ""headache"", ""date_id"": 308105, ""entity_id"": 300178}, {""date"": ""17th Jan 2025"", ""entity"": ""hypothyroidism"", ""date_id"": 308105, ""entity_id"": 300175}, {""date"": ""04 Feb 2025"", ""entity"": ""adrenal_insufficiency"", ""date_id"": 308106, ""entity_id"": 300170}, {""date"": ""04 Feb 2025"", ""entity"": ""statin"", ""date_id"": 308106, ""entity_id"": 300177}, {""date"": ""24/02/25"", ""entity"": ""headache"", ""date_id"": 308107, ""entity_id"": 300179}, {""date"": ""24/02/25"", ""entity"": ""gout"", ""date_id"": 308107, ""entity_id"": 300173}, {""date"": ""last year"", ""entity"": ""gout"", ""date_id"": 311037, ""entity_id"": 300173}]"
19,"New patient((28 Jan 2025)): pt presents w/ excessive thirst. resolving microadenoma

Evaluation((22nd Feb 2025)): pt presents w/ nausea/vomiting. new dx of Cushing's_syndrome

Phone note((21st Mar 2025)): resolved. increase dose

Labs (29rd Mar 2025): positive ANA. rule out cluster_headache

Phone note((30 Apr'25)): progressive. taper medication Patient was diagnosed with cluster_headache two weeks ago.","[{""id"": 300183, ""value"": ""microadenoma"", ""cui"": ""placeholder_diagnosis_microadenoma"", ""start"": 71, ""end"": 83}, {""id"": 300184, ""value"": ""nausea/vomiting"", ""cui"": ""placeholder_sym_nausea_vomiting"", ""start"": 129, ""end"": 144}, {""id"": 300185, ""value"": ""nausea"", ""cui"": ""placeholder_sym_nausea"", ""start"": 129, ""end"": 135}, {""id"": 300186, ""value"": ""vomiting"", ""cui"": ""placeholder_sym_vomiting"", ""start"": 136, ""end"": 144}, {""id"": 300181, ""value"": ""cluster_headache"", ""cui"": ""placeholder_diagnosis_cluster_headache"", ""start"": 275, ""end"": 291}, {""id"": 300187, ""value"": ""headache"", ""cui"": ""placeholder_sym_headache"", ""start"": 283, ""end"": 291}, {""id"": 300182, ""value"": ""cluster_headache"", ""cui"": ""placeholder_diagnosis_cluster_headache"", ""start"": 375, ""end"": 391}, {""id"": 300188, ""value"": ""headache"", ""cui"": ""placeholder_sym_headache"", ""start"": 383, ""end"": 391}]","[{""id"": 308108, ""value"": ""(28 Jan 2025"", ""start"": 12, ""end"": 24}, {""id"": 308109, ""value"": ""(22nd Feb 2025"", ""start"": 96, ""end"": 110}, {""id"": 308110, ""value"": ""(21st Mar 2025"", ""start"": 187, ""end"": 201}, {""id"": 308111, ""value"": ""29rd Mar 2025"", ""start"": 236, ""end"": 249}, {""id"": 308112, ""value"": ""(30 Apr'25"", ""start"": 304, ""end"": 314}]","[{""id"": 311039, ""value"": ""two weeks ago"", ""start"": 392, ""end"": 405}]","[{""date"": ""(28 Jan 2025"", ""entity"": ""microadenoma"", ""date_id"": 308108, ""entity_id"": 300183}, {""date"": ""(22nd Feb 2025"", ""entity"": ""nausea/vomiting"", ""date_id"": 308109, ""entity_id"": 300184}, {""date"": ""(22nd Feb 2025"", ""entity"": ""nausea"", ""date_id"": 308109, ""entity_id"": 300185}, {""date"": ""(22nd Feb 2025"", ""entity"": ""vomiting"", ""date_id"": 308109, ""entity_id"": 300186}, {""date"": ""two weeks ago"", ""entity"": ""cluster_headache"", ""date_id"": 311039, ""entity_id"": 300182}]"
20,"CLINIC VISIT (27th Jan 2025): weight los s remission rule out hyperlipidemia cont current medications

X-r;ay (22 Feb 2025): consistent with gout.imp: gout

Phone note((26/02/2 025)): fluctuating.refer to Rheumatology

URGENT REVIEW (12 Ap.r 2025): joint pain.resolving hypothyroidi sm Patient was diagnosed with hypothyroidism yesterday.","[{""id"": 300191, ""value"": ""hyperlipidemia"", ""cui"": ""placeholder_diagnosis_hyperlipidemia"", ""start"": 62, ""end"": 76}, {""id"": 300190, ""value"": ""gout"", ""cui"": ""placeholder_diagnosis_gout"", ""start"": 151, ""end"": 155}, {""id"": 300193, ""value"": ""joint pain"", ""cui"": ""placeholder_sym_joint_pain"", ""start"": 249, ""end"": 259}, {""id"": 300194, ""value"": ""pain"", ""cui"": ""placeholder_sym_pain"", ""start"": 255, ""end"": 259}, {""id"": 300192, ""value"": ""hypothyroidism"", ""cui"": ""placeholder_diagnosis_hypothyroidism"", ""start"": 313, ""end"": 327}]","[{""id"": 308113, ""value"": ""27th Jan 2025"", ""start"": 14, ""end"": 27}, {""id"": 308114, ""value"": ""22 Feb 2025"", ""start"": 111, ""end"": 122}, {""id"": 308115, ""value"": ""(26/02/2 025"", ""start"": 168, ""end"": 180}, {""id"": 308116, ""value"": ""12 Ap.r 2025"", ""start"": 234, ""end"": 246}]","[{""id"": 311041, ""value"": ""yesterday"", ""start"": 328, ""end"": 337}]","[{""date"": ""22 Feb 2025"", ""entity"": ""gout"", ""date_id"": 308114, ""entity_id"": 300190}, {""date"": ""12 Ap.r 2025"", ""entity"": ""joint pain"", ""date_id"": 308116, ""entity_id"": 300193}, {""date"": ""12 Ap.r 2025"", ""entity"": ""pain"", ""date_id"": 308116, ""entity_id"": 300194}, {""date"": ""12 Ap.r 2025"", ""entity"": ""hypothyroidism"", ""date_id"": 308116, ""entity_id"": 300192}, {""date"": ""yesterday"", ""entity"": ""hypothyroidism"", ""date_id"": 311041, ""entity_id"": 300192}]"
21,"Labs (03rd Mar 2025): elevated CRP.consistent w/ rheumatoid_arthritis

CLINIC VISIT (07nd Apr 2025): cough improved confirmed migraine taper medication

Labs (12/04/2025): normal CBC.consistent w/ Crohn's_disease

CT (05rd May 2025): consistent w/ GERD.imp: GERD

Initial assessment((2025-06-20)): pt presents w/ joint pain.rule out anxiety

CLINIC VISIT (29-07-2025): cough relapse rule out bronchitis f/u in 1 week Patient was diagnosed with bronchitis last year.","[{""id"": 300202, ""value"": ""rheumatoid_arthritis"", ""cui"": ""placeholder_diagnosis_rheumatoid_arthritis"", ""start"": 49, ""end"": 69}, {""id"": 300203, ""value"": ""cough"", ""cui"": ""placeholder_sym_cough"", ""start"": 101, ""end"": 106}, {""id"": 300201, ""value"": ""migraine"", ""cui"": ""placeholder_diagnosis_migraine"", ""start"": 126, ""end"": 134}, {""id"": 300195, ""value"": ""CT"", ""cui"": ""placeholder_procedure_ct"", ""start"": 214, ""end"": 216}, {""id"": 300200, ""value"": ""gerd"", ""cui"": ""placeholder_diagnosis_gerd"", ""start"": 258, ""end"": 262}, {""id"": 300205, ""value"": ""joint pain"", ""cui"": ""placeholder_sym_joint_pain"", ""start"": 313, ""end"": 323}, {""id"": 300206, ""value"": ""pain"", ""cui"": ""placeholder_sym_pain"", ""start"": 319, ""end"": 323}, {""id"": 300196, ""value"": ""anxiety"", ""cui"": ""placeholder_diagnosis_anxiety"", ""start"": 333, ""end"": 340}, {""id"": 300204, ""value"": ""cough"", ""cui"": ""placeholder_sym_cough"", ""start"": 369, ""end"": 374}, {""id"": 300198, ""value"": ""bronchitis"", ""cui"": ""placeholder_diagnosis_bronchitis"", ""start"": 444, ""end"": 454}]","[{""id"": 308117, ""value"": ""03rd Mar 2025"", ""start"": 6, ""end"": 19}, {""id"": 308118, ""value"": ""07nd Apr 2025"", ""start"": 85, ""end"": 98}, {""id"": 308119, ""value"": ""12/04/2025"", ""start"": 159, ""end"": 169}, {""id"": 308120, ""value"": ""05rd May 2025"", ""start"": 218, ""end"": 231}, {""id"": 308121, ""value"": ""(2025-06-20"", ""start"": 283, ""end"": 294}, {""id"": 308122, ""value"": ""29-07-2025"", ""start"": 356, ""end"": 366}]","[{""id"": 311043, ""value"": ""last year"", ""start"": 455, ""end"": 464}]","[{""date"": ""03rd Mar 2025"", ""entity"": ""rheumatoid_arthritis"", ""date_id"": 308117, ""entity_id"": 300202}, {""date"": ""07nd Apr 2025"", ""entity"": ""cough"", ""date_id"": 308118, ""entity_id"": 300203}, {""date"": ""07nd Apr 2025"", ""entity"": ""migraine"", ""date_id"": 308118, ""entity_id"": 300201}, {""date"": ""05rd May 2025"", ""entity"": ""CT"", ""date_id"": 308120, ""entity_id"": 300195}, {""date"": ""05rd May 2025"", ""entity"": ""gerd"", ""date_id"": 308120, ""entity_id"": 300200}, {""date"": ""(2025-06-20"", ""entity"": ""joint pain"", ""date_id"": 308121, ""entity_id"": 300205}, {""date"": ""(2025-06-20"", ""entity"": ""pain"", ""date_id"": 308121, ""entity_id"": 300206}, {""date"": ""29-07-2025"", ""entity"": ""cough"", ""date_id"": 308122, ""entity_id"": 300204}, {""date"": ""last year"", ""entity"": ""bronchitis"", ""date_id"": 311043, ""entity_id"": 300198}]"
22,"CLINIC VISIT (20/11/2024): cough fluctuating unclear etiology, could be tension_headache vs bronchitis increase dose

PET scan (2024-12-20): shows 1.2cm mass in thyroid. imp: fibromyalg.ia

URGENT REVIEW (08st ,Feb 2025): abdominal pain. consistent w/ pituitary_adenom.a Patient was diagnosed with pituitary_adenoma two weeks ago.","[{""id"": 300211, ""value"": ""cough"", ""cui"": ""placeholder_sym_cough"", ""start"": 27, ""end"": 32}, {""id"": 300209, ""value"": ""tension_headache"", ""cui"": ""placeholder_diagnosis_tension_headache"", ""start"": 72, ""end"": 88}, {""id"": 300210, ""value"": ""headache"", ""cui"": ""placeholder_sym_headache"", ""start"": 80, ""end"": 88}, {""id"": 300207, ""value"": ""bronchitis"", ""cui"": ""placeholder_diagnosis_bronchitis"", ""start"": 92, ""end"": 102}, {""id"": 300212, ""value"": ""pain"", ""cui"": ""placeholder_sym_pain"", ""start"": 232, ""end"": 236}, {""id"": 300208, ""value"": ""pituitary_adenoma"", ""cui"": ""placeholder_diagnosis_pituitary_adenoma"", ""start"": 298, ""end"": 315}]","[{""id"": 308123, ""value"": ""20/11/2024"", ""start"": 14, ""end"": 24}, {""id"": 308124, ""value"": ""2024-12-20"", ""start"": 128, ""end"": 138}, {""id"": 308125, ""value"": ""08st ,Feb 2025"", ""start"": 205, ""end"": 219}]","[{""id"": 311045, ""value"": ""two weeks ago"", ""start"": 316, ""end"": 329}]","[{""date"": ""20/11/2024"", ""entity"": ""cough"", ""date_id"": 308123, ""entity_id"": 300211}, {""date"": ""20/11/2024"", ""entity"": ""tension_headache"", ""date_id"": 308123, ""entity_id"": 300209}, {""date"": ""20/11/2024"", ""entity"": ""headache"", ""date_id"": 308123, ""entity_id"": 300210}, {""date"": ""20/11/2024"", ""entity"": ""bronchitis"", ""date_id"": 308123, ""entity_id"": 300207}, {""date"": ""08st ,Feb 2025"", ""entity"": ""pain"", ""date_id"": 308125, ""entity_id"": 300212}, {""date"": ""08st ,Feb 2025"", ""entity"": ""pituitary_adenoma"", ""date_id"": 308125, ""entity_id"": 300208}, {""date"": ""two weeks ago"", ""entity"": ""pituitary_adenoma"", ""date_id"": 311045, ""entity_id"": 300208}]"
23,"CLINIC VISIT (25-10-2024): shortness of breath fluctuating unclear etiology,could be anemia vs prolactinoma f/u in 1 week

Labs (16/12/24): positive ANA. resolving bronchitis

Ultrasound (29 Jan'25): evidence of fluid collection. imp: tension_headache

CLINIC VISIT (25-02-2025): chest pain resolved suspect gout refer to Psy,chiatry

X-ray (14/04/2025): evidence of mass effect. imp: myeloma

Neurology CONSULT (11st May 2025): resolving Cushing's_syndrome observe and reassess

Labs (07 Jun'25): elevated CRP. confirmed GERD

Psychiatry CONSULT (09st Jul 2025): rule out myeloma refer to Rheumatology Patient was diagnosed with myeloma yesterday.","[{""id"": 300215, ""value"": ""anemia"", ""cui"": ""placeholder_diagnosis_anemia"", ""start"": 85, ""end"": 91}, {""id"": 300222, ""value"": ""prolactinoma"", ""cui"": ""placeholder_diagnosis_prolactinoma"", ""start"": 95, ""end"": 107}, {""id"": 300216, ""value"": ""bronchitis"", ""cui"": ""placeholder_diagnosis_bronchitis"", ""start"": 164, ""end"": 174}, {""id"": 300213, ""value"": ""Ultrasound"", ""cui"": ""placeholder_procedure_ultrasound"", ""start"": 176, ""end"": 186}, {""id"": 300223, ""value"": ""tension_headache"", ""cui"": ""placeholder_diagnosis_tension_headache"", ""start"": 235, ""end"": 251}, {""id"": 300224, ""value"": ""headache"", ""cui"": ""placeholder_sym_headache"", ""start"": 243, ""end"": 251}, {""id"": 300225, ""value"": ""pain"", ""cui"": ""placeholder_sym_pain"", ""start"": 286, ""end"": 290}, {""id"": 300218, ""value"": ""gout"", ""cui"": ""placeholder_diagnosis_gout"", ""start"": 308, ""end"": 312}, {""id"": 300214, ""value"": ""X-ray"", ""cui"": ""placeholder_procedure_xray"", ""start"": 335, ""end"": 340}, {""id"": 300219, ""value"": ""myeloma"", ""cui"": ""placeholder_diagnosis_myeloma"", ""start"": 385, ""end"": 392}, {""id"": 300217, ""value"": ""gerd"", ""cui"": ""placeholder_diagnosis_gerd"", ""start"": 522, ""end"": 526}, {""id"": 300221, ""value"": ""myeloma"", ""cui"": ""placeholder_diagnosis_myeloma"", ""start"": 630, ""end"": 637}]","[{""id"": 308126, ""value"": ""25-10-2024"", ""start"": 14, ""end"": 24}, {""id"": 308127, ""value"": ""16/12/24"", ""start"": 129, ""end"": 137}, {""id"": 308128, ""value"": ""29 Jan'25"", ""start"": 188, ""end"": 197}, {""id"": 308129, ""value"": ""25-02-2025"", ""start"": 267, ""end"": 277}, {""id"": 308130, ""value"": ""14/04/2025"", ""start"": 342, ""end"": 352}, {""id"": 308131, ""value"": ""11st May 2025"", ""start"": 413, ""end"": 426}, {""id"": 308132, ""value"": ""07 Jun'25"", ""start"": 486, ""end"": 495}, {""id"": 308133, ""value"": ""09st Jul 2025"", ""start"": 548, ""end"": 561}]","[{""id"": 311047, ""value"": ""yesterday"", ""start"": 638, ""end"": 647}]","[{""date"": ""25-10-2024"", ""entity"": ""anemia"", ""date_id"": 308126, ""entity_id"": 300215}, {""date"": ""25-10-2024"", ""entity"": ""prolactinoma"", ""date_id"": 308126, ""entity_id"": 300222}, {""date"": ""16/12/24"", ""entity"": ""bronchitis"", ""date_id"": 308127, ""entity_id"": 300216}, {""date"": ""29 Jan'25"", ""entity"": ""Ultrasound"", ""date_id"": 308128, ""entity_id"": 300213}, {""date"": ""29 Jan'25"", ""entity"": ""tension_headache"", ""date_id"": 308128, ""entity_id"": 300223}, {""date"": ""29 Jan'25"", ""entity"": ""headache"", ""date_id"": 308128, ""entity_id"": 300224}, {""date"": ""25-02-2025"", ""entity"": ""pain"", ""date_id"": 308129, ""entity_id"": 300225}, {""date"": ""25-02-2025"", ""entity"": ""gout"", ""date_id"": 308129, ""entity_id"": 300218}, {""date"": ""14/04/2025"", ""entity"": ""X-ray"", ""date_id"": 308130, ""entity_id"": 300214}, {""date"": ""14/04/2025"", ""entity"": ""myeloma"", ""date_id"": 308130, ""entity_id"": 300219}, {""date"": ""07 Jun'25"", ""entity"": ""gerd"", ""date_id"": 308132, ""entity_id"": 300217}, {""date"": ""yesterday"", ""entity"": ""myeloma"", ""date_id"": 311047, ""entity_id"": 300221}]"
24,"CT (27nd Apr 2024): no significant findings.imp: Cushing's_syndrome

Cardiology CONSULT (2024-06-14): unclear etiology, could be microadenoma vs migraine f/u in 1 month

URGENT REVIEW (03 Jul'24): mood changes.unclear etiology, could be diabetes_mellitus vs migraine

CLINIC VISIT (16/07/2024): nausea/vomiting progressive consistent w/ pneumonia taper medication Patient was diagnosed with pneumonia last year.","[{""id"": 300226, ""value"": ""CT"", ""cui"": ""placeholder_procedure_ct"", ""start"": 0, ""end"": 2}, {""id"": 300228, ""value"": ""microadenoma"", ""cui"": ""placeholder_diagnosis_microadenoma"", ""start"": 129, ""end"": 141}, {""id"": 300229, ""value"": ""migraine"", ""cui"": ""placeholder_diagnosis_migraine"", ""start"": 145, ""end"": 153}, {""id"": 300227, ""value"": ""diabetes_mellitus"", ""cui"": ""placeholder_diagnosis_diabetes_mellitus"", ""start"": 237, ""end"": 254}, {""id"": 300230, ""value"": ""migraine"", ""cui"": ""placeholder_diagnosis_migraine"", ""start"": 258, ""end"": 266}, {""id"": 300233, ""value"": ""nausea/vomiting"", ""cui"": ""placeholder_sym_nausea_vomiting"", ""start"": 295, ""end"": 310}, {""id"": 300234, ""value"": ""nausea"", ""cui"": ""placeholder_sym_nausea"", ""start"": 295, ""end"": 301}, {""id"": 300235, ""value"": ""vomiting"", ""cui"": ""placeholder_sym_vomiting"", ""start"": 302, ""end"": 310}, {""id"": 300231, ""value"": ""pneumonia"", ""cui"": ""placeholder_diagnosis_pneumonia"", ""start"": 337, ""end"": 346}]","[{""id"": 308134, ""value"": ""27nd Apr 2024"", ""start"": 4, ""end"": 17}, {""id"": 308135, ""value"": ""2024-06-14"", ""start"": 89, ""end"": 99}, {""id"": 308136, ""value"": ""03 Jul'24"", ""start"": 185, ""end"": 194}, {""id"": 308137, ""value"": ""16/07/2024"", ""start"": 282, ""end"": 292}]","[{""id"": 311049, ""value"": ""last year"", ""start"": 401, ""end"": 410}]","[{""date"": ""27nd Apr 2024"", ""entity"": ""CT"", ""date_id"": 308134, ""entity_id"": 300226}, {""date"": ""2024-06-14"", ""entity"": ""microadenoma"", ""date_id"": 308135, ""entity_id"": 300228}, {""date"": ""2024-06-14"", ""entity"": ""migraine"", ""date_id"": 308135, ""entity_id"": 300229}, {""date"": ""03 Jul'24"", ""entity"": ""diabetes_mellitus"", ""date_id"": 308136, ""entity_id"": 300227}, {""date"": ""03 Jul'24"", ""entity"": ""migraine"", ""date_id"": 308136, ""entity_id"": 300230}, {""date"": ""16/07/2024"", ""entity"": ""nausea/vomiting"", ""date_id"": 308137, ""entity_id"": 300233}, {""date"": ""16/07/2024"", ""entity"": ""nausea"", ""date_id"": 308137, ""entity_id"": 300234}, {""date"": ""16/07/2024"", ""entity"": ""vomiting"", ""date_id"": 308137, ""entity_id"": 300235}, {""date"": ""16/07/2024"", ""entity"": ""pneumonia"", ""date_id"": 308137, ""entity_id"": 300231}, {""date"": ""last year"", ""entity"": ""pneumonia"", ""date_id"": 311049, ""entity_id"": 300231}]"
25,"Phone note((12 Jan 2025)): relapse.switch to metformin

CLINIC VISIT (17nd Feb 2025): mood changes relapse confirmed schizophrenia increase dose

Labs (24.02.25): low vitamin D.new diagnosis of anemia

URGENT REVIEW (26/03/2025): insomnia.new diagnosis of cluster_headache

Consult((10/05/25)): pt presents w/ fatigue.consistent w/ epilepsy

Visit((06/06/2025)): pt presents w/ back pain.resolving epilepsy

Phone note((13/07/2025)): progressive.switch to aspirin Patient was diagnosed with epilepsy two weeks ago.","[{""id"": 300243, ""value"": ""metformin"", ""cui"": ""placeholder_med_metformin"", ""start"": 45, ""end"": 54}, {""id"": 300241, ""value"": ""schizophrenia"", ""cui"": ""placeholder_diagnosis_schizophrenia"", ""start"": 117, ""end"": 130}, {""id"": 300236, ""value"": ""anemia"", ""cui"": ""placeholder_diagnosis_anemia"", ""start"": 194, ""end"": 200}, {""id"": 300237, ""value"": ""cluster_headache"", ""cui"": ""placeholder_diagnosis_cluster_headache"", ""start"": 256, ""end"": 272}, {""id"": 300244, ""value"": ""headache"", ""cui"": ""placeholder_sym_headache"", ""start"": 264, ""end"": 272}, {""id"": 300245, ""value"": ""fatigue"", ""cui"": ""placeholder_sym_fatigue"", ""start"": 310, ""end"": 317}, {""id"": 300238, ""value"": ""epilepsy"", ""cui"": ""placeholder_diagnosis_epilepsy"", ""start"": 332, ""end"": 340}, {""id"": 300246, ""value"": ""pain"", ""cui"": ""placeholder_sym_pain"", ""start"": 383, ""end"": 387}, {""id"": 300239, ""value"": ""epilepsy"", ""cui"": ""placeholder_diagnosis_epilepsy"", ""start"": 398, ""end"": 406}, {""id"": 300242, ""value"": ""aspirin"", ""cui"": ""placeholder_med_aspirin"", ""start"": 456, ""end"": 463}, {""id"": 300240, ""value"": ""epilepsy"", ""cui"": ""placeholder_diagnosis_epilepsy"", ""start"": 491, ""end"": 499}]","[{""id"": 308138, ""value"": ""(12 Jan 2025"", ""start"": 11, ""end"": 23}, {""id"": 308139, ""value"": ""17nd Feb 2025"", ""start"": 70, ""end"": 83}, {""id"": 308140, ""value"": ""24.02.25"", ""start"": 152, ""end"": 160}, {""id"": 308141, ""value"": ""26/03/2025"", ""start"": 217, ""end"": 227}, {""id"": 308142, ""value"": ""(10/05/25"", ""start"": 282, ""end"": 291}, {""id"": 308143, ""value"": ""(06/06/2025"", ""start"": 348, ""end"": 359}, {""id"": 308144, ""value"": ""(13/07/2025"", ""start"": 419, ""end"": 430}]","[{""id"": 311051, ""value"": ""two weeks ago"", ""start"": 500, ""end"": 513}]","[{""date"": ""(12 Jan 2025"", ""entity"": ""metformin"", ""date_id"": 308138, ""entity_id"": 300243}, {""date"": ""17nd Feb 2025"", ""entity"": ""schizophrenia"", ""date_id"": 308139, ""entity_id"": 300241}, {""date"": ""24.02.25"", ""entity"": ""anemia"", ""date_id"": 308140, ""entity_id"": 300236}, {""date"": ""26/03/2025"", ""entity"": ""cluster_headache"", ""date_id"": 308141, ""entity_id"": 300237}, {""date"": ""26/03/2025"", ""entity"": ""headache"", ""date_id"": 308141, ""entity_id"": 300244}, {""date"": ""(10/05/25"", ""entity"": ""fatigue"", ""date_id"": 308142, ""entity_id"": 300245}, {""date"": ""(10/05/25"", ""entity"": ""epilepsy"", ""date_id"": 308142, ""entity_id"": 300238}, {""date"": ""(06/06/2025"", ""entity"": ""pain"", ""date_id"": 308143, ""entity_id"": 300246}, {""date"": ""(06/06/2025"", ""entity"": ""epilepsy"", ""date_id"": 308143, ""entity_id"": 300239}, {""date"": ""(13/07/2025"", ""entity"": ""aspirin"", ""date_id"": 308144, ""entity_id"": 300242}, {""date"": ""two weeks ago"", ""entity"": ""epilepsy"", ""date_id"": 311051, ""entity_id"": 300240}]"
26,"Labs (24st Sep 2024): elevated glucose.unclear etiology, could be IBS vs migraine

Labs (14st Nov 2024): low TSH.suspect pituitary_adenoma

F/U (14.12.24): remission.consistent w/ epilepsy switch to prednisone

CLINIC VISIT (20/01/25): joint pain worsening suspect ulcerative_colitis continue current medications

Phone note((24-01-2025)): progressive.observe and reassess Patient was diagnosed with ulcerative_colitis yesterday.","[{""id"": 300248, ""value"": ""ibs"", ""cui"": ""placeholder_diagnosis_ibs"", ""start"": 66, ""end"": 69}, {""id"": 300249, ""value"": ""migraine"", ""cui"": ""placeholder_diagnosis_migraine"", ""start"": 73, ""end"": 81}, {""id"": 300250, ""value"": ""pituitary_adenoma"", ""cui"": ""placeholder_diagnosis_pituitary_adenoma"", ""start"": 121, ""end"": 138}, {""id"": 300247, ""value"": ""epilepsy"", ""cui"": ""placeholder_diagnosis_epilepsy"", ""start"": 180, ""end"": 188}, {""id"": 300253, ""value"": ""joint pain"", ""cui"": ""placeholder_sym_joint_pain"", ""start"": 236, ""end"": 246}, {""id"": 300254, ""value"": ""pain"", ""cui"": ""placeholder_sym_pain"", ""start"": 242, ""end"": 246}, {""id"": 300251, ""value"": ""ulcerative_colitis"", ""cui"": ""placeholder_diagnosis_ulcerative_colitis"", ""start"": 265, ""end"": 283}, {""id"": 300252, ""value"": ""ulcerative_colitis"", ""cui"": ""placeholder_diagnosis_ulcerative_colitis"", ""start"": 400, ""end"": 418}]","[{""id"": 308145, ""value"": ""24st Sep 2024"", ""start"": 6, ""end"": 19}, {""id"": 308146, ""value"": ""14st Nov 2024"", ""start"": 89, ""end"": 102}, {""id"": 308147, ""value"": ""14.12.24"", ""start"": 145, ""end"": 153}, {""id"": 308148, ""value"": ""20/01/25"", ""start"": 225, ""end"": 233}, {""id"": 308149, ""value"": ""(24-01-2025"", ""start"": 325, ""end"": 336}]","[{""id"": 311053, ""value"": ""yesterday"", ""start"": 419, ""end"": 428}]","[{""date"": ""24st Sep 2024"", ""entity"": ""ibs"", ""date_id"": 308145, ""entity_id"": 300248}, {""date"": ""24st Sep 2024"", ""entity"": ""migraine"", ""date_id"": 308145, ""entity_id"": 300249}, {""date"": ""14st Nov 2024"", ""entity"": ""pituitary_adenoma"", ""date_id"": 308146, ""entity_id"": 300250}, {""date"": ""14.12.24"", ""entity"": ""epilepsy"", ""date_id"": 308147, ""entity_id"": 300247}, {""date"": ""20/01/25"", ""entity"": ""joint pain"", ""date_id"": 308148, ""entity_id"": 300253}, {""date"": ""20/01/25"", ""entity"": ""pain"", ""date_id"": 308148, ""entity_id"": 300254}, {""date"": ""20/01/25"", ""entity"": ""ulcerative_colitis"", ""date_id"": 308148, ""entity_id"": 300251}, {""date"": ""yesterday"", ""entity"": ""ulcerative_colitis"", ""date_id"": 311053, ""entity_id"": 300252}]"
27,"Phone note((22.11.24)): fluctuating.admit to hospital

X-ray (21st Dec 2024): shows 3.1cm mass in adrenal gland.imp: hypertension

F/U (14.01.25): progressive.confirmed COPD taper med ication

URGEN,T REVIEW (26 Jan'25): chest pain.confirmed cluster_headache

Labs (25 Feb 2025): abnormal LFTs.likely asthma

Phone note((09/03/2025)): fluctuating.switch to insulin

F/U (03/04/25): improved.likely IBS refer to Rheumatology

Labs (04nd Apr 2025): normal CBC.resolving gout Patient was diagnosed with gout last year.","[{""id"": 300255, ""value"": ""X-ray"", ""cui"": ""placeholder_procedure_xray"", ""start"": 55, ""end"": 60}, {""id"": 300261, ""value"": ""hypertension"", ""cui"": ""placeholder_diagnosis_hypertension"", ""start"": 117, ""end"": 129}, {""id"": 300258, ""value"": ""copd"", ""cui"": ""placeholder_diagnosis_copd"", ""start"": 169, ""end"": 173}, {""id"": 300265, ""value"": ""pain"", ""cui"": ""placeholder_sym_pain"", ""start"": 227, ""end"": 231}, {""id"": 300257, ""value"": ""cluster_headache"", ""cui"": ""placeholder_diagnosis_cluster_headache"", ""start"": 242, ""end"": 258}, {""id"": 300264, ""value"": ""headache"", ""cui"": ""placeholder_sym_headache"", ""start"": 250, ""end"": 258}, {""id"": 300256, ""value"": ""asthma"", ""cui"": ""placeholder_diagnosis_asthma"", ""start"": 301, ""end"": 307}, {""id"": 300263, ""value"": ""insulin"", ""cui"": ""placeholder_med_insulin"", ""start"": 357, ""end"": 364}, {""id"": 300262, ""value"": ""ibs"", ""cui"": ""placeholder_diagnosis_ibs"", ""start"": 398, ""end"": 401}, {""id"": 300259, ""value"": ""gout"", ""cui"": ""placeholder_diagnosis_gout"", ""start"": 468, ""end"": 472}]","[{""id"": 308150, ""value"": ""(22.11.24"", ""start"": 11, ""end"": 20}, {""id"": 308151, ""value"": ""21st Dec 2024"", ""start"": 62, ""end"": 75}, {""id"": 308152, ""value"": ""14.01.25"", ""start"": 136, ""end"": 144}, {""id"": 308153, ""value"": ""26 Jan'25"", ""start"": 209, ""end"": 218}, {""id"": 308154, ""value"": ""25 Feb 2025"", ""start"": 266, ""end"": 277}, {""id"": 308155, ""value"": ""(09/03/2025"", ""start"": 320, ""end"": 331}, {""id"": 308156, ""value"": ""03/04/25"", ""start"": 371, ""end"": 379}, {""id"": 308157, ""value"": ""04nd Apr 2025"", ""start"": 431, ""end"": 444}]","[{""id"": 311055, ""value"": ""last year"", ""start"": 505, ""end"": 514}]","[{""date"": ""21st Dec 2024"", ""entity"": ""X-ray"", ""date_id"": 308151, ""entity_id"": 300255}, {""date"": ""21st Dec 2024"", ""entity"": ""hypertension"", ""date_id"": 308151, ""entity_id"": 300261}, {""date"": ""14.01.25"", ""entity"": ""copd"", ""date_id"": 308152, ""entity_id"": 300258}, {""date"": ""26 Jan'25"", ""entity"": ""pain"", ""date_id"": 308153, ""entity_id"": 300265}, {""date"": ""26 Jan'25"", ""entity"": ""cluster_headache"", ""date_id"": 308153, ""entity_id"": 300257}, {""date"": ""26 Jan'25"", ""entity"": ""headache"", ""date_id"": 308153, ""entity_id"": 300264}, {""date"": ""25 Feb 2025"", ""entity"": ""asthma"", ""date_id"": 308154, ""entity_id"": 300256}, {""date"": ""(09/03/2025"", ""entity"": ""insulin"", ""date_id"": 308155, ""entity_id"": 300263}, {""date"": ""03/04/25"", ""entity"": ""ibs"", ""date_id"": 308156, ""entity_id"": 300262}, {""date"": ""04nd Apr 2025"", ""entity"": ""gout"", ""date_id"": 308157, ""entity_id"": 300259}, {""date"": ""last year"", ""entity"": ""gout"", ""date_id"": 311055, ""entity_id"": 300259}]"
28,"URGENT REVIEW (23 Dec 2024): back pain. consistent w/ lymphoma

Consult((11st Feb 2025)): pt presents w/ weight loss. resolving osteoarthritis

Phone note((2025-03-12)): progressive. refer to Internal Medicine

Phone note((03rd Apr 2025)): stable. refer to Rheumatology

Initial assessment((23 Apr'25)): pt presents w/ chest pain. resolving multiple_sclerosis

Phone note((20-06-2025)): relapse. refer to Psychiatry

Cardiology CONSULT (2025-08-04): new diagnosis of depression observe and reassess

Phone note((24st Aug 2025)): unchanged. refer to Rheumatology Patient was diagnosed with depression two weeks ago.","[{""id"": 300271, ""value"": ""pain"", ""cui"": ""placeholder_sym_pain"", ""start"": 34, ""end"": 38}, {""id"": 300268, ""value"": ""lymphoma"", ""cui"": ""placeholder_diagnosis_lymphoma"", ""start"": 54, ""end"": 62}, {""id"": 300270, ""value"": ""osteoarthritis"", ""cui"": ""placeholder_diagnosis_osteoarthritis"", ""start"": 128, ""end"": 142}, {""id"": 300272, ""value"": ""pain"", ""cui"": ""placeholder_sym_pain"", ""start"": 325, ""end"": 329}, {""id"": 300269, ""value"": ""multiple_sclerosis"", ""cui"": ""placeholder_diagnosis_multiple_sclerosis"", ""start"": 341, ""end"": 359}, {""id"": 300266, ""value"": ""depression"", ""cui"": ""placeholder_diagnosis_depression"", ""start"": 467, ""end"": 477}, {""id"": 300267, ""value"": ""depression"", ""cui"": ""placeholder_diagnosis_depression"", ""start"": 589, ""end"": 599}]","[{""id"": 308158, ""value"": ""23 Dec 2024"", ""start"": 15, ""end"": 26}, {""id"": 308159, ""value"": ""(11st Feb 2025"", ""start"": 72, ""end"": 86}, {""id"": 308160, ""value"": ""(2025-03-12"", ""start"": 155, ""end"": 166}, {""id"": 308161, ""value"": ""(03rd Apr 2025"", ""start"": 222, ""end"": 236}, {""id"": 308162, ""value"": ""(23 Apr'25"", ""start"": 290, ""end"": 300}, {""id"": 308163, ""value"": ""(20-06-2025"", ""start"": 372, ""end"": 383}, {""id"": 308164, ""value"": ""2025-08-04"", ""start"": 437, ""end"": 447}, {""id"": 308165, ""value"": ""(24st Aug 2025"", ""start"": 511, ""end"": 525}]","[{""id"": 311057, ""value"": ""two weeks ago"", ""start"": 600, ""end"": 613}]","[{""date"": ""23 Dec 2024"", ""entity"": ""pain"", ""date_id"": 308158, ""entity_id"": 300271}, {""date"": ""23 Dec 2024"", ""entity"": ""lymphoma"", ""date_id"": 308158, ""entity_id"": 300268}, {""date"": ""(11st Feb 2025"", ""entity"": ""osteoarthritis"", ""date_id"": 308159, ""entity_id"": 300270}, {""date"": ""(23 Apr'25"", ""entity"": ""pain"", ""date_id"": 308162, ""entity_id"": 300272}, {""date"": ""(23 Apr'25"", ""entity"": ""multiple_sclerosis"", ""date_id"": 308162, ""entity_id"": 300269}, {""date"": ""2025-08-04"", ""entity"": ""depression"", ""date_id"": 308164, ""entity_id"": 300266}, {""date"": ""two weeks ago"", ""entity"": ""depression"", ""date_id"": 311057, ""entity_id"": 300267}]"
29,"Initial assessment((21st Jul 2024)): pt presents with joint pain.suspect pneumonia

Consult((15rd Sep 2024)): pt presents with excessive thirst.unclear etiology, could be macroadenoma vs hypothyroidism

Phone note((28 Sep'24)): fluctuating.observe and reassess

Phone note((02 Oct'24)): stable.schedule MRI Patient was diagnosed with hypothyroidism yesterday.","[{""id"": 300277, ""value"": ""joint pain"", ""cui"": ""placeholder_sym_joint_pain"", ""start"": 54, ""end"": 64}, {""id"": 300278, ""value"": ""pain"", ""cui"": ""placeholder_sym_pain"", ""start"": 60, ""end"": 64}, {""id"": 300276, ""value"": ""pneumonia"", ""cui"": ""placeholder_diagnosis_pneumonia"", ""start"": 73, ""end"": 82}, {""id"": 300275, ""value"": ""macroadenoma"", ""cui"": ""placeholder_diagnosis_macroadenoma"", ""start"": 171, ""end"": 183}, {""id"": 300273, ""value"": ""hypothyroidism"", ""cui"": ""placeholder_diagnosis_hypothyroidism"", ""start"": 187, ""end"": 201}, {""id"": 300274, ""value"": ""hypothyroidism"", ""cui"": ""placeholder_diagnosis_hypothyroidism"", ""start"": 334, ""end"": 348}]","[{""id"": 308166, ""value"": ""(21st Jul 2024"", ""start"": 19, ""end"": 33}, {""id"": 308167, ""value"": ""(15rd Sep 2024"", ""start"": 92, ""end"": 106}, {""id"": 308168, ""value"": ""(28 Sep'24"", ""start"": 214, ""end"": 224}, {""id"": 308169, ""value"": ""(02 Oct'24"", ""start"": 273, ""end"": 283}]","[{""id"": 311059, ""value"": ""yesterday"", ""start"": 349, ""end"": 358}]","[{""date"": ""(21st Jul 2024"", ""entity"": ""joint pain"", ""date_id"": 308166, ""entity_id"": 300277}, {""date"": ""(21st Jul 2024"", ""entity"": ""pain"", ""date_id"": 308166, ""entity_id"": 300278}, {""date"": ""(21st Jul 2024"", ""entity"": ""pneumonia"", ""date_id"": 308166, ""entity_id"": 300276}, {""date"": ""(15rd Sep 2024"", ""entity"": ""macroadenoma"", ""date_id"": 308167, ""entity_id"": 300275}, {""date"": ""(15rd Sep 2024"", ""entity"": ""hypothyroidism"", ""date_id"": 308167, ""entity_id"": 300273}, {""date"": ""yesterday"", ""entity"": ""hypothyroidism"", ""date_id"": 311059, ""entity_id"": 300274}]"
30,"Phone note((01 Sep'24)): relapse. switch to cabergoline

Phone note((06rd Sep 2024)): fluctuating. admit to hospital

Labs (03-11-2024): low vitamin D. resolving COPD

Labs (17nd Dec 2024): elevated prolactin. confirmed asthma

Labs (18 Jan 2025): elevated prolactin. rule out adrenal_insufficiency

Labs (17nd Mar 2025): abnormal LFTs. unclear etiology, could be hyperthyroidism vs Cushing's_syndrome Patient was diagnosed with hyperthyroidism last year.","[{""id"": 300281, ""value"": ""copd"", ""cui"": ""placeholder_diagnosis_copd"", ""start"": 162, ""end"": 166}, {""id"": 300280, ""value"": ""asthma"", ""cui"": ""placeholder_diagnosis_asthma"", ""start"": 220, ""end"": 226}, {""id"": 300279, ""value"": ""adrenal_insufficiency"", ""cui"": ""placeholder_diagnosis_adrenal_insufficiency"", ""start"": 277, ""end"": 298}, {""id"": 300282, ""value"": ""hyperthyroidism"", ""cui"": ""placeholder_diagnosis_hyperthyroidism"", ""start"": 364, ""end"": 379}]","[{""id"": 308170, ""value"": ""(01 Sep'24"", ""start"": 11, ""end"": 21}, {""id"": 308171, ""value"": ""(06rd Sep 2024"", ""start"": 68, ""end"": 82}, {""id"": 308172, ""value"": ""03-11-2024"", ""start"": 124, ""end"": 134}, {""id"": 308173, ""value"": ""17nd Dec 2024"", ""start"": 174, ""end"": 187}, {""id"": 308174, ""value"": ""18 Jan 2025"", ""start"": 234, ""end"": 245}, {""id"": 308175, ""value"": ""17nd Mar 2025"", ""start"": 306, ""end"": 319}]","[{""id"": 311061, ""value"": ""last year"", ""start"": 445, ""end"": 454}]","[{""date"": ""03-11-2024"", ""entity"": ""copd"", ""date_id"": 308172, ""entity_id"": 300281}, {""date"": ""17nd Dec 2024"", ""entity"": ""asthma"", ""date_id"": 308173, ""entity_id"": 300280}, {""date"": ""17nd Mar 2025"", ""entity"": ""hyperthyroidism"", ""date_id"": 308175, ""entity_id"": 300282}, {""date"": ""last year"", ""entity"": ""hyperthyroidism"", ""date_id"": 311061, ""entity_id"": 300282}]"
31,"URGENT REVIEW (04/11/2024): insomnia. unclear etiology,could be schizophrenia vs anemia

CLINIC VISIT (05/11/24): joint pain improved rule out schizophrenia observe and reassess
.
Labs (18/11/2024): abnormal LFTs. resolving myeloma Patient was diagnosed with myeloma two weeks ago.","[{""id"": 300287, ""value"": ""schizophrenia"", ""cui"": ""placeholder_diagnosis_schizophrenia"", ""start"": 64, ""end"": 77}, {""id"": 300284, ""value"": ""anemia"", ""cui"": ""placeholder_diagnosis_anemia"", ""start"": 81, ""end"": 87}, {""id"": 300289, ""value"": ""joint pain"", ""cui"": ""placeholder_sym_joint_pain"", ""start"": 114, ""end"": 124}, {""id"": 300290, ""value"": ""pain"", ""cui"": ""placeholder_sym_pain"", ""start"": 120, ""end"": 124}, {""id"": 300288, ""value"": ""schizophrenia"", ""cui"": ""placeholder_diagnosis_schizophrenia"", ""start"": 143, ""end"": 156}, {""id"": 300285, ""value"": ""myeloma"", ""cui"": ""placeholder_diagnosis_myeloma"", ""start"": 224, ""end"": 231}]","[{""id"": 308176, ""value"": ""04/11/2024"", ""start"": 15, ""end"": 25}, {""id"": 308177, ""value"": ""05/11/24"", ""start"": 103, ""end"": 111}, {""id"": 308178, ""value"": ""18/11/2024"", ""start"": 186, ""end"": 196}]","[{""id"": 311063, ""value"": ""two weeks ago"", ""start"": 267, ""end"": 280}]","[{""date"": ""04/11/2024"", ""entity"": ""schizophrenia"", ""date_id"": 308176, ""entity_id"": 300287}, {""date"": ""04/11/2024"", ""entity"": ""anemia"", ""date_id"": 308176, ""entity_id"": 300284}, {""date"": ""05/11/24"", ""entity"": ""joint pain"", ""date_id"": 308177, ""entity_id"": 300289}, {""date"": ""05/11/24"", ""entity"": ""pain"", ""date_id"": 308177, ""entity_id"": 300290}, {""date"": ""18/11/2024"", ""entity"": ""myeloma"", ""date_id"": 308178, ""entity_id"": 300285}, {""date"": ""two weeks ago"", ""entity"": ""myeloma"", ""date_id"": 311063, ""entity_id"": 300285}]"
32,"Rheumatology CONSULT (17/12/24): resolving macroadenoma schedule MRI

Labs (18 Dec'24): WBC elevated. consist,ent with cluster_headache

CLINIC VISIT (01st Feb 2025): freque;nt urination improved suspect lymphoma f/u in 1 month Patient was diagnosed with lymphoma yesterday.","[{""id"": 300294, ""value"": ""macroadenoma"", ""cui"": ""placeholder_diagnosis_macroadenoma"", ""start"": 43, ""end"": 55}, {""id"": 300291, ""value"": ""cluster_headache"", ""cui"": ""placeholder_diagnosis_cluster_headache"", ""start"": 119, ""end"": 135}, {""id"": 300295, ""value"": ""headache"", ""cui"": ""placeholder_sym_headache"", ""start"": 127, ""end"": 135}, {""id"": 300292, ""value"": ""lymphoma"", ""cui"": ""placeholder_diagnosis_lymphoma"", ""start"": 204, ""end"": 212}]","[{""id"": 308179, ""value"": ""17/12/24"", ""start"": 22, ""end"": 30}, {""id"": 308180, ""value"": ""18 Dec'24"", ""start"": 76, ""end"": 85}, {""id"": 308181, ""value"": ""01st Feb 2025"", ""start"": 151, ""end"": 164}]","[{""id"": 311065, ""value"": ""yesterday"", ""start"": 264, ""end"": 273}]","[{""date"": ""18 Dec'24"", ""entity"": ""cluster_headache"", ""date_id"": 308180, ""entity_id"": 300291}, {""date"": ""18 Dec'24"", ""entity"": ""headache"", ""date_id"": 308180, ""entity_id"": 300295}, {""date"": ""01st Feb 2025"", ""entity"": ""lymphoma"", ""date_id"": 308181, ""entity_id"": 300292}, {""date"": ""yesterday"", ""entity"": ""lymphoma"", ""date_id"": 311065, ""entity_id"": 300292}]"
33,"CLINIC VISIT (04rd Feb 2025): frequent urination slightly improved confirmed hyperthyroidism follow up in 3 months

CLINIC VISIT (20st Mar 2025): weight gain unchanged resolving microadenoma observe and reassess

Labs (12 Apr 2025): positive ANA.rule out hyperlipidemia

Visit((29/04/25)): pt presents with back pain.rule out epilepsy

CLINIC VISIT (15-06-2025): shortness of breath stable unclear etiology,could be rheumatoid_arthritis vs osteoarthritis taper medication Patient was diagnosed with osteoarthritis last year.","[{""id"": 300298, ""value"": ""hyperthyroidism"", ""cui"": ""placeholder_diagnosis_hyperthyroidism"", ""start"": 77, ""end"": 92}, {""id"": 300299, ""value"": ""microadenoma"", ""cui"": ""placeholder_diagnosis_microadenoma"", ""start"": 178, ""end"": 190}, {""id"": 300297, ""value"": ""hyperlipidemia"", ""cui"": ""placeholder_diagnosis_hyperlipidemia"", ""start"": 255, ""end"": 269}, {""id"": 300303, ""value"": ""pain"", ""cui"": ""placeholder_sym_pain"", ""start"": 312, ""end"": 316}, {""id"": 300296, ""value"": ""epilepsy"", ""cui"": ""placeholder_diagnosis_epilepsy"", ""start"": 326, ""end"": 334}, {""id"": 300302, ""value"": ""rheumatoid_arthritis"", ""cui"": ""placeholder_diagnosis_rheumatoid_arthritis"", ""start"": 416, ""end"": 436}, {""id"": 300300, ""value"": ""osteoarthritis"", ""cui"": ""placeholder_diagnosis_osteoarthritis"", ""start"": 440, ""end"": 454}]","[{""id"": 308182, ""value"": ""04rd Feb 2025"", ""start"": 14, ""end"": 27}, {""id"": 308183, ""value"": ""20st Mar 2025"", ""start"": 130, ""end"": 143}, {""id"": 308184, ""value"": ""12 Apr 2025"", ""start"": 219, ""end"": 230}, {""id"": 308185, ""value"": ""(29/04/25"", ""start"": 277, ""end"": 286}, {""id"": 308186, ""value"": ""15-06-2025"", ""start"": 350, ""end"": 360}]","[{""id"": 311067, ""value"": ""last year"", ""start"": 514, ""end"": 523}]","[{""date"": ""04rd Feb 2025"", ""entity"": ""hyperthyroidism"", ""date_id"": 308182, ""entity_id"": 300298}, {""date"": ""(29/04/25"", ""entity"": ""pain"", ""date_id"": 308185, ""entity_id"": 300303}, {""date"": ""15-06-2025"", ""entity"": ""rheumatoid_arthritis"", ""date_id"": 308186, ""entity_id"": 300302}, {""date"": ""15-06-2025"", ""entity"": ""osteoarthritis"", ""date_id"": 308186, ""entity_id"": 300300}, {""date"": ""last year"", ""entity"": ""osteoarthritis"", ""date_id"": 311067, ""entity_id"": 300300}]"
34,"New pt((30-04-2024)): pt presents with weight gain. rule out multiple_sclerosis

Psychiatry CONSULT (27 Jun'24): consistent with schizophrenia f/u in 2 weeks

CLINIC VISIT (27/07/24): dizziness stable resolving Cushing's_syndrome schedule X-ray

Neurology CONSULT (07/09/24): resolving COPD admit to hospital

Labs (09nd Oct 2024): elevated glucose. confirmed hypertension Patient was diagnosed with hypertension two weeks ago.","[{""id"": 300307, ""value"": ""multiple_sclerosis"", ""cui"": ""placeholder_diagnosis_multiple_sclerosis"", ""start"": 61, ""end"": 79}, {""id"": 300308, ""value"": ""schizophrenia"", ""cui"": ""placeholder_diagnosis_schizophrenia"", ""start"": 129, ""end"": 142}, {""id"": 300309, ""value"": ""dizziness"", ""cui"": ""placeholder_sym_dizziness"", ""start"": 184, ""end"": 193}, {""id"": 300304, ""value"": ""copd"", ""cui"": ""placeholder_diagnosis_copd"", ""start"": 286, ""end"": 290}, {""id"": 300305, ""value"": ""hypertension"", ""cui"": ""placeholder_diagnosis_hypertension"", ""start"": 360, ""end"": 372}]","[{""id"": 308187, ""value"": ""(30-04-2024"", ""start"": 7, ""end"": 18}, {""id"": 308188, ""value"": ""27 Jun'24"", ""start"": 101, ""end"": 110}, {""id"": 308189, ""value"": ""27/07/24"", ""start"": 173, ""end"": 181}, {""id"": 308190, ""value"": ""07/09/24"", ""start"": 265, ""end"": 273}, {""id"": 308191, ""value"": ""09nd Oct 2024"", ""start"": 316, ""end"": 329}]","[{""id"": 311069, ""value"": ""two weeks ago"", ""start"": 413, ""end"": 426}]","[{""date"": ""27 Jun'24"", ""entity"": ""schizophrenia"", ""date_id"": 308188, ""entity_id"": 300308}, {""date"": ""27/07/24"", ""entity"": ""dizziness"", ""date_id"": 308189, ""entity_id"": 300309}, {""date"": ""09nd Oct 2024"", ""entity"": ""hypertension"", ""date_id"": 308191, ""entity_id"": 300305}, {""date"": ""two weeks ago"", ""entity"": ""hypertension"", ""date_id"": 311069, ""entity_id"": 300305}]"
35,"F/U (15st Jun 2024): remission.likely gout schedule MRI

CLINIC VISIT (18 Jul'24): rash remission unclear etiology,could be adrenal_insufficiency vs hypothyroidism refer to Internal Medicine

Phone note((08-09-2024)): relapse.increase dose

Labs (09/09/2024): high cortisol.resolving Parkinson's_disease

CLINIC VISIT (2024-09-18): mood changes fluctuating new dx of cluster_headache cont current medications

Oncology CONSULT (17 Nov 2024): consistent w/ hypertension schedule CT

URGENT REVIEW (01st Jan 2025): frequent urination.likely fibromyalgia

PET scan (14rd Feb 2025): consistent w/ pituitary_adenoma.imp: pituitary_adenoma Patient was diagnosed with pituitary_adenoma yesterday.","[{""id"": 300313, ""value"": ""gout"", ""cui"": ""placeholder_diagnosis_gout"", ""start"": 38, ""end"": 42}, {""id"": 300310, ""value"": ""adrenal_insufficiency"", ""cui"": ""placeholder_diagnosis_adrenal_insufficiency"", ""start"": 124, ""end"": 145}, {""id"": 300315, ""value"": ""hypothyroidism"", ""cui"": ""placeholder_diagnosis_hypothyroidism"", ""start"": 149, ""end"": 163}, {""id"": 300311, ""value"": ""cluster_headache"", ""cui"": ""placeholder_diagnosis_cluster_headache"", ""start"": 367, ""end"": 383}, {""id"": 300319, ""value"": ""headache"", ""cui"": ""placeholder_sym_headache"", ""start"": 375, ""end"": 383}, {""id"": 300314, ""value"": ""hypertension"", ""cui"": ""placeholder_diagnosis_hypertension"", ""start"": 456, ""end"": 468}, {""id"": 300312, ""value"": ""fibromyalgia"", ""cui"": ""placeholder_diagnosis_fibromyalgia"", ""start"": 539, ""end"": 551}, {""id"": 300317, ""value"": ""pituitary_adenoma"", ""cui"": ""placeholder_diagnosis_pituitary_adenoma"", ""start"": 616, ""end"": 633}]","[{""id"": 308192, ""value"": ""15st Jun 2024"", ""start"": 5, ""end"": 18}, {""id"": 308193, ""value"": ""18 Jul'24"", ""start"": 71, ""end"": 80}, {""id"": 308194, ""value"": ""(08-09-2024"", ""start"": 203, ""end"": 214}, {""id"": 308195, ""value"": ""09/09/2024"", ""start"": 247, ""end"": 257}, {""id"": 308196, ""value"": ""2024-09-18"", ""start"": 319, ""end"": 329}, {""id"": 308197, ""value"": ""17 Nov 2024"", ""start"": 428, ""end"": 439}, {""id"": 308198, ""value"": ""01st Jan 2025"", ""start"": 497, ""end"": 510}, {""id"": 308199, ""value"": ""14rd Feb 2025"", ""start"": 563, ""end"": 576}]","[{""id"": 311071, ""value"": ""yesterday"", ""start"": 679, ""end"": 688}]","[{""date"": ""15st Jun 2024"", ""entity"": ""gout"", ""date_id"": 308192, ""entity_id"": 300313}, {""date"": ""18 Jul'24"", ""entity"": ""adrenal_insufficiency"", ""date_id"": 308193, ""entity_id"": 300310}, {""date"": ""18 Jul'24"", ""entity"": ""hypothyroidism"", ""date_id"": 308193, ""entity_id"": 300315}, {""date"": ""2024-09-18"", ""entity"": ""cluster_headache"", ""date_id"": 308196, ""entity_id"": 300311}, {""date"": ""2024-09-18"", ""entity"": ""headache"", ""date_id"": 308196, ""entity_id"": 300319}, {""date"": ""17 Nov 2024"", ""entity"": ""hypertension"", ""date_id"": 308197, ""entity_id"": 300314}, {""date"": ""01st Jan 2025"", ""entity"": ""fibromyalgia"", ""date_id"": 308198, ""entity_id"": 300312}, {""date"": ""14rd Feb 2025"", ""entity"": ""pituitary_adenoma"", ""date_id"": 308199, ""entity_id"": 300317}, {""date"": ""yesterday"", ""entity"": ""pituitary_adenoma"", ""date_id"": 311071, ""entity_id"": 300317}]"
36,"URGENT REVIEW (03rd Dec 2024): mood changes.resolving tension_headache

F/U (04 Dec 2024): improved.unclear etiology, could be adrenal_insufficiency vs hypothyroidism f/u in 1 month

URGENT REVIEW (06st Jan 2025): insomnia.consistent w/ bipolar_disorder Patient was diagnosed with bipolar_disorder last year.","[{""id"": 300324, ""value"": ""tension_headache"", ""cui"": ""placeholder_diagnosis_tension_headache"", ""start"": 54, ""end"": 70}, {""id"": 300325, ""value"": ""headache"", ""cui"": ""placeholder_sym_headache"", ""start"": 62, ""end"": 70}, {""id"": 300320, ""value"": ""adrenal_insufficiency"", ""cui"": ""placeholder_diagnosis_adrenal_insufficiency"", ""start"": 127, ""end"": 148}, {""id"": 300323, ""value"": ""hypothyroidism"", ""cui"": ""placeholder_diagnosis_hypothyroidism"", ""start"": 152, ""end"": 166}, {""id"": 300321, ""value"": ""bipolar_disorder"", ""cui"": ""placeholder_diagnosis_bipolar_disorder"", ""start"": 237, ""end"": 253}]","[{""id"": 308200, ""value"": ""03rd Dec 2024"", ""start"": 15, ""end"": 28}, {""id"": 308201, ""value"": ""04 Dec 2024"", ""start"": 77, ""end"": 88}, {""id"": 308202, ""value"": ""06st Jan 2025"", ""start"": 198, ""end"": 211}]","[{""id"": 311073, ""value"": ""last year"", ""start"": 298, ""end"": 307}]","[{""date"": ""04 Dec 2024"", ""entity"": ""adrenal_insufficiency"", ""date_id"": 308201, ""entity_id"": 300320}, {""date"": ""04 Dec 2024"", ""entity"": ""hypothyroidism"", ""date_id"": 308201, ""entity_id"": 300323}, {""date"": ""06st Jan 2025"", ""entity"": ""bipolar_disorder"", ""date_id"": 308202, ""entity_id"": 300321}, {""date"": ""last year"", ""entity"": ""bipolar_disorder"", ""date_id"": 311073, ""entity_id"": 300321}]"
37,"Rheumatology CONSULT (20-11-2024): unclear etiology,could be Cushing's_syndrome vs macroadenoma cont current medications

Phone note((31 Dec'24)): remission.switch to lisinopril

CLINIC VISIT (21-01-2025): cough improved new diagnosis of schizophrenia taper medication

Neurology CONSULT (23rd Jan 2025): likely tension_headache increase dose

CT (04/02/25): no significant findings.imp: hypothyroidism

Evaluation((11st Mar 2025)): pt presents w/ weight loss.rule out epilepsy

URGENT REVIEW (21st Mar 2025): visual changes.suspect hyperthyroidism Patient was diagnosed with hyperthyroidism two weeks ago.","[{""id"": 300331, ""value"": ""macroadenoma"", ""cui"": ""placeholder_diagnosis_macroadenoma"", ""start"": 83, ""end"": 95}, {""id"": 300335, ""value"": ""cough"", ""cui"": ""placeholder_sym_cough"", ""start"": 206, ""end"": 211}, {""id"": 300332, ""value"": ""schizophrenia"", ""cui"": ""placeholder_diagnosis_schizophrenia"", ""start"": 238, ""end"": 251}, {""id"": 300333, ""value"": ""tension_headache"", ""cui"": ""placeholder_diagnosis_tension_headache"", ""start"": 312, ""end"": 328}, {""id"": 300334, ""value"": ""headache"", ""cui"": ""placeholder_sym_headache"", ""start"": 320, ""end"": 328}, {""id"": 300326, ""value"": ""CT"", ""cui"": ""placeholder_procedure_ct"", ""start"": 344, ""end"": 346}, {""id"": 300330, ""value"": ""hypothyroidism"", ""cui"": ""placeholder_diagnosis_hypothyroidism"", ""start"": 388, ""end"": 402}, {""id"": 300327, ""value"": ""epilepsy"", ""cui"": ""placeholder_diagnosis_epilepsy"", ""start"": 469, ""end"": 477}, {""id"": 300328, ""value"": ""hyperthyroidism"", ""cui"": ""placeholder_diagnosis_hyperthyroidism"", ""start"": 533, ""end"": 548}]","[{""id"": 308203, ""value"": ""20-11-2024"", ""start"": 22, ""end"": 32}, {""id"": 308204, ""value"": ""(31 Dec'24"", ""start"": 133, ""end"": 143}, {""id"": 308205, ""value"": ""21-01-2025"", ""start"": 193, ""end"": 203}, {""id"": 308206, ""value"": ""23rd Jan 2025"", ""start"": 289, ""end"": 302}, {""id"": 308207, ""value"": ""04/02/25"", ""start"": 348, ""end"": 356}, {""id"": 308208, ""value"": ""(11st Mar 2025"", ""start"": 415, ""end"": 429}, {""id"": 308209, ""value"": ""21st Mar 2025"", ""start"": 494, ""end"": 507}]","[{""id"": 311075, ""value"": ""two weeks ago"", ""start"": 592, ""end"": 605}]","[{""date"": ""20-11-2024"", ""entity"": ""macroadenoma"", ""date_id"": 308203, ""entity_id"": 300331}, {""date"": ""21-01-2025"", ""entity"": ""cough"", ""date_id"": 308205, ""entity_id"": 300335}, {""date"": ""21-01-2025"", ""entity"": ""schizophrenia"", ""date_id"": 308205, ""entity_id"": 300332}, {""date"": ""23rd Jan 2025"", ""entity"": ""tension_headache"", ""date_id"": 308206, ""entity_id"": 300333}, {""date"": ""23rd Jan 2025"", ""entity"": ""headache"", ""date_id"": 308206, ""entity_id"": 300334}, {""date"": ""04/02/25"", ""entity"": ""CT"", ""date_id"": 308207, ""entity_id"": 300326}, {""date"": ""04/02/25"", ""entity"": ""hypothyroidism"", ""date_id"": 308207, ""entity_id"": 300330}, {""date"": ""21st Mar 2025"", ""entity"": ""hyperthyroidism"", ""date_id"": 308209, ""entity_id"": 300328}, {""date"": ""two weeks ago"", ""entity"": ""hyperthyroidism"", ""date_id"": 311075, ""entity_id"": 300328}]"
38,"Oncology CONSULT (2024-12-05): likely GERD observe and reassess

Oncology CONSULT (21st Jan 2025): suspect hypertension follow up in 1 month

X-ray (26 Feb 2025): shows 0.8cm mass in brain. imp: microadenoma

F/U (02 Apr 2025): slightly improved. new dx of anemia taper medication

Consult((11 Apr'25)): pt presents with insomnia. likely depression

PET scan (16/05/25): evidence of fluid collection. imp: osteoarthritis Patient was diagnosed with osteoarthritis yesterday.","[{""id"": 300339, ""value"": ""gerd"", ""cui"": ""placeholder_diagnosis_gerd"", ""start"": 38, ""end"": 42}, {""id"": 300340, ""value"": ""hypertension"", ""cui"": ""placeholder_diagnosis_hypertension"", ""start"": 107, ""end"": 119}, {""id"": 300336, ""value"": ""X-ray"", ""cui"": ""placeholder_procedure_xray"", ""start"": 142, ""end"": 147}, {""id"": 300341, ""value"": ""microadenoma"", ""cui"": ""placeholder_diagnosis_microadenoma"", ""start"": 195, ""end"": 207}, {""id"": 300337, ""value"": ""anemia"", ""cui"": ""placeholder_diagnosis_anemia"", ""start"": 257, ""end"": 263}, {""id"": 300338, ""value"": ""depression"", ""cui"": ""placeholder_diagnosis_depression"", ""start"": 338, ""end"": 348}, {""id"": 300342, ""value"": ""osteoarthritis"", ""cui"": ""placeholder_diagnosis_osteoarthritis"", ""start"": 406, ""end"": 420}]","[{""id"": 308210, ""value"": ""2024-12-05"", ""start"": 18, ""end"": 28}, {""id"": 308211, ""value"": ""21st Jan 2025"", ""start"": 83, ""end"": 96}, {""id"": 308212, ""value"": ""26 Feb 2025"", ""start"": 149, ""end"": 160}, {""id"": 308213, ""value"": ""02 Apr 2025"", ""start"": 214, ""end"": 225}, {""id"": 308214, ""value"": ""(11 Apr'25"", ""start"": 290, ""end"": 300}, {""id"": 308215, ""value"": ""16/05/25"", ""start"": 360, ""end"": 368}]","[{""id"": 311077, ""value"": ""yesterday"", ""start"": 463, ""end"": 472}]","[{""date"": ""2024-12-05"", ""entity"": ""gerd"", ""date_id"": 308210, ""entity_id"": 300339}, {""date"": ""21st Jan 2025"", ""entity"": ""hypertension"", ""date_id"": 308211, ""entity_id"": 300340}, {""date"": ""26 Feb 2025"", ""entity"": ""X-ray"", ""date_id"": 308212, ""entity_id"": 300336}, {""date"": ""26 Feb 2025"", ""entity"": ""microadenoma"", ""date_id"": 308212, ""entity_id"": 300341}, {""date"": ""02 Apr 2025"", ""entity"": ""anemia"", ""date_id"": 308213, ""entity_id"": 300337}, {""date"": ""(11 Apr'25"", ""entity"": ""depression"", ""date_id"": 308214, ""entity_id"": 300338}, {""date"": ""16/05/25"", ""entity"": ""osteoarthritis"", ""date_id"": 308215, ""entity_id"": 300342}, {""date"": ""yesterday"", ""entity"": ""osteoarthritis"", ""date_id"": 311077, ""entity_id"": 300342}]"
39,"MRI (2024-06-13): reveals tension_headache. imp: tension_headache

Phone note((21/06/24)): resolved. increase dose

Labs (09 Aug'24): low TSH. confirmed COPD

Phone note((15 Sep'24)): improved. f/u in 1 week

Consult((09 Nov'24)): pt presents w/ fever. unclear etiology, could be microadenoma vs depression

URGENT REVIEW (07nd Dec 2024): frequent urination. confirmed IBS Patient was diagnosed with ibs last year.","[{""id"": 300344, ""value"": ""MRI"", ""cui"": ""placeholder_procedure_mri"", ""start"": 0, ""end"": 3}, {""id"": 300351, ""value"": ""tension_headache"", ""cui"": ""placeholder_diagnosis_tension_headache"", ""start"": 49, ""end"": 65}, {""id"": 300353, ""value"": ""headache"", ""cui"": ""placeholder_sym_headache"", ""start"": 57, ""end"": 65}, {""id"": 300345, ""value"": ""copd"", ""cui"": ""placeholder_diagnosis_copd"", ""start"": 153, ""end"": 157}, {""id"": 300354, ""value"": ""fever"", ""cui"": ""placeholder_sym_fever"", ""start"": 246, ""end"": 251}, {""id"": 300349, ""value"": ""microadenoma"", ""cui"": ""placeholder_diagnosis_microadenoma"", ""start"": 280, ""end"": 292}, {""id"": 300346, ""value"": ""depression"", ""cui"": ""placeholder_diagnosis_depression"", ""start"": 296, ""end"": 306}, {""id"": 300347, ""value"": ""ibs"", ""cui"": ""placeholder_diagnosis_ibs"", ""start"": 369, ""end"": 372}]","[{""id"": 308216, ""value"": ""2024-06-13"", ""start"": 5, ""end"": 15}, {""id"": 308217, ""value"": ""(21/06/24"", ""start"": 78, ""end"": 87}, {""id"": 308218, ""value"": ""09 Aug'24"", ""start"": 122, ""end"": 131}, {""id"": 308219, ""value"": ""(15 Sep'24"", ""start"": 170, ""end"": 180}, {""id"": 308220, ""value"": ""(09 Nov'24"", ""start"": 217, ""end"": 227}, {""id"": 308221, ""value"": ""07nd Dec 2024"", ""start"": 323, ""end"": 336}]","[{""id"": 311079, ""value"": ""last year"", ""start"": 404, ""end"": 413}]","[{""date"": ""2024-06-13"", ""entity"": ""MRI"", ""date_id"": 308216, ""entity_id"": 300344}, {""date"": ""2024-06-13"", ""entity"": ""tension_headache"", ""date_id"": 308216, ""entity_id"": 300351}, {""date"": ""2024-06-13"", ""entity"": ""headache"", ""date_id"": 308216, ""entity_id"": 300353}, {""date"": ""09 Aug'24"", ""entity"": ""copd"", ""date_id"": 308218, ""entity_id"": 300345}, {""date"": ""(09 Nov'24"", ""entity"": ""fever"", ""date_id"": 308220, ""entity_id"": 300354}, {""date"": ""(09 Nov'24"", ""entity"": ""microadenoma"", ""date_id"": 308220, ""entity_id"": 300349}, {""date"": ""(09 Nov'24"", ""entity"": ""depression"", ""date_id"": 308220, ""entity_id"": 300346}, {""date"": ""07nd Dec 2024"", ""entity"": ""ibs"", ""date_id"": 308221, ""entity_id"": 300347}, {""date"": ""last year"", ""entity"": ""ibs"", ""date_id"": 311079, ""entity_id"": 300347}]"
40,"Initial assessment((02 Jul'24)): pt presents w/ cough.new dx of leukemia

Evaluation((2024-08-08)): pt presents w/ cough.rule out lymphoma

Labs (21st Aug 2024): high cortisol.new dx of epilepsy

Phone note((28st Aug 2024)): stable.observe and reassess Patient was diagnosed with epilepsy two weeks ago.","[{""id"": 300359, ""value"": ""cough"", ""cui"": ""placeholder_sym_cough"", ""start"": 48, ""end"": 53}, {""id"": 300357, ""value"": ""leukemia"", ""cui"": ""placeholder_diagnosis_leukemia"", ""start"": 64, ""end"": 72}, {""id"": 300360, ""value"": ""cough"", ""cui"": ""placeholder_sym_cough"", ""start"": 115, ""end"": 120}, {""id"": 300358, ""value"": ""lymphoma"", ""cui"": ""placeholder_diagnosis_lymphoma"", ""start"": 130, ""end"": 138}, {""id"": 300355, ""value"": ""epilepsy"", ""cui"": ""placeholder_diagnosis_epilepsy"", ""start"": 186, ""end"": 194}, {""id"": 300356, ""value"": ""epilepsy"", ""cui"": ""placeholder_diagnosis_epilepsy"", ""start"": 280, ""end"": 288}]","[{""id"": 308222, ""value"": ""(02 Jul'24"", ""start"": 19, ""end"": 29}, {""id"": 308223, ""value"": ""(2024-08-08"", ""start"": 85, ""end"": 96}, {""id"": 308224, ""value"": ""21st Aug 2024"", ""start"": 146, ""end"": 159}, {""id"": 308225, ""value"": ""(28st Aug 2024"", ""start"": 207, ""end"": 221}]","[{""id"": 311081, ""value"": ""two weeks ago"", ""start"": 289, ""end"": 302}]","[{""date"": ""(02 Jul'24"", ""entity"": ""cough"", ""date_id"": 308222, ""entity_id"": 300359}, {""date"": ""(02 Jul'24"", ""entity"": ""leukemia"", ""date_id"": 308222, ""entity_id"": 300357}, {""date"": ""(2024-08-08"", ""entity"": ""cough"", ""date_id"": 308223, ""entity_id"": 300360}, {""date"": ""21st Aug 2024"", ""entity"": ""epilepsy"", ""date_id"": 308224, ""entity_id"": 300355}, {""date"": ""two weeks ago"", ""entity"": ""epilepsy"", ""date_id"": 311081, ""entity_id"": 300356}]"
41,"F/U (02nd Oct 2024): slightly improved.suspect lymphoma admit to hospital

Labs (17/10/24): low TSH.suspect gout

Labs (08/11/24): low vitamin D.suspect hyperlipidemia

MRI (03/12/24): shows 2.3cm mass in colon.imp: hyperthyroidism Patient was diagnosed with hyperthyroidism yesterday.","[{""id"": 300366, ""value"": ""lymphoma"", ""cui"": ""placeholder_diagnosis_lymphoma"", ""start"": 47, ""end"": 55}, {""id"": 300362, ""value"": ""gout"", ""cui"": ""placeholder_diagnosis_gout"", ""start"": 108, ""end"": 112}, {""id"": 300363, ""value"": ""hyperlipidemia"", ""cui"": ""placeholder_diagnosis_hyperlipidemia"", ""start"": 153, ""end"": 167}, {""id"": 300361, ""value"": ""MRI"", ""cui"": ""placeholder_procedure_mri"", ""start"": 169, ""end"": 172}, {""id"": 300364, ""value"": ""hyperthyroidism"", ""cui"": ""placeholder_diagnosis_hyperthyroidism"", ""start"": 216, ""end"": 231}]","[{""id"": 308226, ""value"": ""02nd Oct 2024"", ""start"": 5, ""end"": 18}, {""id"": 308227, ""value"": ""17/10/24"", ""start"": 81, ""end"": 89}, {""id"": 308228, ""value"": ""08/11/24"", ""start"": 120, ""end"": 128}, {""id"": 308229, ""value"": ""03/12/24"", ""start"": 174, ""end"": 182}]","[{""id"": 311083, ""value"": ""yesterday"", ""start"": 275, ""end"": 284}]","[{""date"": ""02nd Oct 2024"", ""entity"": ""lymphoma"", ""date_id"": 308226, ""entity_id"": 300366}, {""date"": ""17/10/24"", ""entity"": ""gout"", ""date_id"": 308227, ""entity_id"": 300362}, {""date"": ""08/11/24"", ""entity"": ""hyperlipidemia"", ""date_id"": 308228, ""entity_id"": 300363}, {""date"": ""03/12/24"", ""entity"": ""hyperthyroidism"", ""date_id"": 308229, ""entity_id"": 300364}, {""date"": ""yesterday"", ""entity"": ""hyperthyroidism"", ""date_id"": 311083, ""entity_id"": 300364}]"
42,"X-ray (07/09/24): reveals bronchitis. imp: bronchitis

Initial assessment((15rd Sep 2024)): pt presents w/ cough. suspect Crohn's_disease

F/U (2024-10-10): resolved. new dx of hyperlipidemia observe and reassess

URGENT REVIEW (07th Nov 2024): shortness of breath. likely IBS

F/U (07th Dec 2024): unchanged. suspect IBS refer to Oncology Patient was diagnosed with ibs last year.","[{""id"": 300367, ""value"": ""X-ray"", ""cui"": ""placeholder_procedure_xray"", ""start"": 0, ""end"": 5}, {""id"": 300369, ""value"": ""bronchitis"", ""cui"": ""placeholder_diagnosis_bronchitis"", ""start"": 43, ""end"": 53}, {""id"": 300374, ""value"": ""cough"", ""cui"": ""placeholder_sym_cough"", ""start"": 107, ""end"": 112}, {""id"": 300370, ""value"": ""hyperlipidemia"", ""cui"": ""placeholder_diagnosis_hyperlipidemia"", ""start"": 177, ""end"": 191}, {""id"": 300371, ""value"": ""ibs"", ""cui"": ""placeholder_diagnosis_ibs"", ""start"": 273, ""end"": 276}, {""id"": 300372, ""value"": ""ibs"", ""cui"": ""placeholder_diagnosis_ibs"", ""start"": 318, ""end"": 321}]","[{""id"": 308230, ""value"": ""07/09/24"", ""start"": 7, ""end"": 15}, {""id"": 308231, ""value"": ""(15rd Sep 2024"", ""start"": 74, ""end"": 88}, {""id"": 308232, ""value"": ""2024-10-10"", ""start"": 144, ""end"": 154}, {""id"": 308233, ""value"": ""07th Nov 2024"", ""start"": 229, ""end"": 242}, {""id"": 308234, ""value"": ""07th Dec 2024"", ""start"": 283, ""end"": 296}]","[{""id"": 311085, ""value"": ""last year"", ""start"": 371, ""end"": 380}]","[{""date"": ""07/09/24"", ""entity"": ""X-ray"", ""date_id"": 308230, ""entity_id"": 300367}, {""date"": ""07/09/24"", ""entity"": ""bronchitis"", ""date_id"": 308230, ""entity_id"": 300369}, {""date"": ""(15rd Sep 2024"", ""entity"": ""cough"", ""date_id"": 308231, ""entity_id"": 300374}, {""date"": ""2024-10-10"", ""entity"": ""hyperlipidemia"", ""date_id"": 308232, ""entity_id"": 300370}, {""date"": ""07th Nov 2024"", ""entity"": ""ibs"", ""date_id"": 308233, ""entity_id"": 300371}, {""date"": ""07th Dec 2024"", ""entity"": ""ibs"", ""date_id"": 308234, ""entity_id"": 300372}, {""date"": ""last year"", ""entity"": ""ibs"", ""date_id"": 311085, ""entity_id"": 300372}]"
43,"CLINIC VISIT (18 May 2024): joint pain remission new dx of anxiety increase dose

New pt((2024-05-27)): pt presents w/ visual changes.new dx of hypertension

URGENT REVIEW (15nd Jul 2024): visual changes.rule out osteoarthritis

Initial assessment((27st Aug 2024)): pt presents w/ cough.suspect pituitary_adenoma

Labs (28 Sep 2024): WBC elevated.resolving adrenal_insufficiency

CLINIC VISIT (03rd Oct 2024): excessive thirst slightly improved new dx of prolactinoma taper medication

F/U (04th Nov 2024): stable.resolving hypertension admit to hospital Patient was diagnosed with hypertension two weeks ago.","[{""id"": 300384, ""value"": ""joint pain"", ""cui"": ""placeholder_sym_joint_pain"", ""start"": 28, ""end"": 38}, {""id"": 300385, ""value"": ""pain"", ""cui"": ""placeholder_sym_pain"", ""start"": 34, ""end"": 38}, {""id"": 300376, ""value"": ""anxiety"", ""cui"": ""placeholder_diagnosis_anxiety"", ""start"": 59, ""end"": 66}, {""id"": 300377, ""value"": ""hypertension"", ""cui"": ""placeholder_diagnosis_hypertension"", ""start"": 144, ""end"": 156}, {""id"": 300380, ""value"": ""osteoarthritis"", ""cui"": ""placeholder_diagnosis_osteoarthritis"", ""start"": 213, ""end"": 227}, {""id"": 300383, ""value"": ""cough"", ""cui"": ""placeholder_sym_cough"", ""start"": 281, ""end"": 286}, {""id"": 300381, ""value"": ""pituitary_adenoma"", ""cui"": ""placeholder_diagnosis_pituitary_adenoma"", ""start"": 295, ""end"": 312}, {""id"": 300375, ""value"": ""adrenal_insufficiency"", ""cui"": ""placeholder_diagnosis_adrenal_insufficiency"", ""start"": 357, ""end"": 378}, {""id"": 300382, ""value"": ""prolactinoma"", ""cui"": ""placeholder_diagnosis_prolactinoma"", ""start"": 455, ""end"": 467}, {""id"": 300378, ""value"": ""hypertension"", ""cui"": ""placeholder_diagnosis_hypertension"", ""start"": 524, ""end"": 536}]","[{""id"": 308235, ""value"": ""18 May 2024"", ""start"": 14, ""end"": 25}, {""id"": 308236, ""value"": ""(2024-05-27"", ""start"": 89, ""end"": 100}, {""id"": 308237, ""value"": ""15nd Jul 2024"", ""start"": 173, ""end"": 186}, {""id"": 308238, ""value"": ""(27st Aug 2024"", ""start"": 248, ""end"": 262}, {""id"": 308239, ""value"": ""28 Sep 2024"", ""start"": 320, ""end"": 331}, {""id"": 308240, ""value"": ""03rd Oct 2024"", ""start"": 394, ""end"": 407}, {""id"": 308241, ""value"": ""04th Nov 2024"", ""start"": 491, ""end"": 504}]","[{""id"": 311087, ""value"": ""two weeks ago"", ""start"": 595, ""end"": 608}]","[{""date"": ""18 May 2024"", ""entity"": ""anxiety"", ""date_id"": 308235, ""entity_id"": 300376}, {""date"": ""(2024-05-27"", ""entity"": ""hypertension"", ""date_id"": 308236, ""entity_id"": 300377}, {""date"": ""(27st Aug 2024"", ""entity"": ""pituitary_adenoma"", ""date_id"": 308238, ""entity_id"": 300381}, {""date"": ""03rd Oct 2024"", ""entity"": ""prolactinoma"", ""date_id"": 308240, ""entity_id"": 300382}, {""date"": ""two weeks ago"", ""entity"": ""hypertension"", ""date_id"": 311087, ""entity_id"": 300378}]"
44,"CLINIC, VISIT (27.11.24): shortness of breath worsening suspect stroke taper medication

P;hone note((16nd Dec 2024)): worsening. refer to Rheumatology

CLINIC VISIT (30 Jan 2025): shortness of breath slightly improved rule out prolactinoma cont cur;rent medications

F/U (23rd Mar 2025): st,able. resolving prolactinoma observe and reassess Patient was diagnosed with prolactinoma yesterday.","[{""id"": 300389, ""value"": ""stroke"", ""cui"": ""placeholder_diagnosis_stroke"", ""start"": 64, ""end"": 70}, {""id"": 300386, ""value"": ""prolactinoma"", ""cui"": ""placeholder_diagnosis_prolactinoma"", ""start"": 228, ""end"": 240}, {""id"": 300387, ""value"": ""prolactinoma"", ""cui"": ""placeholder_diagnosis_prolactinoma"", ""start"": 308, ""end"": 320}]","[{""id"": 308242, ""value"": ""27.11.24"", ""start"": 15, ""end"": 23}, {""id"": 308243, ""value"": ""(16nd Dec 2024"", ""start"": 101, ""end"": 115}, {""id"": 308244, ""value"": ""30 Jan 2025"", ""start"": 167, ""end"": 178}, {""id"": 308245, ""value"": ""23rd Mar 2025"", ""start"": 273, ""end"": 286}]","[{""id"": 311089, ""value"": ""yesterday"", ""start"": 382, ""end"": 391}]","[{""date"": ""27.11.24"", ""entity"": ""stroke"", ""date_id"": 308242, ""entity_id"": 300389}, {""date"": ""23rd Mar 2025"", ""entity"": ""prolactinoma"", ""date_id"": 308245, ""entity_id"": 300387}, {""date"": ""yesterday"", ""entity"": ""prolactinoma"", ""date_id"": 311089, ""entity_id"": 300387}]"
45,"F/U (04/01/2025): stable.suspect pneumonia follow up in 6 months

URGENT REVIEW (10th Feb 2025): excessive thirst.suspect tension_headache

Phone note((26th Mar 2025)): improved.observe and reassess

New patient((31st Mar 2025)): pt presents w/ nausea/vomiting.likely myeloma Patient was diagnosed with myeloma last year.","[{""id"": 300392, ""value"": ""pneumonia"", ""cui"": ""placeholder_diagnosis_pneumonia"", ""start"": 33, ""end"": 42}, {""id"": 300393, ""value"": ""tension_headache"", ""cui"": ""placeholder_diagnosis_tension_headache"", ""start"": 122, ""end"": 138}, {""id"": 300397, ""value"": ""headache"", ""cui"": ""placeholder_sym_headache"", ""start"": 130, ""end"": 138}, {""id"": 300394, ""value"": ""nausea/vomiting"", ""cui"": ""placeholder_sym_nausea_vomiting"", ""start"": 245, ""end"": 260}, {""id"": 300395, ""value"": ""nausea"", ""cui"": ""placeholder_sym_nausea"", ""start"": 245, ""end"": 251}, {""id"": 300396, ""value"": ""vomiting"", ""cui"": ""placeholder_sym_vomiting"", ""start"": 252, ""end"": 260}, {""id"": 300390, ""value"": ""myeloma"", ""cui"": ""placeholder_diagnosis_myeloma"", ""start"": 268, ""end"": 275}]","[{""id"": 308246, ""value"": ""04/01/2025"", ""start"": 5, ""end"": 15}, {""id"": 308247, ""value"": ""10th Feb 2025"", ""start"": 81, ""end"": 94}, {""id"": 308248, ""value"": ""(26th Mar 2025"", ""start"": 151, ""end"": 165}, {""id"": 308249, ""value"": ""(31st Mar 2025"", ""start"": 212, ""end"": 226}]","[{""id"": 311091, ""value"": ""last year"", ""start"": 311, ""end"": 320}]","[{""date"": ""04/01/2025"", ""entity"": ""pneumonia"", ""date_id"": 308246, ""entity_id"": 300392}, {""date"": ""10th Feb 2025"", ""entity"": ""tension_headache"", ""date_id"": 308247, ""entity_id"": 300393}, {""date"": ""(31st Mar 2025"", ""entity"": ""myeloma"", ""date_id"": 308249, ""entity_id"": 300390}, {""date"": ""last year"", ""entity"": ""myeloma"", ""date_id"": 311091, ""entity_id"": 300390}]"
46,"F/U (14/06/24): unchanged. resolving prolactinoma increase dose

CLINIC VISIT (28th Jun 2024): rash fluctuating consistent w/ fibromyalgia schedule MRI

Initial assessment((2024-07-08)): pt presents w/ dizziness. unclear etiology, could be ulcerative_colitis vs multiple_sclerosis

F/U (21.08.24): stable. likely fibromyalgia f/u in 6 months

X-ray (19-10-2024): reveals anemia. imp: anemia

CLINIC VISIT (01st Nov 2024): rash relapse suspect asthma cont current medications

F/U (04/11/24): improved. confirmed COPD taper medication

Labs (20/11/24): elevated prolactin. likely hyperthyroidism Patient was diagnosed with hyperthyroidism two weeks ago.","[{""id"": 300408, ""value"": ""prolactinoma"", ""cui"": ""placeholder_diagnosis_prolactinoma"", ""start"": 37, ""end"": 49}, {""id"": 300403, ""value"": ""fibromyalgia"", ""cui"": ""placeholder_diagnosis_fibromyalgia"", ""start"": 126, ""end"": 138}, {""id"": 300410, ""value"": ""dizziness"", ""cui"": ""placeholder_sym_dizziness"", ""start"": 202, ""end"": 211}, {""id"": 300409, ""value"": ""ulcerative_colitis"", ""cui"": ""placeholder_diagnosis_ulcerative_colitis"", ""start"": 240, ""end"": 258}, {""id"": 300407, ""value"": ""multiple_sclerosis"", ""cui"": ""placeholder_diagnosis_multiple_sclerosis"", ""start"": 262, ""end"": 280}, {""id"": 300404, ""value"": ""fibromyalgia"", ""cui"": ""placeholder_diagnosis_fibromyalgia"", ""start"": 313, ""end"": 325}, {""id"": 300398, ""value"": ""X-ray"", ""cui"": ""placeholder_procedure_xray"", ""start"": 343, ""end"": 348}, {""id"": 300400, ""value"": ""anemia"", ""cui"": ""placeholder_diagnosis_anemia"", ""start"": 384, ""end"": 390}, {""id"": 300401, ""value"": ""asthma"", ""cui"": ""placeholder_diagnosis_asthma"", ""start"": 443, ""end"": 449}, {""id"": 300402, ""value"": ""copd"", ""cui"": ""placeholder_diagnosis_copd"", ""start"": 512, ""end"": 516}, {""id"": 300405, ""value"": ""hyperthyroidism"", ""cui"": ""placeholder_diagnosis_hyperthyroidism"", ""start"": 579, ""end"": 594}]","[{""id"": 308250, ""value"": ""14/06/24"", ""start"": 5, ""end"": 13}, {""id"": 308251, ""value"": ""28th Jun 2024"", ""start"": 79, ""end"": 92}, {""id"": 308252, ""value"": ""(2024-07-08"", ""start"": 172, ""end"": 183}, {""id"": 308253, ""value"": ""21.08.24"", ""start"": 287, ""end"": 295}, {""id"": 308254, ""value"": ""19-10-2024"", ""start"": 350, ""end"": 360}, {""id"": 308255, ""value"": ""01st Nov 2024"", ""start"": 406, ""end"": 419}, {""id"": 308256, ""value"": ""04/11/24"", ""start"": 481, ""end"": 489}, {""id"": 308257, ""value"": ""20/11/24"", ""start"": 541, ""end"": 549}]","[{""id"": 311093, ""value"": ""two weeks ago"", ""start"": 638, ""end"": 651}]","[{""date"": ""14/06/24"", ""entity"": ""prolactinoma"", ""date_id"": 308250, ""entity_id"": 300408}, {""date"": ""28th Jun 2024"", ""entity"": ""fibromyalgia"", ""date_id"": 308251, ""entity_id"": 300403}, {""date"": ""(2024-07-08)"", ""entity"": ""ulcerative_colitis"", ""date_id"": 308252, ""entity_id"": 300409}, {""date"": ""(2024-07-08)"", ""entity"": ""multiple_sclerosis"", ""date_id"": 308252, ""entity_id"": 300407}, {""date"": ""21.08.24"", ""entity"": ""fibromyalgia"", ""date_id"": 308253, ""entity_id"": 300404}, {""date"": ""19-10-2024"", ""entity"": ""anemia"", ""date_id"": 308254, ""entity_id"": 300400}, {""date"": ""01st Nov 2024"", ""entity"": ""asthma"", ""date_id"": 308255, ""entity_id"": 300401}, {""date"": ""04/11/24"", ""entity"": ""copd"", ""date_id"": 308256, ""entity_id"": 300402}, {""date"": ""20/11/24"", ""entity"": ""hyperthyroidism"", ""date_id"": 308257, ""entity_id"": 300405}, {""date"": ""two weeks ago"", ""entity"": ""hyperthyroidism"", ""date_id"": 311093, ""entity_id"": 300405}]"
47,"F/U (21 Nov'24): worsening. consistent w/ gout switch to ibuprofen

Labs (10/12/2024): elevated CRP. likely leukemia

CT (06rd Feb 2025): no significant findings. imp: macroadenoma

Ultrasound (07/03/2025): consistent w/ tension_headache. imp: tension_headache Patient was diagnosed with tension_headache yesterday.","[{""id"": 300413, ""value"": ""gout"", ""cui"": ""placeholder_diagnosis_gout"", ""start"": 42, ""end"": 46}, {""id"": 300419, ""value"": ""ibuprofen"", ""cui"": ""placeholder_med_ibuprofen"", ""start"": 57, ""end"": 66}, {""id"": 300414, ""value"": ""leukemia"", ""cui"": ""placeholder_diagnosis_leukemia"", ""start"": 108, ""end"": 116}, {""id"": 300411, ""value"": ""CT"", ""cui"": ""placeholder_procedure_ct"", ""start"": 118, ""end"": 120}, {""id"": 300415, ""value"": ""macroadenoma"", ""cui"": ""placeholder_diagnosis_macroadenoma"", ""start"": 168, ""end"": 180}, {""id"": 300412, ""value"": ""Ultrasound"", ""cui"": ""placeholder_procedure_ultrasound"", ""start"": 182, ""end"": 192}, {""id"": 300417, ""value"": ""tension_headache"", ""cui"": ""placeholder_diagnosis_tension_headache"", ""start"": 244, ""end"": 260}, {""id"": 300421, ""value"": ""headache"", ""cui"": ""placeholder_sym_headache"", ""start"": 252, ""end"": 260}]","[{""id"": 308258, ""value"": ""21 Nov'24"", ""start"": 5, ""end"": 14}, {""id"": 308259, ""value"": ""10/12/2024"", ""start"": 74, ""end"": 84}, {""id"": 308260, ""value"": ""06rd Feb 2025"", ""start"": 122, ""end"": 135}, {""id"": 308261, ""value"": ""07/03/2025"", ""start"": 194, ""end"": 204}]","[{""id"": 311095, ""value"": ""yesterday"", ""start"": 305, ""end"": 314}]","[{""date"": ""21 Nov'24"", ""entity"": ""gout"", ""date_id"": 308258, ""entity_id"": 300413}, {""date"": ""21 Nov'24"", ""entity"": ""ibuprofen"", ""date_id"": 308258, ""entity_id"": 300419}, {""date"": ""10/12/2024"", ""entity"": ""leukemia"", ""date_id"": 308259, ""entity_id"": 300414}, {""date"": ""06rd Feb 2025"", ""entity"": ""macroadenoma"", ""date_id"": 308260, ""entity_id"": 300415}, {""date"": ""07/03/2025"", ""entity"": ""tension_headache"", ""date_id"": 308261, ""entity_id"": 300417}, {""date"": ""yesterday"", ""entity"": ""tension_headache"", ""date_id"": 311095, ""entity_id"": 300417}]"
48,"Labs (25st Nov 2024): normal CBC.rule out stroke

CLINIC VISIT (09.12.24): fever progressive likely gout taper medication

Psychiatry CONSULT (2025-01-22): likely hypertension refer to Rheumatology

Ultrasound (22.02.25): no significant findings.imp: epilepsy

Evaluation((11st Mar 2025)): pt presents w/ mood changes.new dx of cluster_headache

Phone note((11 Apr'25)): remission.f/u in 3 months

Internal Medicine CONSULT (20.04.25): suspect schizophrenia taper medication

Consult((25/04/25)): pt presents w/ fatigue.rule out pituitary_adenoma Patient was diagnosed with pituitary_adenoma last year.","[{""id"": 300431, ""value"": ""stroke"", ""cui"": ""placeholder_diagnosis_stroke"", ""start"": 42, ""end"": 48}, {""id"": 300433, ""value"": ""fever"", ""cui"": ""placeholder_sym_fever"", ""start"": 75, ""end"": 80}, {""id"": 300426, ""value"": ""gout"", ""cui"": ""placeholder_diagnosis_gout"", ""start"": 100, ""end"": 104}, {""id"": 300427, ""value"": ""hypertension"", ""cui"": ""placeholder_diagnosis_hypertension"", ""start"": 163, ""end"": 175}, {""id"": 300423, ""value"": ""Ultrasound"", ""cui"": ""placeholder_procedure_ultrasound"", ""start"": 199, ""end"": 209}, {""id"": 300425, ""value"": ""epilepsy"", ""cui"": ""placeholder_diagnosis_epilepsy"", ""start"": 251, ""end"": 259}, {""id"": 300424, ""value"": ""cluster_headache"", ""cui"": ""placeholder_diagnosis_cluster_headache"", ""start"": 328, ""end"": 344}, {""id"": 300432, ""value"": ""headache"", ""cui"": ""placeholder_sym_headache"", ""start"": 336, ""end"": 344}, {""id"": 300430, ""value"": ""schizophrenia"", ""cui"": ""placeholder_diagnosis_schizophrenia"", ""start"": 444, ""end"": 457}, {""id"": 300434, ""value"": ""fatigue"", ""cui"": ""placeholder_sym_fatigue"", ""start"": 512, ""end"": 519}, {""id"": 300429, ""value"": ""pituitary_adenoma"", ""cui"": ""placeholder_diagnosis_pituitary_adenoma"", ""start"": 574, ""end"": 591}]","[{""id"": 308262, ""value"": ""25st Nov 2024"", ""start"": 6, ""end"": 19}, {""id"": 308263, ""value"": ""09.12.24"", ""start"": 64, ""end"": 72}, {""id"": 308264, ""value"": ""2025-01-22"", ""start"": 143, ""end"": 153}, {""id"": 308265, ""value"": ""22.02.25"", ""start"": 211, ""end"": 219}, {""id"": 308266, ""value"": ""(11st Mar 2025"", ""start"": 272, ""end"": 286}, {""id"": 308267, ""value"": ""(11 Apr'25"", ""start"": 357, ""end"": 367}, {""id"": 308268, ""value"": ""20.04.25"", ""start"": 425, ""end"": 433}, {""id"": 308269, ""value"": ""(25/04/25"", ""start"": 484, ""end"": 493}]","[{""id"": 311097, ""value"": ""last year"", ""start"": 592, ""end"": 601}]","[{""date"": ""09.12.24"", ""entity"": ""fever"", ""date_id"": 308263, ""entity_id"": 300433}, {""date"": ""09.12.24"", ""entity"": ""gout"", ""date_id"": 308263, ""entity_id"": 300426}, {""date"": ""2025-01-22"", ""entity"": ""hypertension"", ""date_id"": 308264, ""entity_id"": 300427}, {""date"": ""22.02.25"", ""entity"": ""epilepsy"", ""date_id"": 308265, ""entity_id"": 300425}, {""date"": ""(11st Mar 2025)"", ""entity"": ""cluster_headache"", ""date_id"": 308266, ""entity_id"": 300424}, {""date"": ""20.04.25"", ""entity"": ""schizophrenia"", ""date_id"": 308268, ""entity_id"": 300430}, {""date"": ""(25/04/25)"", ""entity"": ""fatigue"", ""date_id"": 308269, ""entity_id"": 300434}, {""date"": ""last year"", ""entity"": ""pituitary_adenoma"", ""date_id"": 311097, ""entity_id"": 300429}]"
49,"X-ray (2024-09-18): evidence of atrophy. imp: migraine

F/U (05 Oct'24): worsening. resolving fibromyalgia observe and reassess

MRI (13/11/2024): reveals hyperlipidemia. imp: hyperlipidemia

URGENT REVIEW (01st Jan 2025): nausea/vomiting. confirmed stroke

F/U (05-01-2025): unchanged. resolving asthma schedule CT

PET scan (16st Feb 2025): evidence of stenosis. imp: myeloma

PET scan (05-03-2025): no significant findings. imp: Parkinson's_disease Patient was diagnosed with myeloma two weeks ago.","[{""id"": 300435, ""value"": ""X-ray"", ""cui"": ""placeholder_procedure_xray"", ""start"": 0, ""end"": 5}, {""id"": 300441, ""value"": ""migraine"", ""cui"": ""placeholder_diagnosis_migraine"", ""start"": 46, ""end"": 54}, {""id"": 300438, ""value"": ""fibromyalgia"", ""cui"": ""placeholder_diagnosis_fibromyalgia"", ""start"": 94, ""end"": 106}, {""id"": 300436, ""value"": ""MRI"", ""cui"": ""placeholder_procedure_mri"", ""start"": 129, ""end"": 132}, {""id"": 300440, ""value"": ""hyperlipidemia"", ""cui"": ""placeholder_diagnosis_hyperlipidemia"", ""start"": 176, ""end"": 190}, {""id"": 300445, ""value"": ""nausea/vomiting"", ""cui"": ""placeholder_sym_nausea_vomiting"", ""start"": 223, ""end"": 238}, {""id"": 300446, ""value"": ""nausea"", ""cui"": ""placeholder_sym_nausea"", ""start"": 223, ""end"": 229}, {""id"": 300447, ""value"": ""vomiting"", ""cui"": ""placeholder_sym_vomiting"", ""start"": 230, ""end"": 238}, {""id"": 300444, ""value"": ""stroke"", ""cui"": ""placeholder_diagnosis_stroke"", ""start"": 250, ""end"": 256}, {""id"": 300437, ""value"": ""asthma"", ""cui"": ""placeholder_diagnosis_asthma"", ""start"": 297, ""end"": 303}, {""id"": 300442, ""value"": ""myeloma"", ""cui"": ""placeholder_diagnosis_myeloma"", ""start"": 370, ""end"": 377}, {""id"": 300443, ""value"": ""myeloma"", ""cui"": ""placeholder_diagnosis_myeloma"", ""start"": 479, ""end"": 486}]","[{""id"": 308270, ""value"": ""2024-09-18"", ""start"": 7, ""end"": 17}, {""id"": 308271, ""value"": ""05 Oct'24"", ""start"": 61, ""end"": 70}, {""id"": 308272, ""value"": ""13/11/2024"", ""start"": 134, ""end"": 144}, {""id"": 308273, ""value"": ""01st Jan 2025"", ""start"": 207, ""end"": 220}, {""id"": 308274, ""value"": ""05-01-2025"", ""start"": 263, ""end"": 273}, {""id"": 308275, ""value"": ""16st Feb 2025"", ""start"": 327, ""end"": 340}, {""id"": 308276, ""value"": ""05-03-2025"", ""start"": 389, ""end"": 399}]","[{""id"": 311099, ""value"": ""two weeks ago"", ""start"": 487, ""end"": 500}]","[{""date"": ""2024-09-18"", ""entity"": ""migraine"", ""date_id"": 308270, ""entity_id"": 300441}, {""date"": ""13/11/2024"", ""entity"": ""hyperlipidemia"", ""date_id"": 308272, ""entity_id"": 300440}, {""date"": ""01st Jan 2025"", ""entity"": ""stroke"", ""date_id"": 308273, ""entity_id"": 300444}, {""date"": ""01st Jan 2025"", ""entity"": ""nausea/vomiting"", ""date_id"": 308273, ""entity_id"": 300445}, {""date"": ""16st Feb 2025"", ""entity"": ""myeloma"", ""date_id"": 308275, ""entity_id"": 300442}, {""date"": ""two weeks ago"", ""entity"": ""myeloma"", ""date_id"": 311099, ""entity_id"": 300442}]"
